<!DOCTYPE ui:UiBinder SYSTEM "http://dl.google.com/gwt/DTD/xhtml.ent">
<ui:UiBinder xmlns:ui="urn:ui:com.google.gwt.uibinder"
	xmlns:g="urn:import:com.google.gwt.user.client.ui">
	<ui:style>
	
	</ui:style>
	<g:HTMLPanel ui:field="panel" styleName="widget-box">
		<div class="boxContents boxContents-pages">
			<div class="pagesPanel">
				<a class="pagesPanelTab" ui:field="mainTab">Main</a>
				<a class="pagesPanelTab" ui:field="commonsTab">Commons</a>
			</div>
			
			<div class="pagesList boxList navigation" ui:field="main"></div>
			
			<div class="pagesList boxList commons" ui:field="commons"></div>
			
		</div>
		<div class="boxName">
			<span ui:field="boxTitle"></span>
			<a class="expandBtn expandBtn-pages expanded"></a>
		</div>
	</g:HTMLPanel>
</ui:UiBinder> 