[
  {
    "pk": 2, 
    "model": "contenttypes.contenttype", 
    "fields": {
      "model": "space", 
      "name": "space", 
      "app_label": "spaces"
    }
  }, 
  {
    "pk": 5, 
    "model": "contenttypes.contenttype", 
    "fields": {
      "model": "spaceaccess", 
      "name": "space access", 
      "app_label": "spaces"
    }
  }, 
  {
    "pk": 1, 
    "model": "auth.user", 
    "fields": {
      "username": "kgebert", 
      "first_name": "", 
      "last_name": "", 
      "is_active": true, 
      "idxf_email_l_iexact": "karol.gebert@solwit.com", 
      "idxf_username_l_iexact": "kgebert", 
      "is_superuser": true, 
      "is_staff": true, 
      "last_login": "2013-06-03 09:02:12", 
      "groups": [], 
      "user_permissions": [], 
      "password": "sha1$b5c91$a6bf465777e64f67fd43e857722716427a547f99", 
      "email": "karol.gebert@solwit.com", 
      "date_joined": "2013-05-22 10:16:04"
    }
  }, 
  {
    "pk": 15, 
    "model": "auth.user", 
    "fields": {
      "username": "test", 
      "first_name": "", 
      "last_name": "", 
      "is_active": true, 
      "idxf_email_l_iexact": "test@test.pl", 
      "idxf_username_l_iexact": "test", 
      "is_superuser": false, 
      "is_staff": false, 
      "last_login": "2013-05-24 08:57:41", 
      "groups": [], 
      "user_permissions": [], 
      "password": "sha1$01493$76ef2e2066457a9fecf207df9e2f8fa13d06662f", 
      "email": "test@test.pl", 
      "date_joined": "2013-05-22 08:18:39"
    }
  }, 
  {
    "pk": 19, 
    "model": "auth.user", 
    "fields": {
      "username": "test2", 
      "first_name": "", 
      "last_name": "", 
      "is_active": true, 
      "idxf_email_l_iexact": "test@test.pl", 
      "idxf_username_l_iexact": "test2", 
      "is_superuser": false, 
      "is_staff": false, 
      "last_login": "2013-05-24 12:51:56", 
      "groups": [], 
      "user_permissions": [], 
      "password": "sha1$71c8d$b3869d51ea90c579e95cdbf26d9312901bba01c7", 
      "email": "test@test.pl", 
      "date_joined": "2013-05-22 08:19:27"
    }
  }, 
  {
    "pk": "9d75e07480bca3b398cdc47064ec446e", 
    "model": "sessions.session", 
    "fields": {
      "expire_date": "2013-06-06 06:56:29", 
      "session_data": "YzYxYmU0ZmE1ODM3ODhlZDkzMjlhNTJmMmM0MjUxYWU4NjkwMTJjMjqAAn1xAChVDHRva2VuX2Vk\naXRvcnEBVQUyaGwxMnECVQ1fYXV0aF91c2VyX2lkcQOKAQFVD19zZXNzaW9uX2V4cGlyeXEESwBV\nEl9hdXRoX3VzZXJfYmFja2VuZHEFVSlkamFuZ28uY29udHJpYi5hdXRoLmJhY2tlbmRzLk1vZGVs\nQmFja2VuZHEGdS4=\n"
    }
  }, 
  {
    "pk": "b9638c1630242c2b35d7dddcbc92a213", 
    "model": "sessions.session", 
    "fields": {
      "expire_date": "2013-06-06 12:17:52", 
      "session_data": "NTE5NDA2NDUzYWQ4N2Y0NDg0ZjRjNTZlZTVmMTZjY2RjOWQ5Njk1MDqAAn1xAC4=\n"
    }
  }, 
  {
    "pk": "d5950d614bc38d47392fe1bb3dca92a4", 
    "model": "sessions.session", 
    "fields": {
      "expire_date": "2013-06-07 13:12:05", 
      "session_data": "NGMxYTBiZTM2ZmNlYzljMzdlMTFmNzQ4MDZhYmY0MDE2MDg1MjM2MTqAAn1xAChVDV9hdXRoX3Vz\nZXJfaWRxAYoBE1UMdG9rZW5fZWRpdG9ycQJVBWpuN3p0cQNVEl9hdXRoX3VzZXJfYmFja2VuZHEE\nVSlkamFuZ28uY29udHJpYi5hdXRoLmJhY2tlbmRzLk1vZGVsQmFja2VuZHEFVQ1sYXN0X3NwYWNl\nX2lkcQaKAQ1VD19zZXNzaW9uX2V4cGlyeXEHSwBVD2xhc3RfcHJvamVjdF9pZHEIfXEJigENigEZ\nc3Uu\n"
    }
  }, 
  {
    "pk": "dc39b2ad6c5bc55164d25bcca4aa8516", 
    "model": "sessions.session", 
    "fields": {
      "expire_date": "2013-06-17 09:35:26", 
      "session_data": "Mzk1ZmY4M2NhOGIyYTE2NjVkZDI0MDBjNDVlMjI4ZGRkY2YyNjIyNjqAAn1xAChVDHRva2VuX2Vk\naXRvcnEBVQV5ODhRMXECVQ9fc2Vzc2lvbl9leHBpcnlxA0sAVQ1fYXV0aF91c2VyX2lkcQSKAQFV\nEl9hdXRoX3VzZXJfYmFja2VuZHEFVSlkamFuZ28uY29udHJpYi5hdXRoLmJhY2tlbmRzLk1vZGVs\nQmFja2VuZHEGdS4=\n"
    }
  }, 
  {
    "pk": "e61bf1e1414a4287d2164837f7c72c8b", 
    "model": "sessions.session", 
    "fields": {
      "expire_date": "2013-06-05 12:27:24", 
      "session_data": "NTE5NDA2NDUzYWQ4N2Y0NDg0ZjRjNTZlZTVmMTZjY2RjOWQ5Njk1MDqAAn1xAC4=\n"
    }
  }, 
  {
    "pk": "e9a50f67796df6c7aed47c9201f4010a", 
    "model": "sessions.session", 
    "fields": {
      "expire_date": "2013-06-11 08:55:12", 
      "session_data": "NTE5NDA2NDUzYWQ4N2Y0NDg0ZjRjNTZlZTVmMTZjY2RjOWQ5Njk1MDqAAn1xAC4=\n"
    }
  }, 
  {
    "pk": "f78771004ff3f7239544727f059b7b5d", 
    "model": "sessions.session", 
    "fields": {
      "expire_date": "2013-06-10 11:16:25", 
      "session_data": "ZmU3MzFlNDY3YmZkNDBjZTliOTFmMjExNTg5YWVmMjY1OTRkN2RhMzqAAn1xAChVDV9hdXRoX3Vz\nZXJfaWRxAYoBAVUMdG9rZW5fZWRpdG9ycQJVBUkwWkxncQNVEl9hdXRoX3VzZXJfYmFja2VuZHEE\nVSlkamFuZ28uY29udHJpYi5hdXRoLmJhY2tlbmRzLk1vZGVsQmFja2VuZHEFVQ1sYXN0X3NwYWNl\nX2lkcQaKAQ1VD19zZXNzaW9uX2V4cGlyeXEHSwBVD2xhc3RfcHJvamVjdF9pZHEIfXEJigENigEZ\nc3Uu\n"
    }
  }, 
  {
    "pk": 30, 
    "model": "search.relationindex_mycontent_content_search_index", 
    "fields": {
      "is_featured": false, 
      "idxf_spaces_path_l_contains": [
        "21", 
        "1"
      ], 
      "spaces": [
        "21"
      ], 
      "file": 29, 
      "description": "", 
      "modified_date": "2013-05-22 08:24:50", 
      "title": "test2 lesson 1", 
      "tags": "", 
      "public_version": null, 
      "xliff_file": null, 
      "version": 0, 
      "short_description": "", 
      "big_icon_href": null, 
      "icon_href": null, 
      "is_globally_public": false, 
      "view_count": 0, 
      "content_type": 1, 
      "is_public": false, 
      "associated_content": null, 
      "is_deleted": false, 
      "name": null, 
      "search_index_search_list_field": [
        "1", 
        "lesson", 
        "test2"
      ], 
      "author": 19, 
      "is_template": false, 
      "passing_score": 0, 
      "spaces_path": "21", 
      "created_date": "2013-05-22 08:24:49", 
      "original": null
    }
  }, 
  {
    "pk": 35, 
    "model": "search.relationindex_mycontent_content_search_index", 
    "fields": {
      "is_featured": false, 
      "idxf_spaces_path_l_contains": [
        "3"
      ], 
      "spaces": [
        "3"
      ], 
      "file": 327, 
      "description": "", 
      "modified_date": "2013-06-03 09:35:26", 
      "title": "kgebert lesson 1", 
      "tags": "", 
      "public_version": null, 
      "xliff_file": null, 
      "version": 0, 
      "short_description": "", 
      "big_icon_href": null, 
      "icon_href": null, 
      "is_globally_public": false, 
      "view_count": 0, 
      "content_type": 1, 
      "is_public": false, 
      "associated_content": null, 
      "is_deleted": false, 
      "name": null, 
      "search_index_search_list_field": [
        "1", 
        "lesson", 
        "kgebert"
      ], 
      "author": 1, 
      "is_template": false, 
      "passing_score": 0, 
      "spaces_path": "3", 
      "created_date": "2013-05-22 08:25:27", 
      "original": null
    }
  }, 
  {
    "pk": 40, 
    "model": "search.relationindex_mycontent_content_search_index", 
    "fields": {
      "is_featured": false, 
      "idxf_spaces_path_l_contains": [
        "8,13,25", 
        ",13,25", 
        "13,25", 
        "3,25", 
        ",25", 
        "25", 
        "5"
      ], 
      "spaces": [
        "8", 
        "13", 
        "25"
      ], 
      "file": 39, 
      "description": "", 
      "modified_date": "2013-05-22 08:28:10", 
      "title": "publication 1 lesson 1", 
      "tags": "", 
      "public_version": null, 
      "xliff_file": null, 
      "version": 0, 
      "short_description": "", 
      "big_icon_href": null, 
      "icon_href": null, 
      "is_globally_public": false, 
      "view_count": 3, 
      "content_type": 1, 
      "is_public": false, 
      "associated_content": null, 
      "is_deleted": false, 
      "name": null, 
      "search_index_search_list_field": [
        "1", 
        "lesson", 
        "public"
      ], 
      "author": 1, 
      "is_template": false, 
      "passing_score": 0, 
      "spaces_path": "8,13,25", 
      "created_date": "2013-05-22 08:28:10", 
      "original": null
    }
  }, 
  {
    "pk": 45, 
    "model": "search.relationindex_mycontent_content_search_index", 
    "fields": {
      "is_featured": false, 
      "idxf_spaces_path_l_contains": [
        "8,13,26", 
        ",13,26", 
        "13,26", 
        "3,26", 
        ",26", 
        "26", 
        "6"
      ], 
      "spaces": [
        "8", 
        "13", 
        "26"
      ], 
      "file": 44, 
      "description": "", 
      "modified_date": "2013-05-22 08:28:32", 
      "title": "publication 2 lesson 1", 
      "tags": "", 
      "public_version": null, 
      "xliff_file": null, 
      "version": 0, 
      "short_description": "", 
      "big_icon_href": null, 
      "icon_href": null, 
      "is_globally_public": false, 
      "view_count": 0, 
      "content_type": 1, 
      "is_public": false, 
      "associated_content": null, 
      "is_deleted": false, 
      "name": null, 
      "search_index_search_list_field": [
        "1", 
        "lesson", 
        "2", 
        "public"
      ], 
      "author": 1, 
      "is_template": false, 
      "passing_score": 0, 
      "spaces_path": "8,13,26", 
      "created_date": "2013-05-22 08:28:31", 
      "original": null
    }
  }, 
  {
    "pk": 144, 
    "model": "search.relationindex_mycontent_content_search_index", 
    "fields": {
      "is_featured": false, 
      "idxf_spaces_path_l_contains": [
        "3"
      ], 
      "spaces": [
        "3"
      ], 
      "file": 143, 
      "description": "At the end of this activity, students should be able to: 2013 recognise rational expressions. 2013 simplify rational expressions.", 
      "modified_date": "2013-05-23 06:52:47", 
      "title": "Rational Expressions", 
      "tags": "expressions, simplify, rational, recognise, Rational expressions", 
      "public_version": null, 
      "xliff_file": null, 
      "version": 0, 
      "short_description": "http://ltp.learnetic.com/page.php/resources/view_all?id=rational_expressions_recognise_simplify uc_m5_l072", 
      "big_icon_href": null, 
      "icon_href": "/file/serve/131", 
      "is_globally_public": false, 
      "view_count": 0, 
      "content_type": 1, 
      "is_public": false, 
      "associated_content": null, 
      "is_deleted": false, 
      "name": null, 
      "search_index_search_list_field": [
        "express", 
        "ration", 
        "simplifi", 
        "express", 
        "recognis", 
        "ration", 
        "be", 
        "simplifi", 
        "end", 
        "ration", 
        "to", 
        "this", 
        "of", 
        "abl", 
        "should", 
        "student", 
        "2013", 
        "at", 
        "recognis", 
        "activ", 
        "the", 
        "express"
      ], 
      "author": 1, 
      "is_template": false, 
      "passing_score": 0, 
      "spaces_path": "3", 
      "created_date": "2013-05-23 06:52:47", 
      "original": null
    }
  }, 
  {
    "pk": 232, 
    "model": "search.relationindex_mycontent_content_search_index", 
    "fields": {
      "is_featured": false, 
      "idxf_spaces_path_l_contains": [
        "3"
      ], 
      "spaces": [
        "3"
      ], 
      "file": 308, 
      "description": "At the end of this activity, students should be able to: 2013 recognise rational expressions. 2013 simplify rational expressions.", 
      "modified_date": "2013-05-27 11:15:44", 
      "title": "Rational Expressions", 
      "tags": "expressions, simplify, rational, recognise, Rational expressions", 
      "public_version": 231, 
      "xliff_file": null, 
      "version": 0, 
      "short_description": "http://ltp.learnetic.com/page.php/resources/view_all?id=rational_expressions_recognise_simplify uc_m5_l072", 
      "big_icon_href": null, 
      "icon_href": "/file/serve/219", 
      "is_globally_public": false, 
      "view_count": 1, 
      "content_type": 1, 
      "is_public": true, 
      "associated_content": null, 
      "is_deleted": false, 
      "name": null, 
      "search_index_search_list_field": [
        "express", 
        "ration", 
        "simplifi", 
        "express", 
        "recognis", 
        "ration", 
        "be", 
        "simplifi", 
        "end", 
        "ration", 
        "to", 
        "this", 
        "of", 
        "abl", 
        "should", 
        "student", 
        "2013", 
        "at", 
        "recognis", 
        "activ", 
        "the", 
        "express"
      ], 
      "author": 1, 
      "is_template": false, 
      "passing_score": 0, 
      "spaces_path": "3", 
      "created_date": "2013-05-23 06:56:33", 
      "original": null
    }
  }, 
  {
    "pk": 236, 
    "model": "search.relationindex_mycontent_content_search_index", 
    "fields": {
      "is_featured": false, 
      "idxf_spaces_path_l_contains": [
        "8,13,25", 
        ",13,25", 
        "13,25", 
        "3,25", 
        ",25", 
        "25", 
        "5"
      ], 
      "spaces": [
        "8", 
        "13", 
        "25"
      ], 
      "file": 267, 
      "description": "", 
      "modified_date": "2013-05-24 09:43:51", 
      "title": "Localized for publication 1 lesson 1", 
      "tags": "", 
      "public_version": null, 
      "xliff_file": 269, 
      "version": 0, 
      "short_description": "", 
      "big_icon_href": null, 
      "icon_href": null, 
      "is_globally_public": false, 
      "view_count": 0, 
      "content_type": 1, 
      "is_public": false, 
      "associated_content": null, 
      "is_deleted": false, 
      "name": null, 
      "search_index_search_list_field": [
        "1", 
        "lesson", 
        "for", 
        "local", 
        "public"
      ], 
      "author": 1, 
      "is_template": false, 
      "passing_score": 0, 
      "spaces_path": "8,13,25", 
      "created_date": "2013-05-24 09:43:11", 
      "original": 40
    }
  }, 
  {
    "pk": 240, 
    "model": "search.relationindex_mycontent_content_search_index", 
    "fields": {
      "is_featured": false, 
      "idxf_spaces_path_l_contains": [
        "8,13,25", 
        ",13,25", 
        "13,25", 
        "3,25", 
        ",25", 
        "25", 
        "5"
      ], 
      "spaces": [
        "8", 
        "13", 
        "25"
      ], 
      "file": 239, 
      "description": "", 
      "modified_date": "2013-05-24 09:43:16", 
      "title": "Localized for publication 1 lesson 1", 
      "tags": "", 
      "public_version": null, 
      "xliff_file": 242, 
      "version": 0, 
      "short_description": "", 
      "big_icon_href": null, 
      "icon_href": null, 
      "is_globally_public": false, 
      "view_count": 0, 
      "content_type": 1, 
      "is_public": false, 
      "associated_content": null, 
      "is_deleted": false, 
      "name": null, 
      "search_index_search_list_field": [
        "1", 
        "lesson", 
        "for", 
        "local", 
        "public"
      ], 
      "author": 1, 
      "is_template": false, 
      "passing_score": 0, 
      "spaces_path": "8,13,25", 
      "created_date": "2013-05-24 09:43:16", 
      "original": 40
    }
  }, 
  {
    "pk": 244, 
    "model": "search.relationindex_mycontent_content_search_index", 
    "fields": {
      "is_featured": false, 
      "idxf_spaces_path_l_contains": [
        "8,13,25", 
        ",13,25", 
        "13,25", 
        "3,25", 
        ",25", 
        "25", 
        "5"
      ], 
      "spaces": [
        "8", 
        "13", 
        "25"
      ], 
      "file": 243, 
      "description": "", 
      "modified_date": "2013-05-24 09:43:19", 
      "title": "Localized for publication 1 lesson 1", 
      "tags": "", 
      "public_version": null, 
      "xliff_file": 246, 
      "version": 0, 
      "short_description": "", 
      "big_icon_href": null, 
      "icon_href": null, 
      "is_globally_public": false, 
      "view_count": 0, 
      "content_type": 1, 
      "is_public": false, 
      "associated_content": null, 
      "is_deleted": false, 
      "name": null, 
      "search_index_search_list_field": [
        "1", 
        "lesson", 
        "for", 
        "local", 
        "public"
      ], 
      "author": 1, 
      "is_template": false, 
      "passing_score": 0, 
      "spaces_path": "8,13,25", 
      "created_date": "2013-05-24 09:43:19", 
      "original": 40
    }
  }, 
  {
    "pk": 248, 
    "model": "search.relationindex_mycontent_content_search_index", 
    "fields": {
      "is_featured": false, 
      "idxf_spaces_path_l_contains": [
        "8,13,25", 
        ",13,25", 
        "13,25", 
        "3,25", 
        ",25", 
        "25", 
        "5"
      ], 
      "spaces": [
        "8", 
        "13", 
        "25"
      ], 
      "file": 247, 
      "description": "", 
      "modified_date": "2013-05-24 09:43:23", 
      "title": "Localized for publication 1 lesson 1", 
      "tags": "", 
      "public_version": null, 
      "xliff_file": 250, 
      "version": 0, 
      "short_description": "", 
      "big_icon_href": null, 
      "icon_href": null, 
      "is_globally_public": false, 
      "view_count": 0, 
      "content_type": 1, 
      "is_public": false, 
      "associated_content": null, 
      "is_deleted": false, 
      "name": null, 
      "search_index_search_list_field": [
        "1", 
        "lesson", 
        "for", 
        "local", 
        "public"
      ], 
      "author": 1, 
      "is_template": false, 
      "passing_score": 0, 
      "spaces_path": "8,13,25", 
      "created_date": "2013-05-24 09:43:23", 
      "original": 40
    }
  }, 
  {
    "pk": 252, 
    "model": "search.relationindex_mycontent_content_search_index", 
    "fields": {
      "is_featured": false, 
      "idxf_spaces_path_l_contains": [
        "8,13,25", 
        ",13,25", 
        "13,25", 
        "3,25", 
        ",25", 
        "25", 
        "5"
      ], 
      "spaces": [
        "8", 
        "13", 
        "25"
      ], 
      "file": 251, 
      "description": "", 
      "modified_date": "2013-05-24 09:43:27", 
      "title": "Localized for publication 1 lesson 1", 
      "tags": "", 
      "public_version": null, 
      "xliff_file": 254, 
      "version": 0, 
      "short_description": "", 
      "big_icon_href": null, 
      "icon_href": null, 
      "is_globally_public": false, 
      "view_count": 0, 
      "content_type": 1, 
      "is_public": false, 
      "associated_content": null, 
      "is_deleted": false, 
      "name": null, 
      "search_index_search_list_field": [
        "1", 
        "lesson", 
        "for", 
        "local", 
        "public"
      ], 
      "author": 1, 
      "is_template": false, 
      "passing_score": 0, 
      "spaces_path": "8,13,25", 
      "created_date": "2013-05-24 09:43:27", 
      "original": 40
    }
  }, 
  {
    "pk": 256, 
    "model": "search.relationindex_mycontent_content_search_index", 
    "fields": {
      "is_featured": false, 
      "idxf_spaces_path_l_contains": [
        "8,13,25", 
        ",13,25", 
        "13,25", 
        "3,25", 
        ",25", 
        "25", 
        "5"
      ], 
      "spaces": [
        "8", 
        "13", 
        "25"
      ], 
      "file": 255, 
      "description": "", 
      "modified_date": "2013-05-24 09:43:32", 
      "title": "Localized for publication 1 lesson 1", 
      "tags": "", 
      "public_version": null, 
      "xliff_file": 258, 
      "version": 0, 
      "short_description": "", 
      "big_icon_href": null, 
      "icon_href": null, 
      "is_globally_public": false, 
      "view_count": 0, 
      "content_type": 1, 
      "is_public": false, 
      "associated_content": null, 
      "is_deleted": false, 
      "name": null, 
      "search_index_search_list_field": [
        "1", 
        "lesson", 
        "for", 
        "local", 
        "public"
      ], 
      "author": 1, 
      "is_template": false, 
      "passing_score": 0, 
      "spaces_path": "8,13,25", 
      "created_date": "2013-05-24 09:43:32", 
      "original": 40
    }
  }, 
  {
    "pk": 260, 
    "model": "search.relationindex_mycontent_content_search_index", 
    "fields": {
      "is_featured": false, 
      "idxf_spaces_path_l_contains": [
        "8,13,25", 
        ",13,25", 
        "13,25", 
        "3,25", 
        ",25", 
        "25", 
        "5"
      ], 
      "spaces": [
        "8", 
        "13", 
        "25"
      ], 
      "file": 259, 
      "description": "", 
      "modified_date": "2013-05-24 09:43:38", 
      "title": "Localized for publication 1 lesson 1", 
      "tags": "", 
      "public_version": null, 
      "xliff_file": 262, 
      "version": 0, 
      "short_description": "", 
      "big_icon_href": null, 
      "icon_href": null, 
      "is_globally_public": false, 
      "view_count": 0, 
      "content_type": 1, 
      "is_public": false, 
      "associated_content": null, 
      "is_deleted": false, 
      "name": null, 
      "search_index_search_list_field": [
        "1", 
        "lesson", 
        "for", 
        "local", 
        "public"
      ], 
      "author": 1, 
      "is_template": false, 
      "passing_score": 0, 
      "spaces_path": "8,13,25", 
      "created_date": "2013-05-24 09:43:38", 
      "original": 40
    }
  }, 
  {
    "pk": 264, 
    "model": "search.relationindex_mycontent_content_search_index", 
    "fields": {
      "is_featured": false, 
      "idxf_spaces_path_l_contains": [
        "8,13,25", 
        ",13,25", 
        "13,25", 
        "3,25", 
        ",25", 
        "25", 
        "5"
      ], 
      "spaces": [
        "8", 
        "13", 
        "25"
      ], 
      "file": 263, 
      "description": "", 
      "modified_date": "2013-05-24 09:43:47", 
      "title": "Localized for publication 1 lesson 1", 
      "tags": "", 
      "public_version": null, 
      "xliff_file": 266, 
      "version": 0, 
      "short_description": "", 
      "big_icon_href": null, 
      "icon_href": null, 
      "is_globally_public": false, 
      "view_count": 0, 
      "content_type": 1, 
      "is_public": false, 
      "associated_content": null, 
      "is_deleted": false, 
      "name": null, 
      "search_index_search_list_field": [
        "1", 
        "lesson", 
        "for", 
        "local", 
        "public"
      ], 
      "author": 1, 
      "is_template": false, 
      "passing_score": 0, 
      "spaces_path": "8,13,25", 
      "created_date": "2013-05-24 09:43:47", 
      "original": 40
    }
  }, 
  {
    "pk": 272, 
    "model": "search.relationindex_mycontent_content_search_index", 
    "fields": {
      "is_featured": false, 
      "idxf_spaces_path_l_contains": [
        "8,13,25", 
        ",13,25", 
        "13,25", 
        "3,25", 
        ",25", 
        "25", 
        "5"
      ], 
      "spaces": [
        "8", 
        "13", 
        "25"
      ], 
      "file": 271, 
      "description": "", 
      "modified_date": "2013-05-24 09:44:03", 
      "title": "Localized for publication 1 lesson 1", 
      "tags": "", 
      "public_version": null, 
      "xliff_file": 274, 
      "version": 0, 
      "short_description": "", 
      "big_icon_href": null, 
      "icon_href": null, 
      "is_globally_public": false, 
      "view_count": 0, 
      "content_type": 1, 
      "is_public": false, 
      "associated_content": null, 
      "is_deleted": false, 
      "name": null, 
      "search_index_search_list_field": [
        "1", 
        "lesson", 
        "for", 
        "local", 
        "public"
      ], 
      "author": 1, 
      "is_template": false, 
      "passing_score": 0, 
      "spaces_path": "8,13,25", 
      "created_date": "2013-05-24 09:44:03", 
      "original": 40
    }
  }, 
  {
    "pk": 276, 
    "model": "search.relationindex_mycontent_content_search_index", 
    "fields": {
      "is_featured": false, 
      "idxf_spaces_path_l_contains": [
        "8,13,25", 
        ",13,25", 
        "13,25", 
        "3,25", 
        ",25", 
        "25", 
        "5"
      ], 
      "spaces": [
        "8", 
        "13", 
        "25"
      ], 
      "file": 275, 
      "description": "", 
      "modified_date": "2013-05-24 09:44:32", 
      "title": "Localized for publication 1 lesson 1", 
      "tags": "", 
      "public_version": null, 
      "xliff_file": 278, 
      "version": 0, 
      "short_description": "", 
      "big_icon_href": null, 
      "icon_href": null, 
      "is_globally_public": false, 
      "view_count": 0, 
      "content_type": 1, 
      "is_public": false, 
      "associated_content": null, 
      "is_deleted": false, 
      "name": null, 
      "search_index_search_list_field": [
        "1", 
        "lesson", 
        "for", 
        "local", 
        "public"
      ], 
      "author": 1, 
      "is_template": false, 
      "passing_score": 0, 
      "spaces_path": "8,13,25", 
      "created_date": "2013-05-24 09:44:32", 
      "original": 40
    }
  }, 
  {
    "pk": 280, 
    "model": "search.relationindex_mycontent_content_search_index", 
    "fields": {
      "is_featured": false, 
      "idxf_spaces_path_l_contains": [
        "8,13,25", 
        ",13,25", 
        "13,25", 
        "3,25", 
        ",25", 
        "25", 
        "5"
      ], 
      "spaces": [
        "8", 
        "13", 
        "25"
      ], 
      "file": 279, 
      "description": "", 
      "modified_date": "2013-05-24 09:45:27", 
      "title": "Localized for publication 1 lesson 1", 
      "tags": "", 
      "public_version": null, 
      "xliff_file": 282, 
      "version": 0, 
      "short_description": "", 
      "big_icon_href": null, 
      "icon_href": null, 
      "is_globally_public": false, 
      "view_count": 0, 
      "content_type": 1, 
      "is_public": false, 
      "associated_content": null, 
      "is_deleted": false, 
      "name": null, 
      "search_index_search_list_field": [
        "1", 
        "lesson", 
        "for", 
        "local", 
        "public"
      ], 
      "author": 1, 
      "is_template": false, 
      "passing_score": 0, 
      "spaces_path": "8,13,25", 
      "created_date": "2013-05-24 09:45:27", 
      "original": 40
    }
  }, 
  {
    "pk": 284, 
    "model": "search.relationindex_mycontent_content_search_index", 
    "fields": {
      "is_featured": false, 
      "idxf_spaces_path_l_contains": [
        "8,13,25", 
        ",13,25", 
        "13,25", 
        "3,25", 
        ",25", 
        "25", 
        "5"
      ], 
      "spaces": [
        "8", 
        "13", 
        "25"
      ], 
      "file": 283, 
      "description": "", 
      "modified_date": "2013-05-24 09:47:12", 
      "title": "Localized for publication 1 lesson 1", 
      "tags": "", 
      "public_version": null, 
      "xliff_file": 286, 
      "version": 0, 
      "short_description": "", 
      "big_icon_href": null, 
      "icon_href": null, 
      "is_globally_public": false, 
      "view_count": 0, 
      "content_type": 1, 
      "is_public": false, 
      "associated_content": null, 
      "is_deleted": false, 
      "name": null, 
      "search_index_search_list_field": [
        "1", 
        "lesson", 
        "for", 
        "local", 
        "public"
      ], 
      "author": 1, 
      "is_template": false, 
      "passing_score": 0, 
      "spaces_path": "8,13,25", 
      "created_date": "2013-05-24 09:47:12", 
      "original": 40
    }
  }, 
  {
    "pk": 288, 
    "model": "search.relationindex_mycontent_content_search_index", 
    "fields": {
      "is_featured": false, 
      "idxf_spaces_path_l_contains": [
        "8,13,25", 
        ",13,25", 
        "13,25", 
        "3,25", 
        ",25", 
        "25", 
        "5"
      ], 
      "spaces": [
        "8", 
        "13", 
        "25"
      ], 
      "file": 287, 
      "description": "", 
      "modified_date": "2013-05-24 09:50:40", 
      "title": "Localized for publication 1 lesson 1", 
      "tags": "", 
      "public_version": null, 
      "xliff_file": 290, 
      "version": 0, 
      "short_description": "", 
      "big_icon_href": null, 
      "icon_href": null, 
      "is_globally_public": false, 
      "view_count": 0, 
      "content_type": 1, 
      "is_public": false, 
      "associated_content": null, 
      "is_deleted": false, 
      "name": null, 
      "search_index_search_list_field": [
        "1", 
        "lesson", 
        "for", 
        "local", 
        "public"
      ], 
      "author": 1, 
      "is_template": false, 
      "passing_score": 0, 
      "spaces_path": "8,13,25", 
      "created_date": "2013-05-24 09:50:40", 
      "original": 40
    }
  }, 
  {
    "pk": 292, 
    "model": "search.relationindex_mycontent_content_search_index", 
    "fields": {
      "is_featured": false, 
      "idxf_spaces_path_l_contains": [
        "8,13,25", 
        ",13,25", 
        "13,25", 
        "3,25", 
        ",25", 
        "25", 
        "5"
      ], 
      "spaces": [
        "8", 
        "13", 
        "25"
      ], 
      "file": 291, 
      "description": "", 
      "modified_date": "2013-05-24 09:57:33", 
      "title": "Localized for publication 1 lesson 1", 
      "tags": "", 
      "public_version": null, 
      "xliff_file": 294, 
      "version": 0, 
      "short_description": "", 
      "big_icon_href": null, 
      "icon_href": null, 
      "is_globally_public": false, 
      "view_count": 0, 
      "content_type": 1, 
      "is_public": false, 
      "associated_content": null, 
      "is_deleted": false, 
      "name": null, 
      "search_index_search_list_field": [
        "1", 
        "lesson", 
        "for", 
        "local", 
        "public"
      ], 
      "author": 1, 
      "is_template": false, 
      "passing_score": 0, 
      "spaces_path": "8,13,25", 
      "created_date": "2013-05-24 09:57:33", 
      "original": 40
    }
  }, 
  {
    "pk": 296, 
    "model": "search.relationindex_mycontent_content_search_index", 
    "fields": {
      "is_featured": false, 
      "idxf_spaces_path_l_contains": [
        "8,13,25", 
        ",13,25", 
        "13,25", 
        "3,25", 
        ",25", 
        "25", 
        "5"
      ], 
      "spaces": [
        "8", 
        "13", 
        "25"
      ], 
      "file": 295, 
      "description": "", 
      "modified_date": "2013-05-24 10:11:15", 
      "title": "Localized for publication 1 lesson 1", 
      "tags": "", 
      "public_version": null, 
      "xliff_file": 298, 
      "version": 0, 
      "short_description": "", 
      "big_icon_href": null, 
      "icon_href": null, 
      "is_globally_public": false, 
      "view_count": 0, 
      "content_type": 1, 
      "is_public": false, 
      "associated_content": null, 
      "is_deleted": false, 
      "name": null, 
      "search_index_search_list_field": [
        "1", 
        "lesson", 
        "for", 
        "local", 
        "public"
      ], 
      "author": 1, 
      "is_template": false, 
      "passing_score": 0, 
      "spaces_path": "8,13,25", 
      "created_date": "2013-05-24 10:11:15", 
      "original": 40
    }
  }, 
  {
    "pk": 300, 
    "model": "search.relationindex_mycontent_content_search_index", 
    "fields": {
      "is_featured": false, 
      "idxf_spaces_path_l_contains": [
        "8,13,25", 
        ",13,25", 
        "13,25", 
        "3,25", 
        ",25", 
        "25", 
        "5"
      ], 
      "spaces": [
        "8", 
        "13", 
        "25"
      ], 
      "file": 321, 
      "description": "", 
      "modified_date": "2013-05-27 11:16:17", 
      "title": "Localized for publication 1 lesson 1", 
      "tags": "", 
      "public_version": 299, 
      "xliff_file": 302, 
      "version": 0, 
      "short_description": "", 
      "big_icon_href": null, 
      "icon_href": null, 
      "is_globally_public": false, 
      "view_count": 9, 
      "content_type": 1, 
      "is_public": true, 
      "associated_content": null, 
      "is_deleted": false, 
      "name": null, 
      "search_index_search_list_field": [
        "1", 
        "lesson", 
        "for", 
        "local", 
        "public"
      ], 
      "author": 1, 
      "is_template": false, 
      "passing_score": 0, 
      "spaces_path": "8,13,25", 
      "created_date": "2013-05-24 10:38:39", 
      "original": 40
    }
  }, 
  {
    "pk": 305, 
    "model": "search.relationindex_mycontent_content_search_index", 
    "fields": {
      "is_featured": false, 
      "idxf_spaces_path_l_contains": [
        "8,14,234", 
        ",14,234", 
        "14,234", 
        "4,234", 
        ",234", 
        "234", 
        "34", 
        "4"
      ], 
      "spaces": [
        "8", 
        "14", 
        "234"
      ], 
      "file": 304, 
      "description": "", 
      "modified_date": "2013-05-24 10:57:25", 
      "title": "test", 
      "tags": "", 
      "public_version": null, 
      "xliff_file": null, 
      "version": 0, 
      "short_description": "", 
      "big_icon_href": null, 
      "icon_href": null, 
      "is_globally_public": false, 
      "view_count": 1, 
      "content_type": 1, 
      "is_public": false, 
      "associated_content": null, 
      "is_deleted": false, 
      "name": null, 
      "search_index_search_list_field": [
        "test"
      ], 
      "author": 1, 
      "is_template": false, 
      "passing_score": 0, 
      "spaces_path": "8,14,234", 
      "created_date": "2013-05-24 10:57:24", 
      "original": null
    }
  }, 
  {
    "pk": 16, 
    "model": "registration.registrationprofile", 
    "fields": {
      "activation_key": "ALREADY_ACTIVATED", 
      "user": 15
    }
  }, 
  {
    "pk": 20, 
    "model": "registration.registrationprofile", 
    "fields": {
      "activation_key": "ALREADY_ACTIVATED", 
      "user": 19
    }
  }, 
  {
    "pk": 30, 
    "model": "mycontent.content", 
    "fields": {
      "is_featured": false, 
      "idxf_spaces_path_l_contains": [
        "21", 
        "1"
      ], 
      "spaces": [
        "21"
      ], 
      "file": 29, 
      "description": "", 
      "modified_date": "2013-05-22 08:24:50", 
      "title": "test2 lesson 1", 
      "tags": "", 
      "public_version": null, 
      "xliff_file": null, 
      "version": 0, 
      "short_description": "", 
      "big_icon_href": null, 
      "icon_href": null, 
      "is_globally_public": false, 
      "view_count": 0, 
      "content_type": 1, 
      "is_public": false, 
      "associated_content": null, 
      "is_deleted": false, 
      "name": null, 
      "author": 19, 
      "is_template": false, 
      "passing_score": 0, 
      "spaces_path": "21", 
      "created_date": "2013-05-22 08:24:49", 
      "original": null
    }
  }, 
  {
    "pk": 35, 
    "model": "mycontent.content", 
    "fields": {
      "is_featured": false, 
      "idxf_spaces_path_l_contains": [
        "3"
      ], 
      "spaces": [
        "3"
      ], 
      "file": 327, 
      "description": "", 
      "modified_date": "2013-06-03 09:35:26", 
      "title": "kgebert lesson 1", 
      "tags": "", 
      "public_version": null, 
      "xliff_file": null, 
      "version": 0, 
      "short_description": "", 
      "big_icon_href": null, 
      "icon_href": null, 
      "is_globally_public": false, 
      "view_count": 0, 
      "content_type": 1, 
      "is_public": false, 
      "associated_content": null, 
      "is_deleted": false, 
      "name": null, 
      "author": 1, 
      "is_template": false, 
      "passing_score": 0, 
      "spaces_path": "3", 
      "created_date": "2013-05-22 08:25:27", 
      "original": null
    }
  }, 
  {
    "pk": 40, 
    "model": "mycontent.content", 
    "fields": {
      "is_featured": false, 
      "idxf_spaces_path_l_contains": [
        "8,13,25", 
        ",13,25", 
        "13,25", 
        "3,25", 
        ",25", 
        "25", 
        "5"
      ], 
      "spaces": [
        "8", 
        "13", 
        "25"
      ], 
      "file": 39, 
      "description": "", 
      "modified_date": "2013-05-22 08:28:10", 
      "title": "publication 1 lesson 1", 
      "tags": "", 
      "public_version": null, 
      "xliff_file": null, 
      "version": 0, 
      "short_description": "", 
      "big_icon_href": null, 
      "icon_href": null, 
      "is_globally_public": false, 
      "view_count": 3, 
      "content_type": 1, 
      "is_public": false, 
      "associated_content": null, 
      "is_deleted": false, 
      "name": null, 
      "author": 1, 
      "is_template": false, 
      "passing_score": 0, 
      "spaces_path": "8,13,25", 
      "created_date": "2013-05-22 08:28:10", 
      "original": null
    }
  }, 
  {
    "pk": 45, 
    "model": "mycontent.content", 
    "fields": {
      "is_featured": false, 
      "idxf_spaces_path_l_contains": [
        "8,13,26", 
        ",13,26", 
        "13,26", 
        "3,26", 
        ",26", 
        "26", 
        "6"
      ], 
      "spaces": [
        "8", 
        "13", 
        "26"
      ], 
      "file": 44, 
      "description": "", 
      "modified_date": "2013-05-22 08:28:32", 
      "title": "publication 2 lesson 1", 
      "tags": "", 
      "public_version": null, 
      "xliff_file": null, 
      "version": 0, 
      "short_description": "", 
      "big_icon_href": null, 
      "icon_href": null, 
      "is_globally_public": false, 
      "view_count": 0, 
      "content_type": 1, 
      "is_public": false, 
      "associated_content": null, 
      "is_deleted": false, 
      "name": null, 
      "author": 1, 
      "is_template": false, 
      "passing_score": 0, 
      "spaces_path": "8,13,26", 
      "created_date": "2013-05-22 08:28:31", 
      "original": null
    }
  }, 
  {
    "pk": 144, 
    "model": "mycontent.content", 
    "fields": {
      "is_featured": false, 
      "idxf_spaces_path_l_contains": [
        "3"
      ], 
      "spaces": [
        "3"
      ], 
      "file": 143, 
      "description": "At the end of this activity, students should be able to: 2013 recognise rational expressions. 2013 simplify rational expressions.", 
      "modified_date": "2013-05-23 06:52:47", 
      "title": "Rational Expressions", 
      "tags": "expressions, simplify, rational, recognise, Rational expressions", 
      "public_version": null, 
      "xliff_file": null, 
      "version": 0, 
      "short_description": "http://ltp.learnetic.com/page.php/resources/view_all?id=rational_expressions_recognise_simplify uc_m5_l072", 
      "big_icon_href": null, 
      "icon_href": "/file/serve/131", 
      "is_globally_public": false, 
      "view_count": 0, 
      "content_type": 1, 
      "is_public": false, 
      "associated_content": null, 
      "is_deleted": false, 
      "name": null, 
      "author": 1, 
      "is_template": false, 
      "passing_score": 0, 
      "spaces_path": "3", 
      "created_date": "2013-05-23 06:52:47", 
      "original": null
    }
  }, 
  {
    "pk": 232, 
    "model": "mycontent.content", 
    "fields": {
      "is_featured": false, 
      "idxf_spaces_path_l_contains": [
        "3"
      ], 
      "spaces": [
        "3"
      ], 
      "file": 308, 
      "description": "At the end of this activity, students should be able to: 2013 recognise rational expressions. 2013 simplify rational expressions.", 
      "modified_date": "2013-05-27 11:15:44", 
      "title": "Rational Expressions", 
      "tags": "expressions, simplify, rational, recognise, Rational expressions", 
      "public_version": 231, 
      "xliff_file": null, 
      "version": 0, 
      "short_description": "http://ltp.learnetic.com/page.php/resources/view_all?id=rational_expressions_recognise_simplify uc_m5_l072", 
      "big_icon_href": null, 
      "icon_href": "/file/serve/219", 
      "is_globally_public": false, 
      "view_count": 1, 
      "content_type": 1, 
      "is_public": true, 
      "associated_content": null, 
      "is_deleted": false, 
      "name": null, 
      "author": 1, 
      "is_template": false, 
      "passing_score": 0, 
      "spaces_path": "3", 
      "created_date": "2013-05-23 06:56:33", 
      "original": null
    }
  }, 
  {
    "pk": 236, 
    "model": "mycontent.content", 
    "fields": {
      "is_featured": false, 
      "idxf_spaces_path_l_contains": [
        "8,13,25", 
        ",13,25", 
        "13,25", 
        "3,25", 
        ",25", 
        "25", 
        "5"
      ], 
      "spaces": [
        "8", 
        "13", 
        "25"
      ], 
      "file": 267, 
      "description": "", 
      "modified_date": "2013-05-24 09:43:51", 
      "title": "Localized for publication 1 lesson 1", 
      "tags": "", 
      "public_version": null, 
      "xliff_file": 269, 
      "version": 0, 
      "short_description": "", 
      "big_icon_href": null, 
      "icon_href": null, 
      "is_globally_public": false, 
      "view_count": 0, 
      "content_type": 1, 
      "is_public": false, 
      "associated_content": null, 
      "is_deleted": false, 
      "name": null, 
      "author": 1, 
      "is_template": false, 
      "passing_score": 0, 
      "spaces_path": "8,13,25", 
      "created_date": "2013-05-24 09:43:11", 
      "original": 40
    }
  }, 
  {
    "pk": 240, 
    "model": "mycontent.content", 
    "fields": {
      "is_featured": false, 
      "idxf_spaces_path_l_contains": [
        "8,13,25", 
        ",13,25", 
        "13,25", 
        "3,25", 
        ",25", 
        "25", 
        "5"
      ], 
      "spaces": [
        "8", 
        "13", 
        "25"
      ], 
      "file": 239, 
      "description": "", 
      "modified_date": "2013-05-24 09:43:16", 
      "title": "Localized for publication 1 lesson 1", 
      "tags": "", 
      "public_version": null, 
      "xliff_file": 242, 
      "version": 0, 
      "short_description": "", 
      "big_icon_href": null, 
      "icon_href": null, 
      "is_globally_public": false, 
      "view_count": 0, 
      "content_type": 1, 
      "is_public": false, 
      "associated_content": null, 
      "is_deleted": false, 
      "name": null, 
      "author": 1, 
      "is_template": false, 
      "passing_score": 0, 
      "spaces_path": "8,13,25", 
      "created_date": "2013-05-24 09:43:16", 
      "original": 40
    }
  }, 
  {
    "pk": 244, 
    "model": "mycontent.content", 
    "fields": {
      "is_featured": false, 
      "idxf_spaces_path_l_contains": [
        "8,13,25", 
        ",13,25", 
        "13,25", 
        "3,25", 
        ",25", 
        "25", 
        "5"
      ], 
      "spaces": [
        "8", 
        "13", 
        "25"
      ], 
      "file": 243, 
      "description": "", 
      "modified_date": "2013-05-24 09:43:19", 
      "title": "Localized for publication 1 lesson 1", 
      "tags": "", 
      "public_version": null, 
      "xliff_file": 246, 
      "version": 0, 
      "short_description": "", 
      "big_icon_href": null, 
      "icon_href": null, 
      "is_globally_public": false, 
      "view_count": 0, 
      "content_type": 1, 
      "is_public": false, 
      "associated_content": null, 
      "is_deleted": false, 
      "name": null, 
      "author": 1, 
      "is_template": false, 
      "passing_score": 0, 
      "spaces_path": "8,13,25", 
      "created_date": "2013-05-24 09:43:19", 
      "original": 40
    }
  }, 
  {
    "pk": 248, 
    "model": "mycontent.content", 
    "fields": {
      "is_featured": false, 
      "idxf_spaces_path_l_contains": [
        "8,13,25", 
        ",13,25", 
        "13,25", 
        "3,25", 
        ",25", 
        "25", 
        "5"
      ], 
      "spaces": [
        "8", 
        "13", 
        "25"
      ], 
      "file": 247, 
      "description": "", 
      "modified_date": "2013-05-24 09:43:23", 
      "title": "Localized for publication 1 lesson 1", 
      "tags": "", 
      "public_version": null, 
      "xliff_file": 250, 
      "version": 0, 
      "short_description": "", 
      "big_icon_href": null, 
      "icon_href": null, 
      "is_globally_public": false, 
      "view_count": 0, 
      "content_type": 1, 
      "is_public": false, 
      "associated_content": null, 
      "is_deleted": false, 
      "name": null, 
      "author": 1, 
      "is_template": false, 
      "passing_score": 0, 
      "spaces_path": "8,13,25", 
      "created_date": "2013-05-24 09:43:23", 
      "original": 40
    }
  }, 
  {
    "pk": 252, 
    "model": "mycontent.content", 
    "fields": {
      "is_featured": false, 
      "idxf_spaces_path_l_contains": [
        "8,13,25", 
        ",13,25", 
        "13,25", 
        "3,25", 
        ",25", 
        "25", 
        "5"
      ], 
      "spaces": [
        "8", 
        "13", 
        "25"
      ], 
      "file": 251, 
      "description": "", 
      "modified_date": "2013-05-24 09:43:27", 
      "title": "Localized for publication 1 lesson 1", 
      "tags": "", 
      "public_version": null, 
      "xliff_file": 254, 
      "version": 0, 
      "short_description": "", 
      "big_icon_href": null, 
      "icon_href": null, 
      "is_globally_public": false, 
      "view_count": 0, 
      "content_type": 1, 
      "is_public": false, 
      "associated_content": null, 
      "is_deleted": false, 
      "name": null, 
      "author": 1, 
      "is_template": false, 
      "passing_score": 0, 
      "spaces_path": "8,13,25", 
      "created_date": "2013-05-24 09:43:27", 
      "original": 40
    }
  }, 
  {
    "pk": 256, 
    "model": "mycontent.content", 
    "fields": {
      "is_featured": false, 
      "idxf_spaces_path_l_contains": [
        "8,13,25", 
        ",13,25", 
        "13,25", 
        "3,25", 
        ",25", 
        "25", 
        "5"
      ], 
      "spaces": [
        "8", 
        "13", 
        "25"
      ], 
      "file": 255, 
      "description": "", 
      "modified_date": "2013-05-24 09:43:32", 
      "title": "Localized for publication 1 lesson 1", 
      "tags": "", 
      "public_version": null, 
      "xliff_file": 258, 
      "version": 0, 
      "short_description": "", 
      "big_icon_href": null, 
      "icon_href": null, 
      "is_globally_public": false, 
      "view_count": 0, 
      "content_type": 1, 
      "is_public": false, 
      "associated_content": null, 
      "is_deleted": false, 
      "name": null, 
      "author": 1, 
      "is_template": false, 
      "passing_score": 0, 
      "spaces_path": "8,13,25", 
      "created_date": "2013-05-24 09:43:32", 
      "original": 40
    }
  }, 
  {
    "pk": 260, 
    "model": "mycontent.content", 
    "fields": {
      "is_featured": false, 
      "idxf_spaces_path_l_contains": [
        "8,13,25", 
        ",13,25", 
        "13,25", 
        "3,25", 
        ",25", 
        "25", 
        "5"
      ], 
      "spaces": [
        "8", 
        "13", 
        "25"
      ], 
      "file": 259, 
      "description": "", 
      "modified_date": "2013-05-24 09:43:38", 
      "title": "Localized for publication 1 lesson 1", 
      "tags": "", 
      "public_version": null, 
      "xliff_file": 262, 
      "version": 0, 
      "short_description": "", 
      "big_icon_href": null, 
      "icon_href": null, 
      "is_globally_public": false, 
      "view_count": 0, 
      "content_type": 1, 
      "is_public": false, 
      "associated_content": null, 
      "is_deleted": false, 
      "name": null, 
      "author": 1, 
      "is_template": false, 
      "passing_score": 0, 
      "spaces_path": "8,13,25", 
      "created_date": "2013-05-24 09:43:38", 
      "original": 40
    }
  }, 
  {
    "pk": 264, 
    "model": "mycontent.content", 
    "fields": {
      "is_featured": false, 
      "idxf_spaces_path_l_contains": [
        "8,13,25", 
        ",13,25", 
        "13,25", 
        "3,25", 
        ",25", 
        "25", 
        "5"
      ], 
      "spaces": [
        "8", 
        "13", 
        "25"
      ], 
      "file": 263, 
      "description": "", 
      "modified_date": "2013-05-24 09:43:47", 
      "title": "Localized for publication 1 lesson 1", 
      "tags": "", 
      "public_version": null, 
      "xliff_file": 266, 
      "version": 0, 
      "short_description": "", 
      "big_icon_href": null, 
      "icon_href": null, 
      "is_globally_public": false, 
      "view_count": 0, 
      "content_type": 1, 
      "is_public": false, 
      "associated_content": null, 
      "is_deleted": false, 
      "name": null, 
      "author": 1, 
      "is_template": false, 
      "passing_score": 0, 
      "spaces_path": "8,13,25", 
      "created_date": "2013-05-24 09:43:47", 
      "original": 40
    }
  }, 
  {
    "pk": 272, 
    "model": "mycontent.content", 
    "fields": {
      "is_featured": false, 
      "idxf_spaces_path_l_contains": [
        "8,13,25", 
        ",13,25", 
        "13,25", 
        "3,25", 
        ",25", 
        "25", 
        "5"
      ], 
      "spaces": [
        "8", 
        "13", 
        "25"
      ], 
      "file": 271, 
      "description": "", 
      "modified_date": "2013-05-24 09:44:03", 
      "title": "Localized for publication 1 lesson 1", 
      "tags": "", 
      "public_version": null, 
      "xliff_file": 274, 
      "version": 0, 
      "short_description": "", 
      "big_icon_href": null, 
      "icon_href": null, 
      "is_globally_public": false, 
      "view_count": 0, 
      "content_type": 1, 
      "is_public": false, 
      "associated_content": null, 
      "is_deleted": false, 
      "name": null, 
      "author": 1, 
      "is_template": false, 
      "passing_score": 0, 
      "spaces_path": "8,13,25", 
      "created_date": "2013-05-24 09:44:03", 
      "original": 40
    }
  }, 
  {
    "pk": 276, 
    "model": "mycontent.content", 
    "fields": {
      "is_featured": false, 
      "idxf_spaces_path_l_contains": [
        "8,13,25", 
        ",13,25", 
        "13,25", 
        "3,25", 
        ",25", 
        "25", 
        "5"
      ], 
      "spaces": [
        "8", 
        "13", 
        "25"
      ], 
      "file": 275, 
      "description": "", 
      "modified_date": "2013-05-24 09:44:32", 
      "title": "Localized for publication 1 lesson 1", 
      "tags": "", 
      "public_version": null, 
      "xliff_file": 278, 
      "version": 0, 
      "short_description": "", 
      "big_icon_href": null, 
      "icon_href": null, 
      "is_globally_public": false, 
      "view_count": 0, 
      "content_type": 1, 
      "is_public": false, 
      "associated_content": null, 
      "is_deleted": false, 
      "name": null, 
      "author": 1, 
      "is_template": false, 
      "passing_score": 0, 
      "spaces_path": "8,13,25", 
      "created_date": "2013-05-24 09:44:32", 
      "original": 40
    }
  }, 
  {
    "pk": 280, 
    "model": "mycontent.content", 
    "fields": {
      "is_featured": false, 
      "idxf_spaces_path_l_contains": [
        "8,13,25", 
        ",13,25", 
        "13,25", 
        "3,25", 
        ",25", 
        "25", 
        "5"
      ], 
      "spaces": [
        "8", 
        "13", 
        "25"
      ], 
      "file": 279, 
      "description": "", 
      "modified_date": "2013-05-24 09:45:27", 
      "title": "Localized for publication 1 lesson 1", 
      "tags": "", 
      "public_version": null, 
      "xliff_file": 282, 
      "version": 0, 
      "short_description": "", 
      "big_icon_href": null, 
      "icon_href": null, 
      "is_globally_public": false, 
      "view_count": 0, 
      "content_type": 1, 
      "is_public": false, 
      "associated_content": null, 
      "is_deleted": false, 
      "name": null, 
      "author": 1, 
      "is_template": false, 
      "passing_score": 0, 
      "spaces_path": "8,13,25", 
      "created_date": "2013-05-24 09:45:27", 
      "original": 40
    }
  }, 
  {
    "pk": 284, 
    "model": "mycontent.content", 
    "fields": {
      "is_featured": false, 
      "idxf_spaces_path_l_contains": [
        "8,13,25", 
        ",13,25", 
        "13,25", 
        "3,25", 
        ",25", 
        "25", 
        "5"
      ], 
      "spaces": [
        "8", 
        "13", 
        "25"
      ], 
      "file": 283, 
      "description": "", 
      "modified_date": "2013-05-24 09:47:12", 
      "title": "Localized for publication 1 lesson 1", 
      "tags": "", 
      "public_version": null, 
      "xliff_file": 286, 
      "version": 0, 
      "short_description": "", 
      "big_icon_href": null, 
      "icon_href": null, 
      "is_globally_public": false, 
      "view_count": 0, 
      "content_type": 1, 
      "is_public": false, 
      "associated_content": null, 
      "is_deleted": false, 
      "name": null, 
      "author": 1, 
      "is_template": false, 
      "passing_score": 0, 
      "spaces_path": "8,13,25", 
      "created_date": "2013-05-24 09:47:12", 
      "original": 40
    }
  }, 
  {
    "pk": 288, 
    "model": "mycontent.content", 
    "fields": {
      "is_featured": false, 
      "idxf_spaces_path_l_contains": [
        "8,13,25", 
        ",13,25", 
        "13,25", 
        "3,25", 
        ",25", 
        "25", 
        "5"
      ], 
      "spaces": [
        "8", 
        "13", 
        "25"
      ], 
      "file": 287, 
      "description": "", 
      "modified_date": "2013-05-24 09:50:40", 
      "title": "Localized for publication 1 lesson 1", 
      "tags": "", 
      "public_version": null, 
      "xliff_file": 290, 
      "version": 0, 
      "short_description": "", 
      "big_icon_href": null, 
      "icon_href": null, 
      "is_globally_public": false, 
      "view_count": 0, 
      "content_type": 1, 
      "is_public": false, 
      "associated_content": null, 
      "is_deleted": false, 
      "name": null, 
      "author": 1, 
      "is_template": false, 
      "passing_score": 0, 
      "spaces_path": "8,13,25", 
      "created_date": "2013-05-24 09:50:40", 
      "original": 40
    }
  }, 
  {
    "pk": 292, 
    "model": "mycontent.content", 
    "fields": {
      "is_featured": false, 
      "idxf_spaces_path_l_contains": [
        "8,13,25", 
        ",13,25", 
        "13,25", 
        "3,25", 
        ",25", 
        "25", 
        "5"
      ], 
      "spaces": [
        "8", 
        "13", 
        "25"
      ], 
      "file": 291, 
      "description": "", 
      "modified_date": "2013-05-24 09:57:33", 
      "title": "Localized for publication 1 lesson 1", 
      "tags": "", 
      "public_version": null, 
      "xliff_file": 294, 
      "version": 0, 
      "short_description": "", 
      "big_icon_href": null, 
      "icon_href": null, 
      "is_globally_public": false, 
      "view_count": 0, 
      "content_type": 1, 
      "is_public": false, 
      "associated_content": null, 
      "is_deleted": false, 
      "name": null, 
      "author": 1, 
      "is_template": false, 
      "passing_score": 0, 
      "spaces_path": "8,13,25", 
      "created_date": "2013-05-24 09:57:33", 
      "original": 40
    }
  }, 
  {
    "pk": 296, 
    "model": "mycontent.content", 
    "fields": {
      "is_featured": false, 
      "idxf_spaces_path_l_contains": [
        "8,13,25", 
        ",13,25", 
        "13,25", 
        "3,25", 
        ",25", 
        "25", 
        "5"
      ], 
      "spaces": [
        "8", 
        "13", 
        "25"
      ], 
      "file": 295, 
      "description": "", 
      "modified_date": "2013-05-24 10:11:15", 
      "title": "Localized for publication 1 lesson 1", 
      "tags": "", 
      "public_version": null, 
      "xliff_file": 298, 
      "version": 0, 
      "short_description": "", 
      "big_icon_href": null, 
      "icon_href": null, 
      "is_globally_public": false, 
      "view_count": 0, 
      "content_type": 1, 
      "is_public": false, 
      "associated_content": null, 
      "is_deleted": false, 
      "name": null, 
      "author": 1, 
      "is_template": false, 
      "passing_score": 0, 
      "spaces_path": "8,13,25", 
      "created_date": "2013-05-24 10:11:15", 
      "original": 40
    }
  }, 
  {
    "pk": 300, 
    "model": "mycontent.content", 
    "fields": {
      "is_featured": false, 
      "idxf_spaces_path_l_contains": [
        "8,13,25", 
        ",13,25", 
        "13,25", 
        "3,25", 
        ",25", 
        "25", 
        "5"
      ], 
      "spaces": [
        "8", 
        "13", 
        "25"
      ], 
      "file": 321, 
      "description": "", 
      "modified_date": "2013-05-27 11:16:17", 
      "title": "Localized for publication 1 lesson 1", 
      "tags": "", 
      "public_version": 299, 
      "xliff_file": 302, 
      "version": 0, 
      "short_description": "", 
      "big_icon_href": null, 
      "icon_href": null, 
      "is_globally_public": false, 
      "view_count": 9, 
      "content_type": 1, 
      "is_public": true, 
      "associated_content": null, 
      "is_deleted": false, 
      "name": null, 
      "author": 1, 
      "is_template": false, 
      "passing_score": 0, 
      "spaces_path": "8,13,25", 
      "created_date": "2013-05-24 10:38:39", 
      "original": 40
    }
  }, 
  {
    "pk": 305, 
    "model": "mycontent.content", 
    "fields": {
      "is_featured": false, 
      "idxf_spaces_path_l_contains": [
        "8,14,234", 
        ",14,234", 
        "14,234", 
        "4,234", 
        ",234", 
        "234", 
        "34", 
        "4"
      ], 
      "spaces": [
        "8", 
        "14", 
        "234"
      ], 
      "file": 304, 
      "description": "", 
      "modified_date": "2013-05-24 10:57:25", 
      "title": "test", 
      "tags": "", 
      "public_version": null, 
      "xliff_file": null, 
      "version": 0, 
      "short_description": "", 
      "big_icon_href": null, 
      "icon_href": null, 
      "is_globally_public": false, 
      "view_count": 1, 
      "content_type": 1, 
      "is_public": false, 
      "associated_content": null, 
      "is_deleted": false, 
      "name": null, 
      "author": 1, 
      "is_template": false, 
      "passing_score": 0, 
      "spaces_path": "8,14,234", 
      "created_date": "2013-05-24 10:57:24", 
      "original": null
    }
  }, 
  {
    "pk": 31, 
    "model": "mycontent.contentspace", 
    "fields": {
      "content": 30, 
      "is_deleted": false, 
      "space": 21
    }
  }, 
  {
    "pk": 36, 
    "model": "mycontent.contentspace", 
    "fields": {
      "content": 35, 
      "is_deleted": false, 
      "space": 3
    }
  }, 
  {
    "pk": 41, 
    "model": "mycontent.contentspace", 
    "fields": {
      "content": 40, 
      "is_deleted": false, 
      "space": 25
    }
  }, 
  {
    "pk": 46, 
    "model": "mycontent.contentspace", 
    "fields": {
      "content": 45, 
      "is_deleted": false, 
      "space": 26
    }
  }, 
  {
    "pk": 145, 
    "model": "mycontent.contentspace", 
    "fields": {
      "content": 144, 
      "is_deleted": false, 
      "space": 3
    }
  }, 
  {
    "pk": 233, 
    "model": "mycontent.contentspace", 
    "fields": {
      "content": 232, 
      "is_deleted": false, 
      "space": 3
    }
  }, 
  {
    "pk": 237, 
    "model": "mycontent.contentspace", 
    "fields": {
      "content": 236, 
      "is_deleted": false, 
      "space": 25
    }
  }, 
  {
    "pk": 241, 
    "model": "mycontent.contentspace", 
    "fields": {
      "content": 240, 
      "is_deleted": false, 
      "space": 25
    }
  }, 
  {
    "pk": 245, 
    "model": "mycontent.contentspace", 
    "fields": {
      "content": 244, 
      "is_deleted": false, 
      "space": 25
    }
  }, 
  {
    "pk": 249, 
    "model": "mycontent.contentspace", 
    "fields": {
      "content": 248, 
      "is_deleted": false, 
      "space": 25
    }
  }, 
  {
    "pk": 253, 
    "model": "mycontent.contentspace", 
    "fields": {
      "content": 252, 
      "is_deleted": false, 
      "space": 25
    }
  }, 
  {
    "pk": 257, 
    "model": "mycontent.contentspace", 
    "fields": {
      "content": 256, 
      "is_deleted": false, 
      "space": 25
    }
  }, 
  {
    "pk": 261, 
    "model": "mycontent.contentspace", 
    "fields": {
      "content": 260, 
      "is_deleted": false, 
      "space": 25
    }
  }, 
  {
    "pk": 265, 
    "model": "mycontent.contentspace", 
    "fields": {
      "content": 264, 
      "is_deleted": false, 
      "space": 25
    }
  }, 
  {
    "pk": 273, 
    "model": "mycontent.contentspace", 
    "fields": {
      "content": 272, 
      "is_deleted": false, 
      "space": 25
    }
  }, 
  {
    "pk": 277, 
    "model": "mycontent.contentspace", 
    "fields": {
      "content": 276, 
      "is_deleted": false, 
      "space": 25
    }
  }, 
  {
    "pk": 281, 
    "model": "mycontent.contentspace", 
    "fields": {
      "content": 280, 
      "is_deleted": false, 
      "space": 25
    }
  }, 
  {
    "pk": 285, 
    "model": "mycontent.contentspace", 
    "fields": {
      "content": 284, 
      "is_deleted": false, 
      "space": 25
    }
  }, 
  {
    "pk": 289, 
    "model": "mycontent.contentspace", 
    "fields": {
      "content": 288, 
      "is_deleted": false, 
      "space": 25
    }
  }, 
  {
    "pk": 293, 
    "model": "mycontent.contentspace", 
    "fields": {
      "content": 292, 
      "is_deleted": false, 
      "space": 25
    }
  }, 
  {
    "pk": 297, 
    "model": "mycontent.contentspace", 
    "fields": {
      "content": 296, 
      "is_deleted": false, 
      "space": 25
    }
  }, 
  {
    "pk": 301, 
    "model": "mycontent.contentspace", 
    "fields": {
      "content": 300, 
      "is_deleted": false, 
      "space": 25
    }
  }, 
  {
    "pk": 306, 
    "model": "mycontent.contentspace", 
    "fields": {
      "content": 305, 
      "is_deleted": false, 
      "space": 234
    }
  }, 
  {
    "pk": 3, 
    "model": "spaces.space", 
    "fields": {
      "modified_date": "2013-05-23 06:56:33", 
      "right": 0, 
      "is_deleted": false, 
      "parent": null, 
      "title": "kgebert", 
      "rank": 100, 
      "top_level": 3, 
      "include_contents_in_editor": false, 
      "created_date": "2013-05-22 08:17:19", 
      "contents_count": 3, 
      "space_type": 1, 
      "left": 0
    }
  }, 
  {
    "pk": 8, 
    "model": "spaces.space", 
    "fields": {
      "modified_date": "2013-05-24 10:57:24", 
      "right": 0, 
      "is_deleted": false, 
      "parent": null, 
      "title": "kgebert Corporation", 
      "rank": 100, 
      "top_level": 8, 
      "include_contents_in_editor": false, 
      "created_date": "2013-05-22 08:17:54", 
      "contents_count": 19, 
      "space_type": 3, 
      "left": 0
    }
  }, 
  {
    "pk": 9, 
    "model": "spaces.space", 
    "fields": {
      "modified_date": "2013-05-22 08:17:54", 
      "right": 0, 
      "is_deleted": false, 
      "parent": null, 
      "title": "kgebert Corporation Public", 
      "rank": 100, 
      "top_level": 9, 
      "include_contents_in_editor": false, 
      "created_date": "2013-05-22 08:17:54", 
      "contents_count": 0, 
      "space_type": 2, 
      "left": 0
    }
  }, 
  {
    "pk": 13, 
    "model": "spaces.space", 
    "fields": {
      "modified_date": "2013-05-24 10:38:39", 
      "right": 0, 
      "is_deleted": false, 
      "parent": 8, 
      "title": "Project 1", 
      "rank": 100, 
      "top_level": 8, 
      "include_contents_in_editor": false, 
      "created_date": "2013-05-22 08:18:09", 
      "contents_count": 18, 
      "space_type": 3, 
      "left": 0
    }
  }, 
  {
    "pk": 14, 
    "model": "spaces.space", 
    "fields": {
      "modified_date": "2013-05-24 10:57:24", 
      "right": 0, 
      "is_deleted": false, 
      "parent": 8, 
      "title": "Project 2", 
      "rank": 100, 
      "top_level": 8, 
      "include_contents_in_editor": false, 
      "created_date": "2013-05-22 08:18:15", 
      "contents_count": 1, 
      "space_type": 3, 
      "left": 0
    }
  }, 
  {
    "pk": 17, 
    "model": "spaces.space", 
    "fields": {
      "modified_date": "2013-05-22 08:18:40", 
      "right": 0, 
      "is_deleted": false, 
      "parent": null, 
      "title": "test", 
      "rank": 100, 
      "top_level": 17, 
      "include_contents_in_editor": false, 
      "created_date": "2013-05-22 08:18:40", 
      "contents_count": 0, 
      "space_type": 1, 
      "left": 0
    }
  }, 
  {
    "pk": 21, 
    "model": "spaces.space", 
    "fields": {
      "modified_date": "2013-05-22 08:24:50", 
      "right": 0, 
      "is_deleted": false, 
      "parent": null, 
      "title": "test2", 
      "rank": 100, 
      "top_level": 21, 
      "include_contents_in_editor": false, 
      "created_date": "2013-05-22 08:19:27", 
      "contents_count": 1, 
      "space_type": 1, 
      "left": 0
    }
  }, 
  {
    "pk": 25, 
    "model": "spaces.space", 
    "fields": {
      "modified_date": "2013-05-24 10:38:39", 
      "right": 0, 
      "is_deleted": false, 
      "parent": 13, 
      "title": "Publication 1", 
      "rank": 100, 
      "top_level": 8, 
      "include_contents_in_editor": false, 
      "created_date": "2013-05-22 08:21:06", 
      "contents_count": 17, 
      "space_type": 3, 
      "left": 0
    }
  }, 
  {
    "pk": 26, 
    "model": "spaces.space", 
    "fields": {
      "modified_date": "2013-05-22 08:28:31", 
      "right": 0, 
      "is_deleted": false, 
      "parent": 13, 
      "title": "Publication 2", 
      "rank": 100, 
      "top_level": 8, 
      "include_contents_in_editor": false, 
      "created_date": "2013-05-22 08:21:12", 
      "contents_count": 1, 
      "space_type": 3, 
      "left": 0
    }
  }, 
  {
    "pk": 48, 
    "model": "spaces.space", 
    "fields": {
      "modified_date": "2013-05-22 09:19:51", 
      "right": 0, 
      "is_deleted": false, 
      "parent": 21, 
      "title": "Subcategory", 
      "rank": 100, 
      "top_level": 21, 
      "include_contents_in_editor": false, 
      "created_date": "2013-05-22 09:19:51", 
      "contents_count": 0, 
      "space_type": 1, 
      "left": 0
    }
  }, 
  {
    "pk": 49, 
    "model": "spaces.space", 
    "fields": {
      "modified_date": "2013-05-22 09:20:14", 
      "right": 0, 
      "is_deleted": false, 
      "parent": 21, 
      "title": "Science", 
      "rank": 100, 
      "top_level": 21, 
      "include_contents_in_editor": false, 
      "created_date": "2013-05-22 09:20:14", 
      "contents_count": 0, 
      "space_type": 1, 
      "left": 0
    }
  }, 
  {
    "pk": 234, 
    "model": "spaces.space", 
    "fields": {
      "modified_date": "2013-05-24 10:57:24", 
      "right": 0, 
      "is_deleted": false, 
      "parent": 14, 
      "title": "Publication 1", 
      "rank": 100, 
      "top_level": 8, 
      "include_contents_in_editor": false, 
      "created_date": "2013-05-24 08:58:22", 
      "contents_count": 1, 
      "space_type": 3, 
      "left": 0
    }
  }, 
  {
    "pk": 6, 
    "model": "spaces.spaceaccess", 
    "fields": {
      "modified_date": "2013-05-22 08:17:32", 
      "is_deleted": false, 
      "space": 3, 
      "user": 1, 
      "created_date": "2013-05-22 08:17:32", 
      "access_right": 3
    }
  }, 
  {
    "pk": 10, 
    "model": "spaces.spaceaccess", 
    "fields": {
      "modified_date": "2013-05-22 08:17:54", 
      "is_deleted": false, 
      "space": 8, 
      "user": 1, 
      "created_date": "2013-05-22 08:17:54", 
      "access_right": 3
    }
  }, 
  {
    "pk": 18, 
    "model": "spaces.spaceaccess", 
    "fields": {
      "modified_date": "2013-05-22 08:18:40", 
      "is_deleted": false, 
      "space": 17, 
      "user": 15, 
      "created_date": "2013-05-22 08:18:40", 
      "access_right": 3
    }
  }, 
  {
    "pk": 22, 
    "model": "spaces.spaceaccess", 
    "fields": {
      "modified_date": "2013-05-22 08:19:27", 
      "is_deleted": false, 
      "space": 21, 
      "user": 19, 
      "created_date": "2013-05-22 08:19:27", 
      "access_right": 3
    }
  }, 
  {
    "pk": 24, 
    "model": "spaces.spaceaccess", 
    "fields": {
      "modified_date": "2013-05-22 08:20:47", 
      "is_deleted": false, 
      "space": 13, 
      "user": 15, 
      "created_date": "2013-05-22 08:20:47", 
      "access_right": 3
    }
  }, 
  {
    "pk": 27, 
    "model": "spaces.spaceaccess", 
    "fields": {
      "modified_date": "2013-05-22 08:21:30", 
      "is_deleted": false, 
      "space": 25, 
      "user": 19, 
      "created_date": "2013-05-22 08:21:30", 
      "access_right": 1
    }
  },
  {
    "pk": 324, 
    "model": "filestorage.filestorage", 
    "fields": {
      "modified_date": "2013-06-03 09:06:05", 
      "history_for": 35, 
      "version": 2, 
      "content_type": "text/xml", 
      "created_date": "2013-06-03 09:02:37", 
      "owner": 1, 
      "contents": "<?xml version='1.0' encoding='UTF-8' ?><interactiveContent name='kgebert lesson 1'><metadata></metadata><addons><addon-descriptor addonId='video' href='http://localhost:8000/media/iceditor/addons/video.xml'/></addons><pages><page id='nFHnwb' name='Page 1' href='325' preview='' reportable='true'/><header ref='commons/header'/><footer ref='commons/footer'/></pages><assets></assets></interactiveContent>"
    }
  }, 
  {
    "pk": 325, 
    "model": "filestorage.filestorage", 
    "fields": {
      "modified_date": "2013-06-03 09:06:06", 
      "history_for": null, 
      "version": null, 
      "content_type": "text/xml", 
      "created_date": "2013-06-03 09:02:37", 
      "owner": 1, 
      "contents": "<?xml version='1.0' encoding='UTF-8' ?><page layout='pixels' width='0' height='0'><modules><textModule id='Title' left='28' top='11' width='520' height='27' isVisible='true'><text draggable='false' gapWidth='0' isActivity='true' isIgnorePunctuation='false' isDisabled='false' isCaseSensitive='false'><![CDATA[<div style=\"text-align: center;\">Title</div>]]></text></textModule><buttonModule id='PrevPage' left='0' top='358' width='57' height='39' isVisible='true'><button type='prevPage' text='' onclick=''/></buttonModule><buttonModule id='NextPage' left='520' top='358' width='57' height='39' isVisible='true'><button type='nextPage' text='' onclick=''/></buttonModule><addonModule addonId='video' id='video1' left='54' top='45' width='468' height='307' isVisible='true'><properties><property name='Files' type='list'><template><property name='Ogg video' type='file' value=''/><property name='MP4 video' type='file' value=''/><property name='WebM video' type='file' value=''/><property name='Subtitles' type='text'></property><property name='Poster' type='image' value=''/><property name='ID' type='string' value=''/></template><items><item><property name='Ogg video' type='file' value=''/><property name='MP4 video' type='file' value=''/><property name='WebM video' type='file' value=''/><property name='Subtitles' type='text'></property><property name='Poster' type='image' value=''/><property name='ID' type='string' value=''/></item></items></property><property name='Show video' type='string' value=''/><property name='Show time' type='string' value=''/><property name='Narration' type='narration'></property></properties></addonModule></modules></page>"
    }
  }, 
  {
    "pk": 327, 
    "model": "filestorage.filestorage", 
    "fields": {
      "modified_date": "2013-06-03 09:39:14", 
      "history_for": 35, 
      "version": 3, 
      "content_type": "text/xml", 
      "created_date": "2013-06-03 09:35:26", 
      "owner": 1, 
      "contents": "<?xml version='1.0' encoding='UTF-8' ?><interactiveContent name='kgebert lesson 1'><metadata></metadata><addons><addon-descriptor addonId='video' href='http://localhost:8000/media/iceditor/addons/video.xml'/><addon-descriptor addonId='Audio' href='http://localhost:8000/media/iceditor/addons/Audio.xml'/><addon-descriptor addonId='Animation' href='http://localhost:8000/media/iceditor/addons/Animation.xml'/><addon-descriptor addonId='MultiAudio' href='http://localhost:8000/media/iceditor/addons/MultiAudio.xml'/><addon-descriptor addonId='Slideshow' href='http://localhost:8000/media/iceditor/addons/Slideshow.xml'/><addon-descriptor addonId='YouTube_Addon' href='http://localhost:8000/media/iceditor/addons/YouTube_Addon.xml'/></addons><pages><page id='nFHnwb' name='Page 1' href='328' preview='' reportable='true'/><page id='Zvigrp' name='Page 2' href='329' preview='' reportable='true'/><page id='tN0vBI' name='Page 3' href='330' preview='' reportable='true'/><page id='8wWwKg' name='Page 4' href='331' preview='' reportable='true'/><page id='99gkdm' name='Page 5' href='332' preview='' reportable='true'/><page id='liCX1R' name='Page 6' href='333' preview='' reportable='true'/><header ref='commons/header'/><footer ref='commons/footer'/></pages><assets></assets></interactiveContent>"
    }
  }, 
  {
    "pk": 328, 
    "model": "filestorage.filestorage", 
    "fields": {
      "modified_date": "2013-06-03 09:35:59", 
      "history_for": null, 
      "version": null, 
      "content_type": "text/xml", 
      "created_date": "2013-06-03 09:35:26", 
      "owner": 1, 
      "contents": "<?xml version='1.0' encoding='UTF-8' ?><page layout='pixels' width='0' height='0'><modules><textModule id='Title' left='28' top='11' width='520' height='27' isVisible='true'><text draggable='false' gapWidth='0' isActivity='true' isIgnorePunctuation='false' isDisabled='false' isCaseSensitive='false'><![CDATA[<div style=\"text-align: center;\">Title</div>]]></text></textModule><buttonModule id='PrevPage' left='0' top='358' width='57' height='39' isVisible='true'><button type='prevPage' text='' onclick=''/></buttonModule><buttonModule id='NextPage' left='520' top='358' width='57' height='39' isVisible='true'><button type='nextPage' text='' onclick=''/></buttonModule><addonModule addonId='video' id='video1' left='54' top='45' width='468' height='307' isVisible='true'><properties><property name='Files' type='list'><template><property name='Ogg video' type='file' value=''/><property name='MP4 video' type='file' value=''/><property name='WebM video' type='file' value=''/><property name='Subtitles' type='text'></property><property name='Poster' type='image' value=''/><property name='ID' type='string' value=''/></template><items><item><property name='Ogg video' type='file' value=''/><property name='MP4 video' type='file' value=''/><property name='WebM video' type='file' value=''/><property name='Subtitles' type='text'></property><property name='Poster' type='image' value=''/><property name='ID' type='string' value=''/></item></items></property><property name='Show video' type='string' value=''/><property name='Show time' type='string' value=''/><property name='Narration' type='narration'>Hi, this is narration test. I would like to ask you how do you feel.</property></properties></addonModule></modules></page>"
    }
  }, 
  {
    "pk": 329, 
    "model": "filestorage.filestorage", 
    "fields": {
      "modified_date": "2013-06-03 09:39:15", 
      "history_for": null, 
      "version": null, 
      "content_type": "text/xml", 
      "created_date": "2013-06-03 09:35:58", 
      "owner": 1, 
      "contents": "<?xml version='1.0' encoding='UTF-8' ?><page layout='pixels' width='0' height='0'><modules><textModule id='Title' left='28' top='11' width='520' height='27' isVisible='true'><text draggable='false' gapWidth='0' isActivity='true' isIgnorePunctuation='false' isDisabled='false' isCaseSensitive='false'><![CDATA[<div style=\"text-align: center;\">Title</div>]]></text></textModule><buttonModule id='PrevPage' left='0' top='358' width='57' height='39' isVisible='true'><button type='prevPage' text='' onclick=''/></buttonModule><buttonModule id='NextPage' left='520' top='358' width='57' height='39' isVisible='true'><button type='nextPage' text='' onclick=''/></buttonModule></modules></page>"
    }
  }, 
  {
    "pk": 330, 
    "model": "filestorage.filestorage", 
    "fields": {
      "modified_date": "2013-06-03 09:38:56", 
      "history_for": null, 
      "version": null, 
      "content_type": "text/xml", 
      "created_date": "2013-06-03 09:35:59", 
      "owner": 1, 
      "contents": "<?xml version='1.0' encoding='UTF-8' ?><page layout='pixels' width='0' height='0'><modules><textModule id='Title' left='28' top='11' width='520' height='27' isVisible='true'><text draggable='false' gapWidth='0' isActivity='true' isIgnorePunctuation='false' isDisabled='false' isCaseSensitive='false'><![CDATA[<div style=\"text-align: center;\">Title</div>]]></text></textModule><buttonModule id='PrevPage' left='0' top='358' width='57' height='39' isVisible='true'><button type='prevPage' text='' onclick=''/></buttonModule><buttonModule id='NextPage' left='520' top='358' width='57' height='39' isVisible='true'><button type='nextPage' text='' onclick=''/></buttonModule><addonModule addonId='video' id='video1' left='37' top='53' width='505' height='297' isVisible='true'><properties><property name='Files' type='list'><template><property name='Ogg video' type='file' value=''/><property name='MP4 video' type='file' value=''/><property name='WebM video' type='file' value=''/><property name='Subtitles' type='text'></property><property name='Poster' type='image' value=''/><property name='ID' type='string' value=''/></template><items><item><property name='Ogg video' type='file' value=''/><property name='MP4 video' type='file' value=''/><property name='WebM video' type='file' value=''/><property name='Subtitles' type='text'></property><property name='Poster' type='image' value=''/><property name='ID' type='string' value=''/></item></items></property><property name='Show video' type='string' value=''/><property name='Show time' type='string' value=''/><property name='Narration' type='narration'>Oh you got to do now, express yourself!</property></properties></addonModule></modules></page>"
    }
  }, 
  {
    "pk": 331, 
    "model": "filestorage.filestorage", 
    "fields": {
      "modified_date": "2013-06-03 09:38:55", 
      "history_for": null, 
      "version": null, 
      "content_type": "text/xml", 
      "created_date": "2013-06-03 09:36:01", 
      "owner": 1, 
      "contents": "<?xml version='1.0' encoding='UTF-8' ?><page layout='pixels' width='0' height='0'><modules><textModule id='Title' left='28' top='11' width='520' height='27' isVisible='true'><text draggable='false' gapWidth='0' isActivity='true' isIgnorePunctuation='false' isDisabled='false' isCaseSensitive='false'><![CDATA[<div style=\"text-align: center;\">Title</div>]]></text></textModule><buttonModule id='PrevPage' left='0' top='358' width='57' height='39' isVisible='true'><button type='prevPage' text='' onclick=''/></buttonModule><buttonModule id='NextPage' left='520' top='358' width='57' height='39' isVisible='true'><button type='nextPage' text='' onclick=''/></buttonModule><addonModule addonId='Audio' id='Audio1' left='128' top='84' width='292' height='189' isVisible='true'><properties><property name='mp3' type='file' value=''/><property name='ogg' type='file' value=''/><property name='defaultControls' type='boolean' value=''/><property name='displayTime' type='boolean' value=''/><property name='enableLoop' type='boolean' value=''/><property name='Narration' type='narration'>Jedyne co daje swiatlo, to blask!</property><property name='onEnd' type='event'></property></properties></addonModule></modules></page>"
    }
  }, 
  {
    "pk": 332, 
    "model": "filestorage.filestorage", 
    "fields": {
      "modified_date": "2013-06-03 09:38:54", 
      "history_for": null, 
      "version": null, 
      "content_type": "text/xml", 
      "created_date": "2013-06-03 09:36:02", 
      "owner": 1, 
      "contents": "<?xml version='1.0' encoding='UTF-8' ?><page layout='pixels' width='0' height='0'><modules><textModule id='Title' left='28' top='11' width='520' height='27' isVisible='true'><text draggable='false' gapWidth='0' isActivity='true' isIgnorePunctuation='false' isDisabled='false' isCaseSensitive='false'><![CDATA[<div style=\"text-align: center;\">Title</div>]]></text></textModule><buttonModule id='PrevPage' left='0' top='358' width='57' height='39' isVisible='true'><button type='prevPage' text='' onclick=''/></buttonModule><buttonModule id='NextPage' left='520' top='358' width='57' height='39' isVisible='true'><button type='nextPage' text='' onclick=''/></buttonModule><addonModule addonId='Slideshow' id='Slideshow1' left='132' top='83' width='351' height='256' isVisible='true'><properties><property name='Audio' type='list'><template><property name='MP3' type='file' value=''/><property name='OGG' type='file' value=''/></template><items><item><property name='MP3' type='file' value=''/><property name='OGG' type='file' value=''/></item></items></property><property name='Slides' type='list'><template><property name='Image' type='file' value=''/><property name='Start' type='string' value=''/></template><items><item><property name='Image' type='file' value=''/><property name='Start' type='string' value=''/></item></items></property><property name='Texts' type='list'><template><property name='Text' type='string' value=''/><property name='Top' type='string' value=''/><property name='Left' type='string' value=''/><property name='Start' type='string' value=''/><property name='End' type='string' value=''/></template><items><item><property name='Text' type='string' value=''/><property name='Top' type='string' value=''/><property name='Left' type='string' value=''/><property name='Start' type='string' value=''/><property name='End' type='string' value=''/></item></items></property><property name='Slide animation' type='boolean' value=''/><property name='Text animation' type='boolean' value=''/><property name='Hide progressbar' type='boolean' value=''/><property name='Show slide' type='string' value=''/><property name='Group next and previous buttons' type='boolean' value=''/><property name='Narration' type='narration'>Narration !</property></properties></addonModule></modules></page>"
    }
  }, 
  {
    "pk": 333, 
    "model": "filestorage.filestorage", 
    "fields": {
      "modified_date": "2013-06-03 09:38:54", 
      "history_for": null, 
      "version": null, 
      "content_type": "text/xml", 
      "created_date": "2013-06-03 09:37:03", 
      "owner": 1, 
      "contents": "<?xml version='1.0' encoding='UTF-8' ?><page layout='pixels' width='0' height='0'><modules><textModule id='Title' left='28' top='11' width='520' height='27' isVisible='true'><text draggable='false' gapWidth='0' isActivity='true' isIgnorePunctuation='false' isDisabled='false' isCaseSensitive='false'><![CDATA[<div style=\"text-align: center;\">Title</div>]]></text></textModule><buttonModule id='PrevPage' left='0' top='358' width='57' height='39' isVisible='true'><button type='prevPage' text='' onclick=''/></buttonModule><buttonModule id='NextPage' left='520' top='358' width='57' height='39' isVisible='true'><button type='nextPage' text='' onclick=''/></buttonModule><addonModule addonId='MultiAudio' id='MultiAudio1' left='47' top='49' width='485' height='293' isVisible='true'><properties><property name='Files' type='list'><template><property name='ID' type='string' value=''/><property name='Mp3' type='file' value=''/><property name='Ogg' type='file' value=''/><property name='Enable loop' type='boolean' value=''/></template><items><item><property name='ID' type='string' value=''/><property name='Mp3' type='file' value=''/><property name='Ogg' type='file' value=''/><property name='Enable loop' type='boolean' value=''/></item></items></property><property name='Interface' type='{None, Default controls, Display time}' value=''/><property name='Narration' type='narration'>Nawet z betonu czasem r00f3017ca wyrasta!</property></properties></addonModule></modules></page>"
    }
  }, 
  {
    "pk": 50, 
    "model": "filestorage.uploadedfile", 
    "fields": {
      "owner": null, 
      "title": null, 
      "content_type": "application/zip", 
      "file": "2u4JOUH5IokjWFcrbLpC82MDDLysIVb626Dq9GqkF3XGqneV5IMoYsCn1xtgG3j4", 
      "filename": null
    }
  }, 
  {
    "pk": 52, 
    "model": "filestorage.uploadedfile", 
    "fields": {
      "owner": null, 
      "title": null, 
      "content_type": "application/zip", 
      "file": "qaHAI6s9yN8pQtbRtOZfshjm9z6LmoQBa99gmig4JTsD6V4dH6ZJpk05qTZ11fRg", 
      "filename": null
    }
  }, 
  {
    "pk": 54, 
    "model": "filestorage.uploadedfile", 
    "fields": {
      "owner": null, 
      "title": null, 
      "content_type": "application/zip", 
      "file": "KEzUVt0ClRu2vTiGpBnaAdYFt3jYDXkFPgVwQDhTEP4elCHYgoh5e2zIckKr5vQY", 
      "filename": null
    }
  }, 
  {
    "pk": 59, 
    "model": "filestorage.uploadedfile", 
    "fields": {
      "owner": null, 
      "title": null, 
      "content_type": null, 
      "file": "sw7ku7xIsG3oPWrxR_-4gQ==/uploads/2013/05/23/06/52/19/1499", 
      "filename": null
    }
  }, 
  {
    "pk": 63, 
    "model": "filestorage.uploadedfile", 
    "fields": {
      "owner": null, 
      "title": null, 
      "content_type": null, 
      "file": "shDgLwfnnMV57fFvfeT7hg==/uploads/2013/05/23/06/52/43/after3.zip", 
      "filename": null
    }
  }, 
  {
    "pk": 64, 
    "model": "filestorage.uploadedfile", 
    "fields": {
      "owner": 1, 
      "title": null, 
      "content_type": "image/png", 
      "file": "AtR0j1tZK6JKl0cmKwl6CBeFCJLFyLLQNN8FtcG0n1TX8ltQOvvhE235wVnGveH8", 
      "filename": "3099.png"
    }
  }, 
  {
    "pk": 65, 
    "model": "filestorage.uploadedfile", 
    "fields": {
      "owner": 1, 
      "title": null, 
      "content_type": "audio/mp3", 
      "file": "Wzh0lAg3z9ZqxCXnCY9CXkbnD2KQ90ajfzQFW7ShKQV0PXkCfgzrLKhSuRdD52ru", 
      "filename": "3100.mp3"
    }
  }, 
  {
    "pk": 66, 
    "model": "filestorage.uploadedfile", 
    "fields": {
      "owner": 1, 
      "title": null, 
      "content_type": "video/ogg", 
      "file": "qeLsbZ4F5pbXlcLUvxOTmvtlLyEHtX5nYn0FcAcATRknX0NfaFQRxJhM8lB9RAoP", 
      "filename": "3101.ogv"
    }
  }, 
  {
    "pk": 67, 
    "model": "filestorage.uploadedfile", 
    "fields": {
      "owner": 1, 
      "title": null, 
      "content_type": "video/ogg", 
      "file": "IPWI8VuN68b1aZkUPL4DJmIgzLO4slk6OQAH843LEtMOj783KmYF1tZnCDfFpvB9", 
      "filename": "3102.ogv"
    }
  }, 
  {
    "pk": 68, 
    "model": "filestorage.uploadedfile", 
    "fields": {
      "owner": 1, 
      "title": null, 
      "content_type": "video/mp4", 
      "file": "Rnj85VowwIJ40ZILiWHeFTc95oCZ2EaxuyWqLmmiNYERWJmmElMPORGmWKvwcI43", 
      "filename": "3103.mp4"
    }
  }, 
  {
    "pk": 69, 
    "model": "filestorage.uploadedfile", 
    "fields": {
      "owner": 1, 
      "title": null, 
      "content_type": "video/webm", 
      "file": "6QXOlt88DoHpo5RslE4LvdXC1dex00K8Mu1XOHMiMNo7mIDSOHTpDFBvuKVolviQ", 
      "filename": "3104.webm"
    }
  }, 
  {
    "pk": 70, 
    "model": "filestorage.uploadedfile", 
    "fields": {
      "owner": 1, 
      "title": null, 
      "content_type": "image/png", 
      "file": "RqUmBm3SL8GTbId2Hxc0rTFvNGn9aoVt1wCearZZzecm2zuZDAoAJrlBCZCnIBco", 
      "filename": "3105.png"
    }
  }, 
  {
    "pk": 71, 
    "model": "filestorage.uploadedfile", 
    "fields": {
      "owner": 1, 
      "title": null, 
      "content_type": "video/ogg", 
      "file": "Mq4lt3PjP64JXDHZAQOjsVnqJ0Yc21JZx0AACynXd6N8QXefNEE2k9R5nvkUfyww", 
      "filename": "3106.ogv"
    }
  }, 
  {
    "pk": 72, 
    "model": "filestorage.uploadedfile", 
    "fields": {
      "owner": 1, 
      "title": null, 
      "content_type": "video/mp4", 
      "file": "TcchglvXq0X1bT4nsEsAGr4upAaQ9Ltd8y18nSdfRh09DMnKWfMNp3uEXovDWHKb", 
      "filename": "3107.mp4"
    }
  }, 
  {
    "pk": 73, 
    "model": "filestorage.uploadedfile", 
    "fields": {
      "owner": 1, 
      "title": null, 
      "content_type": "video/webm", 
      "file": "vIPHUqXIlfjdX97vcWTuKsqjVIkZHeKCqEqT3JnCZrgOLC9tzzGBVPJsJWI4c5f8", 
      "filename": "3108.webm"
    }
  }, 
  {
    "pk": 74, 
    "model": "filestorage.uploadedfile", 
    "fields": {
      "owner": 1, 
      "title": null, 
      "content_type": "image/png", 
      "file": "xDHMw2O5gPbEvi0Jv0KRJGib9cnYHZyahJLKSGAdzuh1WFtWySTSd61uRIdEHfQZ", 
      "filename": "3109.png"
    }
  }, 
  {
    "pk": 75, 
    "model": "filestorage.uploadedfile", 
    "fields": {
      "owner": 1, 
      "title": null, 
      "content_type": "video/ogg", 
      "file": "EoAqKeAlZ2xymnmMb4u7CSy4kYfN8G6dfjJIoAM0EFjDpOkrLt9nBLJGRRDGP6nx", 
      "filename": "3110.ogv"
    }
  }, 
  {
    "pk": 76, 
    "model": "filestorage.uploadedfile", 
    "fields": {
      "owner": 1, 
      "title": null, 
      "content_type": "video/mp4", 
      "file": "jqkakY2ZrQvZw1ngkT9Lo3ClWdd4yUtbniMFwE6b1irlX1HXiueteAI7LQTsguxl", 
      "filename": "3111.mp4"
    }
  }, 
  {
    "pk": 77, 
    "model": "filestorage.uploadedfile", 
    "fields": {
      "owner": 1, 
      "title": null, 
      "content_type": "video/webm", 
      "file": "c3I2Fw5Bqx7GM7NM0tfQUiDodgA4UXJaaDUi1RxOj06P15OxpfMz9ALZO2jRDad5", 
      "filename": "3112.webm"
    }
  }, 
  {
    "pk": 78, 
    "model": "filestorage.uploadedfile", 
    "fields": {
      "owner": 1, 
      "title": null, 
      "content_type": "image/png", 
      "file": "GmOXcf7C7FsosLGLJFIjtM20Sk1vIfiG7yzr1fXKOTTwfiO1MQHH4mLq8u7tBxRM", 
      "filename": "3113.png"
    }
  }, 
  {
    "pk": 79, 
    "model": "filestorage.uploadedfile", 
    "fields": {
      "owner": 1, 
      "title": null, 
      "content_type": "video/ogg", 
      "file": "D3KfcoBcZRrxuQpZHm5Gsgk4vpf3FBCazXidYUZGrNNK7K2A9P4nues2ZySym5z4", 
      "filename": "3114.ogv"
    }
  }, 
  {
    "pk": 80, 
    "model": "filestorage.uploadedfile", 
    "fields": {
      "owner": 1, 
      "title": null, 
      "content_type": "video/mp4", 
      "file": "ltrfabgKYitoSN6esYw0agMs5NkXQewpxSsebgwZ5xbe7DIq1WPIBx50uH0cuYOM", 
      "filename": "3115.mp4"
    }
  }, 
  {
    "pk": 81, 
    "model": "filestorage.uploadedfile", 
    "fields": {
      "owner": 1, 
      "title": null, 
      "content_type": "video/webm", 
      "file": "dh3zGgHes300t39btEEuBJttEKdD2PLcrnKTZKSyIXaYWSJVgIX7wkdnAsmLUtX0", 
      "filename": "3116.webm"
    }
  }, 
  {
    "pk": 82, 
    "model": "filestorage.uploadedfile", 
    "fields": {
      "owner": 1, 
      "title": null, 
      "content_type": "image/png", 
      "file": "SZnEtCffn3MVU8I4IagrrkIhe5G5Ak0sFQdeb8GZcIGC4qvrgchiGg6ZhhirQVJB", 
      "filename": "3117.png"
    }
  }, 
  {
    "pk": 83, 
    "model": "filestorage.uploadedfile", 
    "fields": {
      "owner": 1, 
      "title": null, 
      "content_type": "video/ogg", 
      "file": "FRloaTIGLFDJlCBoN7S2rXjvGIrw5IscUYNpuDgkm0CFdgGB54EomxB7bCE61VUr", 
      "filename": "3118.ogv"
    }
  }, 
  {
    "pk": 84, 
    "model": "filestorage.uploadedfile", 
    "fields": {
      "owner": 1, 
      "title": null, 
      "content_type": "video/mp4", 
      "file": "3BYNGC6yiiPmgFG4Nz9qV2gMPNSS8gYCVWHWz9akMGPgTHjIROCFaEusRNrWRVSJ", 
      "filename": "3119.mp4"
    }
  }, 
  {
    "pk": 85, 
    "model": "filestorage.uploadedfile", 
    "fields": {
      "owner": 1, 
      "title": null, 
      "content_type": "video/webm", 
      "file": "YnM12PLEzwIFTIX8FdnhgmpMQo5jBeWqCtTAUtRE8oQqOIscUGLTofjNgsfpWBtP", 
      "filename": "3120.webm"
    }
  }, 
  {
    "pk": 86, 
    "model": "filestorage.uploadedfile", 
    "fields": {
      "owner": 1, 
      "title": null, 
      "content_type": "image/png", 
      "file": "WMLPAnRl9trQOgOETnEthlUi61dXo3VwK8X2GAEupWKhjcIluqqMKFuGrdDtkbVN", 
      "filename": "3121.png"
    }
  }, 
  {
    "pk": 87, 
    "model": "filestorage.uploadedfile", 
    "fields": {
      "owner": 1, 
      "title": null, 
      "content_type": "video/ogg", 
      "file": "Vg0Mew9c5NMF5dPxDmo9EBwlTCedb7nCakp1jgNP1UNvgMK0lv59N2lICzRj5zBc", 
      "filename": "3122.ogv"
    }
  }, 
  {
    "pk": 88, 
    "model": "filestorage.uploadedfile", 
    "fields": {
      "owner": 1, 
      "title": null, 
      "content_type": "video/mp4", 
      "file": "JfXoskkbv3uueTZ0OLpolLHh0kVwmgKzxA5KGVHGxnjCA4Rz98NGeZMxg45a845B", 
      "filename": "3123.mp4"
    }
  }, 
  {
    "pk": 89, 
    "model": "filestorage.uploadedfile", 
    "fields": {
      "owner": 1, 
      "title": null, 
      "content_type": "video/webm", 
      "file": "2CVv6SNsC2ST6XSTH5DlzEqFqAnpyA0Xibiy82sOrfj25J72YLUr9QXoak49wOGl", 
      "filename": "3124.webm"
    }
  }, 
  {
    "pk": 90, 
    "model": "filestorage.uploadedfile", 
    "fields": {
      "owner": 1, 
      "title": null, 
      "content_type": "image/png", 
      "file": "to8GZfLTH82KulH4zWVRTppF7XB3IP6jVrHXtPFNY9BfZPbd8lXq4E7EY7BbfGNH", 
      "filename": "3125.png"
    }
  }, 
  {
    "pk": 91, 
    "model": "filestorage.uploadedfile", 
    "fields": {
      "owner": 1, 
      "title": null, 
      "content_type": "image/png", 
      "file": "3CbKxPy5YujuDpy8lmvcdJXlbHeYWeJ9y3oN2uSVXSsDiw7IPLMGNSpePmK0Rxl8", 
      "filename": "3126.png"
    }
  }, 
  {
    "pk": 92, 
    "model": "filestorage.uploadedfile", 
    "fields": {
      "owner": 1, 
      "title": null, 
      "content_type": "image/svg+xml", 
      "file": "Wp0uG22bFtxx7gU30BBKAh3WHvJYG26aO8XWubgKgWw5ccJh7errHZsKCCcBlenW", 
      "filename": "3127.svg"
    }
  }, 
  {
    "pk": 93, 
    "model": "filestorage.uploadedfile", 
    "fields": {
      "owner": 1, 
      "title": null, 
      "content_type": "image/svg+xml", 
      "file": "EgWi5XerZGuRXpwumI2mU1SAO9BNHHSFScODqVUXN2UW9bmZnpeFSxk7RwyZClQ5", 
      "filename": "3128.svg"
    }
  }, 
  {
    "pk": 94, 
    "model": "filestorage.uploadedfile", 
    "fields": {
      "owner": 1, 
      "title": null, 
      "content_type": "image/svg+xml", 
      "file": "fO1XK3OUs40SVcsEVk73hU84xtCl8F8UzUaFBR8FaRBwObgimHFJw0Bs66zA9SNk", 
      "filename": "3129.svg"
    }
  }, 
  {
    "pk": 95, 
    "model": "filestorage.uploadedfile", 
    "fields": {
      "owner": 1, 
      "title": null, 
      "content_type": "image/svg+xml", 
      "file": "n24uk5tyDlH6yIjuKjttLWlx1weenhVt4sUAdM9DkBtrZ1MYOnzk4slgvnhMrkhC", 
      "filename": "3130.svg"
    }
  }, 
  {
    "pk": 96, 
    "model": "filestorage.uploadedfile", 
    "fields": {
      "owner": 1, 
      "title": null, 
      "content_type": "image/svg+xml", 
      "file": "VZEbM5daCmVmAIVHdHNsgTI7urMziCSlMN6C4yGER9yqCCqlWpN5IfqFgm2p7CpV", 
      "filename": "3131.svg"
    }
  }, 
  {
    "pk": 97, 
    "model": "filestorage.uploadedfile", 
    "fields": {
      "owner": 1, 
      "title": null, 
      "content_type": "image/svg+xml", 
      "file": "266GEC7iaYuAT9jT4iLBZdu0libaPS8wAc2ALSi0aGqIv6L0qaIRRgXJFix3Ufi6", 
      "filename": "3132.svg"
    }
  }, 
  {
    "pk": 98, 
    "model": "filestorage.uploadedfile", 
    "fields": {
      "owner": 1, 
      "title": null, 
      "content_type": "image/svg+xml", 
      "file": "vcJRirclg4MjMYT3o2OdAtVxyCFWD2sp6Ifzpuk91J5eXVexDmPW6NJFRxslZ6Nc", 
      "filename": "3133.svg"
    }
  }, 
  {
    "pk": 99, 
    "model": "filestorage.uploadedfile", 
    "fields": {
      "owner": 1, 
      "title": null, 
      "content_type": "image/svg+xml", 
      "file": "F77U9XHyyqCnegyTaICyq0zO9B8T9eiet5EwCdAhYOow0d9UAxsJk2e7FLcwWfgn", 
      "filename": "3134.svg"
    }
  }, 
  {
    "pk": 100, 
    "model": "filestorage.uploadedfile", 
    "fields": {
      "owner": 1, 
      "title": null, 
      "content_type": "image/svg+xml", 
      "file": "TjbyQgIekVZZbsV4d6elMKO531LALfS9RcaBch4FJM5pVlAvQBc9awSesFP8HwMF", 
      "filename": "3135.svg"
    }
  }, 
  {
    "pk": 101, 
    "model": "filestorage.uploadedfile", 
    "fields": {
      "owner": 1, 
      "title": null, 
      "content_type": "image/png", 
      "file": "MLwfyCHIsXy9XrNXZR1Egu1Za0lAg0ujmPkDZVpDlN3X5JdDEcegfAXGfl1U0nEr", 
      "filename": "3136.png"
    }
  }, 
  {
    "pk": 102, 
    "model": "filestorage.uploadedfile", 
    "fields": {
      "owner": 1, 
      "title": null, 
      "content_type": "image/png", 
      "file": "9cCmSilnmFT2C0TPedlqjNFlccxo5X3p0eyhOc03jVYrgmLwDp3ddpWLNlShlglh", 
      "filename": "3137.png"
    }
  }, 
  {
    "pk": 103, 
    "model": "filestorage.uploadedfile", 
    "fields": {
      "owner": 1, 
      "title": null, 
      "content_type": "image/svg+xml", 
      "file": "h6orskeaUWjKS7IKPOXZLPNp8D5bE31OxTB9wSjlnMpUgStGLHPIM47e9GDqLDN5", 
      "filename": "3138.svg"
    }
  }, 
  {
    "pk": 104, 
    "model": "filestorage.uploadedfile", 
    "fields": {
      "owner": 1, 
      "title": null, 
      "content_type": "image/svg+xml", 
      "file": "4BPncc066DaP0rNIBlVNU3woM4JDiJ6rXSNfEcMymySCp8U5l1Ot9Qsap9BIvlNo", 
      "filename": "3139.svg"
    }
  }, 
  {
    "pk": 105, 
    "model": "filestorage.uploadedfile", 
    "fields": {
      "owner": 1, 
      "title": null, 
      "content_type": "image/svg+xml", 
      "file": "yPEtQbEbQpM7Hh0ZjyeTWK19PCy6R0VkBrQqdTc0zPNEwO7mPBKRt4oFRTLAHqKX", 
      "filename": "3140.svg"
    }
  }, 
  {
    "pk": 106, 
    "model": "filestorage.uploadedfile", 
    "fields": {
      "owner": 1, 
      "title": null, 
      "content_type": "image/svg+xml", 
      "file": "2E8lb6Rs2tCKWg84NooLaOsVl2bmJGFVWi6gWVjDUlf2w2MNZv91DsR4EkMXQq1Z", 
      "filename": "3141.svg"
    }
  }, 
  {
    "pk": 107, 
    "model": "filestorage.uploadedfile", 
    "fields": {
      "owner": 1, 
      "title": null, 
      "content_type": "image/svg+xml", 
      "file": "mQgqhx4ogEr5euVbgItMfprZiXbGjXlIyaGfkdzLGUNTm2BIQMs5PYT5903RGmjc", 
      "filename": "3142.svg"
    }
  }, 
  {
    "pk": 108, 
    "model": "filestorage.uploadedfile", 
    "fields": {
      "owner": 1, 
      "title": null, 
      "content_type": "image/svg+xml", 
      "file": "UN6AIEFIXtvlRP4EEYLz0x8a5SChkjUdgWusGA36NicPTFgLJexGxJWexTgICIS1", 
      "filename": "3143.svg"
    }
  }, 
  {
    "pk": 109, 
    "model": "filestorage.uploadedfile", 
    "fields": {
      "owner": 1, 
      "title": null, 
      "content_type": "image/png", 
      "file": "TUH0y0kGpoyKcpR3ZS2Uo6NOSyEh0qLJvlI1ejRLqTuFzRWvajyeCuYS8PdqcdJU", 
      "filename": "3144.png"
    }
  }, 
  {
    "pk": 110, 
    "model": "filestorage.uploadedfile", 
    "fields": {
      "owner": 1, 
      "title": null, 
      "content_type": "image/png", 
      "file": "klAADWoeItfOpNBXLzZ17Ev7UkQOEH5giJKBhp1D87ixlbLMrD0pneNrFssS40UG", 
      "filename": "3145.png"
    }
  }, 
  {
    "pk": 111, 
    "model": "filestorage.uploadedfile", 
    "fields": {
      "owner": 1, 
      "title": null, 
      "content_type": "image/png", 
      "file": "PWLSgNu4Vdcxd0lZKr6jsLTOh9tqQlqdDGTXL6Jghxno4CaKguhq59ioXQsCq9nI", 
      "filename": "3146.png"
    }
  }, 
  {
    "pk": 112, 
    "model": "filestorage.uploadedfile", 
    "fields": {
      "owner": 1, 
      "title": null, 
      "content_type": "image/svg+xml", 
      "file": "XOKimlJa7kfd8h0ct9ZMTeqLfqu7tPvI0lCrffJHwiLZoviKd5oWbmbKobf13s2u", 
      "filename": "3147.svg"
    }
  }, 
  {
    "pk": 113, 
    "model": "filestorage.uploadedfile", 
    "fields": {
      "owner": 1, 
      "title": null, 
      "content_type": "image/svg+xml", 
      "file": "ONCyFxCDX4t9zqz9Ewsi4C2dCVKIOmXqfNgIu3spZCJO85c9juBM8i1PE8ZvFf4Z", 
      "filename": "3148.svg"
    }
  }, 
  {
    "pk": 114, 
    "model": "filestorage.uploadedfile", 
    "fields": {
      "owner": 1, 
      "title": null, 
      "content_type": "image/svg+xml", 
      "file": "P3xvhdgWCzwNBvLs4V3Mw9cvwIMJN93eYofnJ3qTHg72e6DOyGo9feDYV4hXVr0G", 
      "filename": "3149.svg"
    }
  }, 
  {
    "pk": 115, 
    "model": "filestorage.uploadedfile", 
    "fields": {
      "owner": 1, 
      "title": null, 
      "content_type": "image/svg+xml", 
      "file": "NEKPitZ11do4Jh3KKPYADOrvTTsTfZCBrDB9gc6YZ35k18sCgrzFUW2efIwf8lTH", 
      "filename": "3150.svg"
    }
  }, 
  {
    "pk": 116, 
    "model": "filestorage.uploadedfile", 
    "fields": {
      "owner": 1, 
      "title": null, 
      "content_type": "image/svg+xml", 
      "file": "xuGScdRgzTcWOSG1V8BWx3Ke9PxAXC10HD1mGkOdx196KCYQFpq4bAZ0fHwhNl4Q", 
      "filename": "3151.svg"
    }
  }, 
  {
    "pk": 117, 
    "model": "filestorage.uploadedfile", 
    "fields": {
      "owner": 1, 
      "title": null, 
      "content_type": "image/svg+xml", 
      "file": "Ht1ZEhlio61dTAJAZcUVIC6gxmfDYu1VFv0Y1dcHSTrRVabBtDMiivLf08EXW2MA", 
      "filename": "3152.svg"
    }
  }, 
  {
    "pk": 118, 
    "model": "filestorage.uploadedfile", 
    "fields": {
      "owner": 1, 
      "title": null, 
      "content_type": "image/svg+xml", 
      "file": "mT1N56UUa2hT0YlZCiia99JixuFrE5Lod6WCIlWGHPT9q6pmiJoFKwN3uq5TfRRv", 
      "filename": "3153.svg"
    }
  }, 
  {
    "pk": 119, 
    "model": "filestorage.uploadedfile", 
    "fields": {
      "owner": 1, 
      "title": null, 
      "content_type": "image/svg+xml", 
      "file": "atgg31UVvqG9YqYqWK24UeRFJurmx891sAcdkYYhAklmCTyxXaculPtwaoBiEV16", 
      "filename": "3154.svg"
    }
  }, 
  {
    "pk": 120, 
    "model": "filestorage.uploadedfile", 
    "fields": {
      "owner": 1, 
      "title": null, 
      "content_type": "image/svg+xml", 
      "file": "ubKa9P0brfdXolvMK4XUGInxChr2jyALqK59dloAhzW6juEb1iYNvxygLqsFasMa", 
      "filename": "3155.svg"
    }
  }, 
  {
    "pk": 121, 
    "model": "filestorage.uploadedfile", 
    "fields": {
      "owner": 1, 
      "title": null, 
      "content_type": "image/png", 
      "file": "ATzCR2CxqgNjEcJw0dxvAhQXusLwcmOmC83bHS4z0WSNcxX9ZIPOWlfCNGQtgfXB", 
      "filename": "3156.png"
    }
  }, 
  {
    "pk": 122, 
    "model": "filestorage.uploadedfile", 
    "fields": {
      "owner": 1, 
      "title": null, 
      "content_type": "image/png", 
      "file": "Fguf0O8qyFqlqmOuZFoUBymOhDovD6GuURx5ytNNFntQ4AnQ9j24BhUru1cdOZeJ", 
      "filename": "3157.png"
    }
  }, 
  {
    "pk": 123, 
    "model": "filestorage.uploadedfile", 
    "fields": {
      "owner": 1, 
      "title": null, 
      "content_type": "image/png", 
      "file": "ZQHxyoH6jk0GyUBAarhLNr9S2jlojTIalgTvXg7ZArQEK5St7Aa4PCc6vIrz2WV2", 
      "filename": "3158.png"
    }
  }, 
  {
    "pk": 124, 
    "model": "filestorage.uploadedfile", 
    "fields": {
      "owner": 1, 
      "title": null, 
      "content_type": "image/png", 
      "file": "WWQH788f0pzDYNL6rTfL19OvkkUlxrgsAo8I4CDAXSaGo3ra2tyOcF2YSULDYPq6", 
      "filename": "3159.png"
    }
  }, 
  {
    "pk": 125, 
    "model": "filestorage.uploadedfile", 
    "fields": {
      "owner": 1, 
      "title": null, 
      "content_type": "image/png", 
      "file": "I3vIAwmFTz8RnQydWiEyBgfLfTnHmZ9y3L7XLMBaXDCn1voKQOjchIER40cVLxNH", 
      "filename": "3160.png"
    }
  }, 
  {
    "pk": 126, 
    "model": "filestorage.uploadedfile", 
    "fields": {
      "owner": 1, 
      "title": null, 
      "content_type": "image/png", 
      "file": "mjhYRccCdYIkLPUt9KobBYPQ9iPmr4Hw0hlMmFCwd1rmopCdTt9WIKHhUBpxhpZG", 
      "filename": "3161.png"
    }
  }, 
  {
    "pk": 127, 
    "model": "filestorage.uploadedfile", 
    "fields": {
      "owner": 1, 
      "title": null, 
      "content_type": "image/svg+xml", 
      "file": "UF6vcLsaIGWClxOrFmdYzu3G50PNItvhk9m9HLhHamvjJ5AIVBGolZI7lqN4hqzi", 
      "filename": "3162.svg"
    }
  }, 
  {
    "pk": 128, 
    "model": "filestorage.uploadedfile", 
    "fields": {
      "owner": 1, 
      "title": null, 
      "content_type": "image/png", 
      "file": "DglxkMJfOe7RNJsot8xx6PS34tct1ex6tEU3o84qQNRFgZLBYPybmALeheNiWnCh", 
      "filename": "3163.png"
    }
  }, 
  {
    "pk": 129, 
    "model": "filestorage.uploadedfile", 
    "fields": {
      "owner": 1, 
      "title": null, 
      "content_type": "image/png", 
      "file": "yfnVEY3CCARck36nxpKzRKHLFNO0CVoKq7XpCIlzZueCS2ooGOVzO0CwvtDIpWqF", 
      "filename": "3164.png"
    }
  }, 
  {
    "pk": 130, 
    "model": "filestorage.uploadedfile", 
    "fields": {
      "owner": 1, 
      "title": null, 
      "content_type": "image/svg+xml", 
      "file": "eNA7gzLAVViZzvxr8mLSiiLiTJ8yOW74GtCQZfbwMpjbWsMN03Z0U8KOSB2BM2ZA", 
      "filename": "3165.svg"
    }
  }, 
  {
    "pk": 131, 
    "model": "filestorage.uploadedfile", 
    "fields": {
      "owner": 1, 
      "title": null, 
      "content_type": "image/png", 
      "file": "S2VgmTBRyJ23yHJVQZKog2rlbGcAYgZiqCu7JinbJ7tRek2kOqfLKsMXqJKM0psb", 
      "filename": "3193.png"
    }
  }, 
  {
    "pk": 146, 
    "model": "filestorage.uploadedfile", 
    "fields": {
      "owner": null, 
      "title": null, 
      "content_type": "application/zip", 
      "file": "GQW0IO8IOCX4SfqrKOOA6GWMSIRYVe0ZILxS77VtMweIYBaQdkSSf1kABMH5uSFb", 
      "filename": null
    }
  }, 
  {
    "pk": 151, 
    "model": "filestorage.uploadedfile", 
    "fields": {
      "owner": null, 
      "title": null, 
      "content_type": null, 
      "file": "Ej5ZamxsBQs8HTq3JvN4WQ==/uploads/2013/05/23/06/56/28/after3.zip", 
      "filename": null
    }
  }, 
  {
    "pk": 152, 
    "model": "filestorage.uploadedfile", 
    "fields": {
      "owner": 1, 
      "title": null, 
      "content_type": "image/png", 
      "file": "AxawYPoBwGQ2TiGX6BuPPIcYjyOoa4sntf9L70DE71La9fxNSAP6gOLIRy0B9CfC", 
      "filename": "3099.png"
    }
  }, 
  {
    "pk": 153, 
    "model": "filestorage.uploadedfile", 
    "fields": {
      "owner": 1, 
      "title": null, 
      "content_type": "audio/mp3", 
      "file": "mfcjZXCXB0oEBJ3I1rVZzVXF0XAFQ4GxkG7JLps9irV3fDsGE21zqCstrWqHTaps", 
      "filename": "3100.mp3"
    }
  }, 
  {
    "pk": 154, 
    "model": "filestorage.uploadedfile", 
    "fields": {
      "owner": 1, 
      "title": null, 
      "content_type": "video/ogg", 
      "file": "Yy6SCocey9smuR1KRtDnRL8Vtj6x4ZAXEUIw2QwuQjE5MPSiWuLPQB8ILb4JL2jZ", 
      "filename": "3101.ogv"
    }
  }, 
  {
    "pk": 155, 
    "model": "filestorage.uploadedfile", 
    "fields": {
      "owner": 1, 
      "title": null, 
      "content_type": "video/ogg", 
      "file": "J7imRGEhRwa4qlUSe0Soz0cwXWzIXqGeijLtrBBXv0uYDauvdvLlYVEoJZE38IGT", 
      "filename": "3102.ogv"
    }
  }, 
  {
    "pk": 156, 
    "model": "filestorage.uploadedfile", 
    "fields": {
      "owner": 1, 
      "title": null, 
      "content_type": "video/mp4", 
      "file": "W6Umi4xu5GZ2NG9nh2wpkV01hUmeYySas9niUbB7lV3uEt90obtgwvooa3lZnNWG", 
      "filename": "3103.mp4"
    }
  }, 
  {
    "pk": 157, 
    "model": "filestorage.uploadedfile", 
    "fields": {
      "owner": 1, 
      "title": null, 
      "content_type": "video/webm", 
      "file": "gsoyT69ZPNrSJVrVR96EjUU1pZ6CXzJeapdyudnMviaJ6uiGi6bolDBoQlaBZkgD", 
      "filename": "3104.webm"
    }
  }, 
  {
    "pk": 158, 
    "model": "filestorage.uploadedfile", 
    "fields": {
      "owner": 1, 
      "title": null, 
      "content_type": "image/png", 
      "file": "NTlXkyeNTRMvYT2ymmqH8itM0SkvaH2TERvL2uIX0uJlAM6kQTC1tXjrkSPtOfr8", 
      "filename": "3105.png"
    }
  }, 
  {
    "pk": 159, 
    "model": "filestorage.uploadedfile", 
    "fields": {
      "owner": 1, 
      "title": null, 
      "content_type": "video/ogg", 
      "file": "kI9g3SXnxt4n0kvETwBIh5on789K37I0dIO01euzSSf2iZS5i5WkrD9T4sd6q3lH", 
      "filename": "3106.ogv"
    }
  }, 
  {
    "pk": 160, 
    "model": "filestorage.uploadedfile", 
    "fields": {
      "owner": 1, 
      "title": null, 
      "content_type": "video/mp4", 
      "file": "qQTHGO6lm2euIxyMEkP2XilwYptoDJgqx6jxLlYPSXJKV3tnLkxwgpENToHTxUob", 
      "filename": "3107.mp4"
    }
  }, 
  {
    "pk": 161, 
    "model": "filestorage.uploadedfile", 
    "fields": {
      "owner": 1, 
      "title": null, 
      "content_type": "video/webm", 
      "file": "u6WuzEnoLC2Y2Etn0fniwYGXlprOV0yItV1k0ZtNLclTW99oE69zyVaaSiEgLcqE", 
      "filename": "3108.webm"
    }
  }, 
  {
    "pk": 162, 
    "model": "filestorage.uploadedfile", 
    "fields": {
      "owner": 1, 
      "title": null, 
      "content_type": "image/png", 
      "file": "W0JpEzSJ1c0DhzmTzffMpdxBbGREoLVEMz5lG3eBSNx3irvpw85PXf66ig3yiMGl", 
      "filename": "3109.png"
    }
  }, 
  {
    "pk": 163, 
    "model": "filestorage.uploadedfile", 
    "fields": {
      "owner": 1, 
      "title": null, 
      "content_type": "video/ogg", 
      "file": "1cLF5n0EfNqWAcp0YtaToAhXoe9f5Y8qv3kyy87ejQ0cLlyAwAHzEjx6t1cGOMh1", 
      "filename": "3110.ogv"
    }
  }, 
  {
    "pk": 164, 
    "model": "filestorage.uploadedfile", 
    "fields": {
      "owner": 1, 
      "title": null, 
      "content_type": "video/mp4", 
      "file": "1aQfl8QCQH6WGadkuNx15Wfe4Ww7fuFGEc5aPflMQ1BpKq8v5AFusamEUIztE8nz", 
      "filename": "3111.mp4"
    }
  }, 
  {
    "pk": 165, 
    "model": "filestorage.uploadedfile", 
    "fields": {
      "owner": 1, 
      "title": null, 
      "content_type": "video/webm", 
      "file": "vmD1OO6Logy4XI73ZrdNiQ7DDzZrl2JH3AJyxTTYhVOaXx8US3n4vOyfMws4XA3n", 
      "filename": "3112.webm"
    }
  }, 
  {
    "pk": 166, 
    "model": "filestorage.uploadedfile", 
    "fields": {
      "owner": 1, 
      "title": null, 
      "content_type": "image/png", 
      "file": "jhAPK2FfVzjjmox8bMGXYLLc5i814nTAZg2AukiMBNXZphdGszexjuK3iNbyeVEw", 
      "filename": "3113.png"
    }
  }, 
  {
    "pk": 167, 
    "model": "filestorage.uploadedfile", 
    "fields": {
      "owner": 1, 
      "title": null, 
      "content_type": "video/ogg", 
      "file": "LrbVCkVGg3QWf3mWNdqTjEYgmOLpICtOwUOPkUiSyzFDGuxBbzUFi6FrPcVK0pE6", 
      "filename": "3114.ogv"
    }
  }, 
  {
    "pk": 168, 
    "model": "filestorage.uploadedfile", 
    "fields": {
      "owner": 1, 
      "title": null, 
      "content_type": "video/mp4", 
      "file": "quOn6xHn2uOSLvQLTBmLNCwauqR735RHLFFMPx8nguhAcCgUm1BNGQUsKpBJCgD9", 
      "filename": "3115.mp4"
    }
  }, 
  {
    "pk": 169, 
    "model": "filestorage.uploadedfile", 
    "fields": {
      "owner": 1, 
      "title": null, 
      "content_type": "video/webm", 
      "file": "01EItoiMAC33Biza5sIJMEruNd1Y34grQTJ8JxFfNxWSsoT4jRE53USDfZp50e6h", 
      "filename": "3116.webm"
    }
  }, 
  {
    "pk": 170, 
    "model": "filestorage.uploadedfile", 
    "fields": {
      "owner": 1, 
      "title": null, 
      "content_type": "image/png", 
      "file": "hCIfBKzqEXRx0VHWTSsrQnFagEPDedHVmYGBBebcebYYeKYLg70wHMlSejlezSj1", 
      "filename": "3117.png"
    }
  }, 
  {
    "pk": 171, 
    "model": "filestorage.uploadedfile", 
    "fields": {
      "owner": 1, 
      "title": null, 
      "content_type": "video/ogg", 
      "file": "4Y3KvyxOIZtrkh586HtuWXvizcqiuLAHZRXwWaIrvnoohkY6B4FkCDR3EMMVUPdf", 
      "filename": "3118.ogv"
    }
  }, 
  {
    "pk": 172, 
    "model": "filestorage.uploadedfile", 
    "fields": {
      "owner": 1, 
      "title": null, 
      "content_type": "video/mp4", 
      "file": "yXVOgEgg9d4IFUr1qL3ouzANa6nmpZlZEa9sAVVUzcYFNxzkXzZS5GwTfSKf80Vf", 
      "filename": "3119.mp4"
    }
  }, 
  {
    "pk": 173, 
    "model": "filestorage.uploadedfile", 
    "fields": {
      "owner": 1, 
      "title": null, 
      "content_type": "video/webm", 
      "file": "QlTY0fM4PIXu9rKjsSw0x1wSOMddFFgG1nSVnnFe3MQ8qZMhLpZOcV8BK3vTGFC1", 
      "filename": "3120.webm"
    }
  }, 
  {
    "pk": 174, 
    "model": "filestorage.uploadedfile", 
    "fields": {
      "owner": 1, 
      "title": null, 
      "content_type": "image/png", 
      "file": "EhBNIufnlH6fUJUTC0QqHNUQDE5DY4eE63gP5vJwRhtpbh6aVwCoIX9jZcnBgK7B", 
      "filename": "3121.png"
    }
  }, 
  {
    "pk": 175, 
    "model": "filestorage.uploadedfile", 
    "fields": {
      "owner": 1, 
      "title": null, 
      "content_type": "video/ogg", 
      "file": "AKfaeBVGTzIBtxjpWUzaaOMQWati5CgjI5CwRt1NTuzOhYmxYI0PHxl9EwEJkQYU", 
      "filename": "3122.ogv"
    }
  }, 
  {
    "pk": 176, 
    "model": "filestorage.uploadedfile", 
    "fields": {
      "owner": 1, 
      "title": null, 
      "content_type": "video/mp4", 
      "file": "ZNzErV2RF70B2tAateREp8YQMKthZcof2FbIGDxAg4ToV6Ny3aLpnmekktgLAIYt", 
      "filename": "3123.mp4"
    }
  }, 
  {
    "pk": 177, 
    "model": "filestorage.uploadedfile", 
    "fields": {
      "owner": 1, 
      "title": null, 
      "content_type": "video/webm", 
      "file": "KcddArv4Ib9CHOKq3AWWzfXVRNqGQkT53gMB1h2LJx4sCvEuuZyZbQwPqlYEcW0B", 
      "filename": "3124.webm"
    }
  }, 
  {
    "pk": 178, 
    "model": "filestorage.uploadedfile", 
    "fields": {
      "owner": 1, 
      "title": null, 
      "content_type": "image/png", 
      "file": "PrwBoLYHk7ZeVhDFlFmsWLd5ggITc8SJpg9kj4WRKKhqyLRDTqNv9QaXJSNkH1oV", 
      "filename": "3125.png"
    }
  }, 
  {
    "pk": 179, 
    "model": "filestorage.uploadedfile", 
    "fields": {
      "owner": 1, 
      "title": null, 
      "content_type": "image/png", 
      "file": "GNBoPyikK2yxwiKZ4Iq2fEbACnJMMDQfGdb7faCPH7aNRaI5Bmz0thiXHvCfsXEN", 
      "filename": "3126.png"
    }
  }, 
  {
    "pk": 180, 
    "model": "filestorage.uploadedfile", 
    "fields": {
      "owner": 1, 
      "title": null, 
      "content_type": "image/svg+xml", 
      "file": "Id7JzeQvS0FXGx5RBm3qs4xQ4t8iduIeZkvT5U61d1AWGEySUirs5zJO4O81YcjQ", 
      "filename": "3127.svg"
    }
  }, 
  {
    "pk": 181, 
    "model": "filestorage.uploadedfile", 
    "fields": {
      "owner": 1, 
      "title": null, 
      "content_type": "image/svg+xml", 
      "file": "18aPbKlkjfpxBtShXysZDa9x6QhJzHBhoIXl4y94b3oxf2qhfkMnVl27737nWBNc", 
      "filename": "3128.svg"
    }
  }, 
  {
    "pk": 182, 
    "model": "filestorage.uploadedfile", 
    "fields": {
      "owner": 1, 
      "title": null, 
      "content_type": "image/svg+xml", 
      "file": "ox0lbsRm0EWEyvrSDisU2e9bjTzG6dG2xqD9ZPkm904zYYhjhG7n0Wvq2LTvDYH8", 
      "filename": "3129.svg"
    }
  }, 
  {
    "pk": 183, 
    "model": "filestorage.uploadedfile", 
    "fields": {
      "owner": 1, 
      "title": null, 
      "content_type": "image/svg+xml", 
      "file": "YkS5NMYJ7V3dv5DAWqT2hGgCLfacACMDdGOjl8TDrSM1lEAFdsN0aLODu81Hy6t9", 
      "filename": "3130.svg"
    }
  }, 
  {
    "pk": 184, 
    "model": "filestorage.uploadedfile", 
    "fields": {
      "owner": 1, 
      "title": null, 
      "content_type": "image/svg+xml", 
      "file": "Xk2dxUNz1TTCxiJFSVotHj9CoMXFMGpElmkftN2JnIHK9u3SotUydlQACkrRZJdc", 
      "filename": "3131.svg"
    }
  }, 
  {
    "pk": 185, 
    "model": "filestorage.uploadedfile", 
    "fields": {
      "owner": 1, 
      "title": null, 
      "content_type": "image/svg+xml", 
      "file": "r3osSemazGszKPuddhOpHd8iFVnVCOGCZmgKEr1ky9GGwQyTrTFBB0dF6cNXSG2x", 
      "filename": "3132.svg"
    }
  }, 
  {
    "pk": 186, 
    "model": "filestorage.uploadedfile", 
    "fields": {
      "owner": 1, 
      "title": null, 
      "content_type": "image/svg+xml", 
      "file": "sklh3M9NgzhSiqOjjuOa6NERgP7dAjO84TQ0dVW0clmjjl2cwfF7wRM8XxeFMSU9", 
      "filename": "3133.svg"
    }
  }, 
  {
    "pk": 187, 
    "model": "filestorage.uploadedfile", 
    "fields": {
      "owner": 1, 
      "title": null, 
      "content_type": "image/svg+xml", 
      "file": "iAfL5ewCnHmtCekriCncWLrU4MXtnKv4IlIgokBVogHotDWDjujVj0mouYkBXhN8", 
      "filename": "3134.svg"
    }
  }, 
  {
    "pk": 188, 
    "model": "filestorage.uploadedfile", 
    "fields": {
      "owner": 1, 
      "title": null, 
      "content_type": "image/svg+xml", 
      "file": "hwbkbaqDgjJC9TyPL9qi12CMzYrxW7XeaiIym8mDfTb0KVl2LIq4SZkQuuQZoE18", 
      "filename": "3135.svg"
    }
  }, 
  {
    "pk": 189, 
    "model": "filestorage.uploadedfile", 
    "fields": {
      "owner": 1, 
      "title": null, 
      "content_type": "image/png", 
      "file": "usOcrUkT2dK9JtDBQ2Vwjny4yjAZ8SMWgAyUjXB37lNPsdFHJ1eOWMZT9W2V3SfI", 
      "filename": "3136.png"
    }
  }, 
  {
    "pk": 190, 
    "model": "filestorage.uploadedfile", 
    "fields": {
      "owner": 1, 
      "title": null, 
      "content_type": "image/png", 
      "file": "jJPWulOjQ2Su3MR0MZq7NSX3vgXrxU4gXnYYneOAqFpl8lWRlXjFBC4G0M6MB0D2", 
      "filename": "3137.png"
    }
  }, 
  {
    "pk": 191, 
    "model": "filestorage.uploadedfile", 
    "fields": {
      "owner": 1, 
      "title": null, 
      "content_type": "image/svg+xml", 
      "file": "duaslSvYsENWyX2TNdOfoJZkU1e5VcEaVm21ZLE2kT95unTDq0djA4C45ZiuJF4E", 
      "filename": "3138.svg"
    }
  }, 
  {
    "pk": 192, 
    "model": "filestorage.uploadedfile", 
    "fields": {
      "owner": 1, 
      "title": null, 
      "content_type": "image/svg+xml", 
      "file": "AwUZgL6MVQniO5CztOw7k16lOwft56V8LZr3TbHONr1bKuUhHnBoq275PfwTWvLa", 
      "filename": "3139.svg"
    }
  }, 
  {
    "pk": 193, 
    "model": "filestorage.uploadedfile", 
    "fields": {
      "owner": 1, 
      "title": null, 
      "content_type": "image/svg+xml", 
      "file": "LSQyxWGTSbfVpod2oaTJzLC8lY9hGDOFArfjM5HXrPr1lpoLKggfMR1bYci2P5Vb", 
      "filename": "3140.svg"
    }
  }, 
  {
    "pk": 194, 
    "model": "filestorage.uploadedfile", 
    "fields": {
      "owner": 1, 
      "title": null, 
      "content_type": "image/svg+xml", 
      "file": "jfLlklomdodMbDEqn1EH3STYCIhF9w1J5cMroB7mlhghYfMfhqgyHDmwe1e2ezqz", 
      "filename": "3141.svg"
    }
  }, 
  {
    "pk": 195, 
    "model": "filestorage.uploadedfile", 
    "fields": {
      "owner": 1, 
      "title": null, 
      "content_type": "image/svg+xml", 
      "file": "isprUqmKtAx0TFIxtS3qo5zuNV3e9wEHvydD3F1HWPJ6RLaRecxEPqDpCzHZKAsW", 
      "filename": "3142.svg"
    }
  }, 
  {
    "pk": 196, 
    "model": "filestorage.uploadedfile", 
    "fields": {
      "owner": 1, 
      "title": null, 
      "content_type": "image/svg+xml", 
      "file": "3HmQdgDdPkEw9m1mrs2nanN38i30ykiBBTPRSiA5fCbKZiFrlgclC99tOfylkWAK", 
      "filename": "3143.svg"
    }
  }, 
  {
    "pk": 197, 
    "model": "filestorage.uploadedfile", 
    "fields": {
      "owner": 1, 
      "title": null, 
      "content_type": "image/png", 
      "file": "keK5WZbuKMGo7l4hWJprptqwkFa1D5uilDiXbVk8rLFomL6iJNaDzaoDGwira26l", 
      "filename": "3144.png"
    }
  }, 
  {
    "pk": 198, 
    "model": "filestorage.uploadedfile", 
    "fields": {
      "owner": 1, 
      "title": null, 
      "content_type": "image/png", 
      "file": "MADtuSuQcuHPVrZdvD2khWhyhyrcFcEkc0ybVnKEObfvYnsqzwdh0OKRHmIl0jvE", 
      "filename": "3145.png"
    }
  }, 
  {
    "pk": 199, 
    "model": "filestorage.uploadedfile", 
    "fields": {
      "owner": 1, 
      "title": null, 
      "content_type": "image/png", 
      "file": "z6mBMEaRa6jIB6a97B5UD0kmkaQnmJyIwiYEm1Ospd3RdvdTYGxmQMTYEuZYhUl5", 
      "filename": "3146.png"
    }
  }, 
  {
    "pk": 200, 
    "model": "filestorage.uploadedfile", 
    "fields": {
      "owner": 1, 
      "title": null, 
      "content_type": "image/svg+xml", 
      "file": "0xojfrP1oBnwqShLktYor7azSdXGqglIOffRjnlKu6kERh85uBhKADmklXCOFd0c", 
      "filename": "3147.svg"
    }
  }, 
  {
    "pk": 201, 
    "model": "filestorage.uploadedfile", 
    "fields": {
      "owner": 1, 
      "title": null, 
      "content_type": "image/svg+xml", 
      "file": "hvkHCxjwXgMpqBXKw5yLPR8Rib2Gcq9KmwID7sqs49zyrOh4yrKFGzzq41IfPJb5", 
      "filename": "3148.svg"
    }
  }, 
  {
    "pk": 202, 
    "model": "filestorage.uploadedfile", 
    "fields": {
      "owner": 1, 
      "title": null, 
      "content_type": "image/svg+xml", 
      "file": "reSo5kFyYEfT5bNcaDPPE50VkoXCGwJ71rg6f9WfBVsxXLXdAh5I05Sr9POiQqm4", 
      "filename": "3149.svg"
    }
  }, 
  {
    "pk": 203, 
    "model": "filestorage.uploadedfile", 
    "fields": {
      "owner": 1, 
      "title": null, 
      "content_type": "image/svg+xml", 
      "file": "gRLos5UmPxL1E2VhI1jnkEUeNgAqQax3aNnMvkW9oGEVpRvlseHMTuwvoa78M28F", 
      "filename": "3150.svg"
    }
  }, 
  {
    "pk": 204, 
    "model": "filestorage.uploadedfile", 
    "fields": {
      "owner": 1, 
      "title": null, 
      "content_type": "image/svg+xml", 
      "file": "ROkbqpHXV9nOLrh5BIfDKhp8vAmUWD2yBmomfJ11ZkpK85RUC5nAWJYKEmDhghu0", 
      "filename": "3151.svg"
    }
  }, 
  {
    "pk": 205, 
    "model": "filestorage.uploadedfile", 
    "fields": {
      "owner": 1, 
      "title": null, 
      "content_type": "image/svg+xml", 
      "file": "KtcAFWzQiN6I97NgoVEapHwK6IZ4uzoJ0ujhqfH9dgKZc6xyECxa7wPSqbftTLHp", 
      "filename": "3152.svg"
    }
  }, 
  {
    "pk": 206, 
    "model": "filestorage.uploadedfile", 
    "fields": {
      "owner": 1, 
      "title": null, 
      "content_type": "image/svg+xml", 
      "file": "3YBceBbOXtwefWitCwhADnly4q47yhVoYzCaRobW0xntLoJ9ixmEOFT18tjQxlto", 
      "filename": "3153.svg"
    }
  }, 
  {
    "pk": 207, 
    "model": "filestorage.uploadedfile", 
    "fields": {
      "owner": 1, 
      "title": null, 
      "content_type": "image/svg+xml", 
      "file": "XcaWMOL7xamsmqJB2UYeTXx0HH5mc5yfZjAFoQOr7G4VFg4Utw7mNRkRvtLZvJJk", 
      "filename": "3154.svg"
    }
  }, 
  {
    "pk": 208, 
    "model": "filestorage.uploadedfile", 
    "fields": {
      "owner": 1, 
      "title": null, 
      "content_type": "image/svg+xml", 
      "file": "Q0ykoVebwf8oUEQMtVcR429EzMUPbVJ6oJRRmDrrVQHvYSrEeCSvcwDnbM0cUjF3", 
      "filename": "3155.svg"
    }
  }, 
  {
    "pk": 209, 
    "model": "filestorage.uploadedfile", 
    "fields": {
      "owner": 1, 
      "title": null, 
      "content_type": "image/png", 
      "file": "mjfznNP6HsEaVbUIiGt9NORw1lpahiOxmFrCdYEtAeBuuqxZ0X79dwmyjwGzZroi", 
      "filename": "3156.png"
    }
  }, 
  {
    "pk": 210, 
    "model": "filestorage.uploadedfile", 
    "fields": {
      "owner": 1, 
      "title": null, 
      "content_type": "image/png", 
      "file": "MMPw2aFDeU66kWPrMm9Lhk5y2yLwk9dhirRitk2xGNO5nqdnCEdce4pDNWZbYjpH", 
      "filename": "3157.png"
    }
  }, 
  {
    "pk": 211, 
    "model": "filestorage.uploadedfile", 
    "fields": {
      "owner": 1, 
      "title": null, 
      "content_type": "image/png", 
      "file": "w1CBzywCk0mHwLKbAXagr7TxPYmJEUbjHLpMdrEF7BG5Va2DY5uhPZmLO7KKGUHX", 
      "filename": "3158.png"
    }
  }, 
  {
    "pk": 212, 
    "model": "filestorage.uploadedfile", 
    "fields": {
      "owner": 1, 
      "title": null, 
      "content_type": "image/png", 
      "file": "DwPRU9TGh57VzRpOzLeg4Memzx6xj4dBc3DUklqpj38Yegkc0LHmmhZ2mITkbs02", 
      "filename": "3159.png"
    }
  }, 
  {
    "pk": 213, 
    "model": "filestorage.uploadedfile", 
    "fields": {
      "owner": 1, 
      "title": null, 
      "content_type": "image/png", 
      "file": "PN3FTEtblt7AZQRYNP8vysVVSmUSnIfiNaH290RBJbGtt9KHJTqM5u5rdNhvrDal", 
      "filename": "3160.png"
    }
  }, 
  {
    "pk": 214, 
    "model": "filestorage.uploadedfile", 
    "fields": {
      "owner": 1, 
      "title": null, 
      "content_type": "image/png", 
      "file": "6RUzBtbdtu44bn0nITO3mXfZgG3EFhea3QdruSsaQKfIp3tinbOzaE7lqquOWV5a", 
      "filename": "3161.png"
    }
  }, 
  {
    "pk": 215, 
    "model": "filestorage.uploadedfile", 
    "fields": {
      "owner": 1, 
      "title": null, 
      "content_type": "image/svg+xml", 
      "file": "6lr2LchVkORnEbwOgndt7PyNYhU9ZZrWp2n8iB6GDME6EBJbpkVGtE42u8Tyx2S5", 
      "filename": "3162.svg"
    }
  }, 
  {
    "pk": 216, 
    "model": "filestorage.uploadedfile", 
    "fields": {
      "owner": 1, 
      "title": null, 
      "content_type": "image/png", 
      "file": "Pak2igRmYUk1OLVKbyf9BOL995AImH1NMZf075A8ntfpiuKRRvZXwlq8Xh9brpcR", 
      "filename": "3163.png"
    }
  }, 
  {
    "pk": 217, 
    "model": "filestorage.uploadedfile", 
    "fields": {
      "owner": 1, 
      "title": null, 
      "content_type": "image/png", 
      "file": "ORClZRnhAbhxKBHc8pkjQTin3KBm9pNCNrmLbZ3foYqoV7QrQMLS3x9Tm8X6pQjZ", 
      "filename": "3164.png"
    }
  }, 
  {
    "pk": 218, 
    "model": "filestorage.uploadedfile", 
    "fields": {
      "owner": 1, 
      "title": null, 
      "content_type": "image/svg+xml", 
      "file": "VH7ZiKqssBF1pNpZwCDSXMYCoEc7ReRa6QrAc386LGw9h8GTKvqT7ftQaqEoGsU7", 
      "filename": "3165.svg"
    }
  }, 
  {
    "pk": 219, 
    "model": "filestorage.uploadedfile", 
    "fields": {
      "owner": 1, 
      "title": null, 
      "content_type": "image/png", 
      "file": "pSe7CjCXRJpNP8WYM0PBIId2b0XBil4U7A0OQXZL3QKrYb7fwf7tCvKQFEPO0yda", 
      "filename": "3193.png"
    }
  }, 
  {
    "pk": 11, 
    "model": "corporate.corporatepublicspace", 
    "fields": {
      "public_category": 9, 
      "company": 8
    }
  }, 
  {
    "pk": 12, 
    "model": "corporate.companyproperties", 
    "fields": {
      "valid_until": null, 
      "modified_date": "2013-05-22 08:17:54", 
      "company": 8, 
      "max_accounts": null, 
      "created_date": "2013-05-22 08:17:54"
    }
  }, 
  {
    "pk": 51, 
    "model": "exchange.exportedcontent", 
    "fields": {
      "content": 35, 
      "modified_date": "2013-05-23 06:46:13", 
      "export": 50, 
      "created_date": "2013-05-23 06:46:13"
    }
  }, 
  {
    "pk": 53, 
    "model": "exchange.exportedcontent", 
    "fields": {
      "content": 35, 
      "modified_date": "2013-05-23 06:47:50", 
      "export": 52, 
      "created_date": "2013-05-23 06:47:50"
    }
  }, 
  {
    "pk": 55, 
    "model": "exchange.exportedcontent", 
    "fields": {
      "content": 35, 
      "modified_date": "2013-05-23 06:51:44", 
      "export": 54, 
      "created_date": "2013-05-23 06:51:44"
    }
  }, 
  {
    "pk": 147, 
    "model": "exchange.exportedcontent", 
    "fields": {
      "content": 35, 
      "modified_date": "2013-05-23 06:56:00", 
      "export": 146, 
      "created_date": "2013-05-23 06:56:00"
    }
  }, 
  {
    "pk": 7, 
    "model": "admin.logentry", 
    "fields": {
      "action_flag": 1, 
      "action_time": "2013-05-22 08:17:32", 
      "object_repr": "kgebert:kgebert <owner>", 
      "object_id": "6", 
      "change_message": "", 
      "user": 1, 
      "content_type": 5
    }
  }, 
  {
    "pk": 4, 
    "model": "admin.logentry", 
    "fields": {
      "action_flag": 1, 
      "action_time": "2013-05-22 08:17:19", 
      "object_repr": "kgebert", 
      "object_id": "3", 
      "change_message": "", 
      "user": 1, 
      "content_type": 2
    }
  }
]