<!DOCTYPE ui:UiBinder SYSTEM "http://dl.google.com/gwt/DTD/xhtml.ent">
<ui:UiBinder xmlns:ui="urn:ui:com.google.gwt.uibinder"
	xmlns:g="urn:import:com.google.gwt.user.client.ui">
	<ui:style>
	
	</ui:style>
	<g:HTMLPanel ui:field="panel" styleName="mainPage left">
		<div class="mainPageHeader">
			<h3 ui:field="title"></h3>
			<a class="mainPageCloseBtn closeWidgetLocker"></a>
		</div>
		<span ui:field="info"></span>
		<div id="favouriteModulesControls">
			<a class="controlsBtn" ui:field="apply" />
			<a class="controlsBtn" ui:field="save" />				
		</div>
	</g:HTMLPanel>
</ui:UiBinder> 