<!DOCTYPE ui:UiBinder SYSTEM "http://dl.google.com/gwt/DTD/xhtml.ent">
<ui:UiBinder xmlns:ui="urn:ui:com.google.gwt.uibinder"
	xmlns:g="urn:import:com.google.gwt.user.client.ui">
	<ui:style>
	
	</ui:style>
	<g:HTMLPanel styleName="moduleSelector">
		<div class="moduleResizer top left ui-resizable-handle ui-resizable-nw"></div>
		<div class="moduleResizer top center ui-resizable-handle ui-resizable-n"></div>
		<div class="moduleResizer top right ui-resizable-handle ui-resizable-ne"></div>
		<div class="moduleResizer middle right ui-resizable-handle ui-resizable-e"></div>
		<div class="moduleResizer middle left ui-resizable-handle ui-resizable-w"></div>
		<div class="moduleResizer bottom left ui-resizable-handle ui-resizable-sw"></div>
		<div class="moduleResizer bottom center ui-resizable-handle ui-resizable-s"></div>
		<div class="moduleResizer bottom right ui-resizable-handle ui-resizable-se"></div>
	</g:HTMLPanel>
</ui:UiBinder> 