<!DOCTYPE ui:UiBinder SYSTEM "http://dl.google.com/gwt/DTD/xhtml.ent">
<ui:UiBinder xmlns:ui="urn:ui:com.google.gwt.uibinder"
	xmlns:g="urn:import:com.google.gwt.user.client.ui">
	<ui:style>
	
	</ui:style>
	<g:HTMLPanel ui:field="panel" styleName="mainPage">
		<div alt="logo" ui:field="logoLoading"></div>
		<div class="spinner-wrapper">
			<div class="spinner">
				<div class="bounce1"></div>
				<div class="bounce2"></div>
				<div class="bounce3"></div>
			</div>
		</div>
	</g:HTMLPanel>
</ui:UiBinder> 