[
  {
    "pk": 43, 
    "model": "contenttypes.contenttype", 
    "fields": {
      "model": "content", 
      "name": "content", 
      "app_label": "mycontent"
    }
  }, 
  {
    "pk": 42, 
    "model": "contenttypes.contenttype", 
    "fields": {
      "model": "group", 
      "name": "group", 
      "app_label": "auth"
    }
  }, 
  {
    "pk": 41, 
    "model": "contenttypes.contenttype", 
    "fields": {
      "model": "permission", 
      "name": "permission", 
      "app_label": "auth"
    }
  }, 
  {
    "pk": 2, 
    "model": "contenttypes.contenttype", 
    "fields": {
      "model": "space", 
      "name": "space", 
      "app_label": "spaces"
    }
  }, 
  {
    "pk": 5, 
    "model": "contenttypes.contenttype", 
    "fields": {
      "model": "spaceaccess", 
      "name": "space access", 
      "app_label": "spaces"
    }
  }, 
  {
    "pk": 52, 
    "model": "contenttypes.contenttype", 
    "fields": {
      "model": "user", 
      "name": "user", 
      "app_label": "auth"
    }
  }, 
  {
    "pk": 1, 
    "model": "auth.user", 
    "fields": {
      "username": "kgebert", 
      "first_name": "", 
      "last_name": "", 
      "is_active": true, 
      "idxf_email_l_iexact": "karol.gebert@solwit.com", 
      "idxf_username_l_iexact": "kgebert", 
      "is_superuser": true, 
      "is_staff": true, 
      "last_login": "2013-08-12 14:06:00", 
      "groups": [], 
      "user_permissions": [], 
      "password": "sha1$d7056$177d353e2c102581794673856c485a0f5ea81de0", 
      "email": "karol.gebert@solwit.com", 
      "date_joined": "2013-07-10 13:56:17"
    }
  }, 
  {
    "pk": 8, 
    "model": "auth.user", 
    "fields": {
      "username": "test", 
      "first_name": "", 
      "last_name": "", 
      "is_active": true, 
      "idxf_email_l_iexact": "test@test.pl", 
      "idxf_username_l_iexact": "test", 
      "is_superuser": false, 
      "is_staff": false, 
      "last_login": "2013-08-12 13:59:30", 
      "groups": [], 
      "user_permissions": [], 
      "password": "sha1$3bca7$85c169edeceaf50bef724309347fa11a490d8fc2", 
      "email": "test@test.pl", 
      "date_joined": "2013-07-10 12:02:29"
    }
  }, 
  {
    "pk": 18, 
    "model": "auth.user", 
    "fields": {
      "username": "test2", 
      "first_name": "", 
      "last_name": "", 
      "is_active": true, 
      "idxf_email_l_iexact": "test@test.pl", 
      "idxf_username_l_iexact": "test2", 
      "is_superuser": false, 
      "is_staff": false, 
      "last_login": "2013-08-12 14:21:31", 
      "groups": [], 
      "user_permissions": [], 
      "password": "sha1$5d333$7270cf6cad4452a070ffa21eb280f68808a34a3b", 
      "email": "test@test.pl", 
      "date_joined": "2013-07-10 12:03:53"
    }
  }, 
  {
    "pk": 74, 
    "model": "auth.user", 
    "fields": {
      "username": "test3", 
      "first_name": "", 
      "last_name": "", 
      "is_active": true, 
      "idxf_email_l_iexact": "test@test.pl", 
      "idxf_username_l_iexact": "test3", 
      "is_superuser": false, 
      "is_staff": false, 
      "last_login": "2013-08-05 09:10:39", 
      "groups": [], 
      "user_permissions": [], 
      "password": "sha1$da927$3a3690dc2f2f2996163d22fc058817ba88d17290", 
      "email": "test@test.pl", 
      "date_joined": "2013-07-26 07:25:56"
    }
  }, 
  {
    "pk": 301, 
    "model": "auth.user", 
    "fields": {
      "username": "test4", 
      "first_name": "", 
      "last_name": "", 
      "is_active": true, 
      "idxf_email_l_iexact": "test@test.pl", 
      "idxf_username_l_iexact": "test4", 
      "is_superuser": false, 
      "is_staff": false, 
      "last_login": "2013-08-05 10:32:32", 
      "groups": [], 
      "user_permissions": [], 
      "password": "sha1$26682$031c3571cdebc2ab9c2c03154451ff3cfab8ab2a", 
      "email": "test@test.pl", 
      "date_joined": "2013-08-05 10:26:42"
    }
  }, 
  {
    "pk": 316, 
    "model": "auth.user", 
    "fields": {
      "username": "test5", 
      "first_name": "", 
      "last_name": "", 
      "is_active": true, 
      "idxf_email_l_iexact": "test@test.pl", 
      "idxf_username_l_iexact": "test5", 
      "is_superuser": false, 
      "is_staff": false, 
      "last_login": "2013-08-05 10:39:24", 
      "groups": [], 
      "user_permissions": [], 
      "password": "sha1$714c7$dbd8ad8e394ad951f965acb8b685c2864084e703", 
      "email": "test@test.pl", 
      "date_joined": "2013-08-05 10:37:53"
    }
  }, 
  {
    "pk": 11053114, 
    "model": "auth.user", 
    "fields": {
      "username": "test6", 
      "first_name": "", 
      "last_name": "", 
      "is_active": false, 
      "idxf_email_l_iexact": "test@test.pl", 
      "idxf_username_l_iexact": "test6", 
      "is_superuser": false, 
      "is_staff": false, 
      "last_login": "2013-08-09 13:19:32", 
      "groups": [], 
      "user_permissions": [], 
      "password": "sha1$a6404$c078db2ee128511f0a1c197050695eb4e1d1b3eb", 
      "email": "test@test.pl", 
      "date_joined": "2013-08-09 13:19:32"
    }
  }, 
  {
    "pk": 11053128, 
    "model": "auth.user", 
    "fields": {
      "username": "test7", 
      "first_name": "", 
      "last_name": "", 
      "is_active": true, 
      "idxf_email_l_iexact": "test@test.pl", 
      "idxf_username_l_iexact": "test7", 
      "is_superuser": false, 
      "is_staff": false, 
      "last_login": "2013-08-12 12:18:17", 
      "groups": [], 
      "user_permissions": [], 
      "password": "sha1$271de$a972fe1dce90ad1628f156dae6de41492d1312ec", 
      "email": "test@test.pl", 
      "date_joined": "2013-08-12 12:17:46"
    }
  }, 
  {
    "pk": "33dde5a219622a66a7f276e20d13946e", 
    "model": "sessions.session", 
    "fields": {
      "expire_date": "2013-07-24 12:07:20", 
      "session_data": "NzJlM2QzMzJkYzA2Y2M3M2NiM2VjZjY1M2I5ZDFlZTZiYjM1ZTAyMzqAAn1xAChVEl9hdXRoX3Vz\nZXJfYmFja2VuZHEBVSlkamFuZ28uY29udHJpYi5hdXRoLmJhY2tlbmRzLk1vZGVsQmFja2VuZHEC\nVQ1fYXV0aF91c2VyX2lkcQOKAQFVD19zZXNzaW9uX2V4cGlyeXEESwB1Lg==\n"
    }
  }, 
  {
    "pk": "6a018d19541a5982e7e26e41d75a554e", 
    "model": "sessions.session", 
    "fields": {
      "expire_date": "2013-08-12 09:21:33", 
      "session_data": "YTg4OGE1NTAwMWVmNGI4ZmIyYThhMmQyZTUzOGFlNWI4ZGEyYTM4MTqAAn1xAChVD19zZXNzaW9u\nX2V4cGlyeXEBSwBVDV9hdXRoX3VzZXJfaWRxAooBAVUSX2F1dGhfdXNlcl9iYWNrZW5kcQNVKWRq\nYW5nby5jb250cmliLmF1dGguYmFja2VuZHMuTW9kZWxCYWNrZW5kcQRVDHRva2VuX2VkaXRvcnEF\nVQVMMTdkY3EGdS4=\n"
    }
  }, 
  {
    "pk": "b1f2df0b6a0deea30c7980a13f14f812", 
    "model": "sessions.session", 
    "fields": {
      "expire_date": "2013-08-14 13:41:32", 
      "session_data": "NTE5NDA2NDUzYWQ4N2Y0NDg0ZjRjNTZlZTVmMTZjY2RjOWQ5Njk1MDqAAn1xAC4=\n"
    }
  }, 
  {
    "pk": "c8746a88e75f3edef05191787f9d2de2", 
    "model": "sessions.session", 
    "fields": {
      "expire_date": "2013-08-26 14:21:56", 
      "session_data": "NjgzN2JlMzk3NjgxMWNjYWU0MDUyNjc0MTA2MmM5YjZjYWNiOWQyODqAAn1xAChVDV9hdXRoX3Vz\nZXJfaWRxAUsSVQx0b2tlbl9lZGl0b3JxAlUFWDBrZ2FxA1USX2F1dGhfdXNlcl9iYWNrZW5kcQRV\nKWRqYW5nby5jb250cmliLmF1dGguYmFja2VuZHMuTW9kZWxCYWNrZW5kcQVVDWxhc3Rfc3BhY2Vf\naWRxBooBOlUPX3Nlc3Npb25fZXhwaXJ5cQdLAFUPbGFzdF9wcm9qZWN0X2lkcQh9cQmKATqKATtz\ndS4=\n"
    }
  }, 
  {
    "pk": "db8192e3b0b5e418c9e39ff3b70b169e", 
    "model": "sessions.session", 
    "fields": {
      "expire_date": "2013-08-20 08:12:10", 
      "session_data": "OTViZmEyZTg5MDQ0NWQwODA2MGMwOTE5YzIwODA3OGQ1ZmViMTFmMjqAAn1xAChVDHRva2VuX2Vk\naXRvcnEBVQU0TTk4U3ECVQ1fYXV0aF91c2VyX2lkcQOKAQhVD19zZXNzaW9uX2V4cGlyeXEESwBV\nEl9hdXRoX3VzZXJfYmFja2VuZHEFVSlkamFuZ28uY29udHJpYi5hdXRoLmJhY2tlbmRzLk1vZGVs\nQmFja2VuZHEGdS4=\n"
    }
  }, 
  {
    "pk": "e7c437a40be1db0b31abb9e735ac4e4f", 
    "model": "sessions.session", 
    "fields": {
      "expire_date": "2013-08-09 15:30:14", 
      "session_data": "NmFmYjhhZmExNjRiZjZjZGNlMmM4Mjk4ODVmMGI2NmU0MTAxODEyZDqAAn1xAChVEl9hdXRoX3Vz\nZXJfYmFja2VuZHEBVTpwZXJtaXNzaW9uX2JhY2tlbmRfbm9ucmVsLmJhY2tlbmRzLk5vbnJlbFBl\ncm1pc3Npb25CYWNrZW5kcQJVDV9hdXRoX3VzZXJfaWRxA0sBVQ9fc2Vzc2lvbl9leHBpcnlxBEsA\ndS4=\n"
    }
  }, 
  {
    "pk": 27, 
    "model": "search.relationindex_mycontent_content_search_index", 
    "fields": {
      "is_featured": false, 
      "idxf_spaces_path_l_contains": [
        "3"
      ], 
      "spaces": [
        "3"
      ], 
      "file": 26, 
      "description": "", 
      "modified_date": "2013-07-24 11:50:31", 
      "title": "test", 
      "tags": "", 
      "public_version": null, 
      "xliff_file": null, 
      "version": 0, 
      "short_description": "", 
      "big_icon_href": null, 
      "icon_href": null, 
      "is_globally_public": false, 
      "view_count": 1, 
      "content_type": 1, 
      "is_public": false, 
      "associated_content": null, 
      "is_deleted": false, 
      "name": null, 
      "search_index_search_list_field": [
        "test"
      ], 
      "author": 1, 
      "is_template": false, 
      "passing_score": 0, 
      "spaces_path": "3", 
      "created_date": "2013-07-24 11:50:30", 
      "original": null
    }
  }, 
  {
    "pk": 32, 
    "model": "search.relationindex_mycontent_content_search_index", 
    "fields": {
      "is_featured": false, 
      "idxf_spaces_path_l_contains": [
        "3"
      ], 
      "spaces": [
        "3"
      ], 
      "file": 31, 
      "description": "", 
      "modified_date": "2013-07-24 11:51:54", 
      "title": "asd", 
      "tags": "", 
      "public_version": null, 
      "xliff_file": null, 
      "version": 0, 
      "short_description": "", 
      "big_icon_href": null, 
      "icon_href": null, 
      "is_globally_public": false, 
      "view_count": 0, 
      "content_type": 1, 
      "is_public": false, 
      "associated_content": null, 
      "is_deleted": false, 
      "name": null, 
      "search_index_search_list_field": [
        "asd"
      ], 
      "author": 1, 
      "is_template": false, 
      "passing_score": 0, 
      "spaces_path": "3", 
      "created_date": "2013-07-24 11:51:54", 
      "original": null
    }
  }, 
  {
    "pk": 37, 
    "model": "search.relationindex_mycontent_content_search_index", 
    "fields": {
      "is_featured": false, 
      "idxf_spaces_path_l_contains": [
        "3,124", 
        ",124", 
        "124", 
        "24", 
        "4"
      ], 
      "spaces": [
        "3", 
        "124"
      ], 
      "file": 11053102, 
      "description": "", 
      "modified_date": "2013-08-08 11:26:52", 
      "title": "asd", 
      "tags": "", 
      "public_version": null, 
      "xliff_file": null, 
      "version": 0, 
      "short_description": "", 
      "big_icon_href": null, 
      "icon_href": null, 
      "is_globally_public": false, 
      "view_count": 0, 
      "content_type": 1, 
      "is_public": false, 
      "associated_content": null, 
      "is_deleted": false, 
      "name": null, 
      "search_index_search_list_field": [
        "asd"
      ], 
      "author": 1, 
      "is_template": false, 
      "passing_score": 0, 
      "spaces_path": "3,124", 
      "created_date": "2013-07-24 11:52:42", 
      "original": null
    }
  }, 
  {
    "pk": 61, 
    "model": "search.relationindex_mycontent_content_search_index", 
    "fields": {
      "is_featured": false, 
      "idxf_spaces_path_l_contains": [
        "3"
      ], 
      "spaces": [
        "3"
      ], 
      "file": 156, 
      "description": "", 
      "modified_date": "2013-08-01 09:28:21", 
      "title": "test", 
      "tags": "", 
      "public_version": null, 
      "xliff_file": null, 
      "version": 0, 
      "short_description": "", 
      "big_icon_href": null, 
      "icon_href": null, 
      "is_globally_public": false, 
      "view_count": 0, 
      "content_type": 3, 
      "is_public": false, 
      "associated_content": null, 
      "is_deleted": false, 
      "name": "test", 
      "search_index_search_list_field": [
        "test"
      ], 
      "author": 1, 
      "is_template": false, 
      "passing_score": 0, 
      "spaces_path": "3", 
      "created_date": "2013-07-25 13:25:53", 
      "original": null
    }
  }, 
  {
    "pk": 64, 
    "model": "search.relationindex_mycontent_content_search_index", 
    "fields": {
      "is_featured": false, 
      "idxf_spaces_path_l_contains": [
        "12,58,59", 
        "2,58,59", 
        ",58,59", 
        "58,59", 
        "8,59", 
        ",59", 
        "59", 
        "9"
      ], 
      "spaces": [
        "12", 
        "58", 
        "59"
      ], 
      "file": 63, 
      "description": "", 
      "modified_date": "2013-07-25 13:26:17", 
      "title": "test2", 
      "tags": "", 
      "public_version": null, 
      "xliff_file": null, 
      "version": 0, 
      "short_description": "", 
      "big_icon_href": null, 
      "icon_href": null, 
      "is_globally_public": false, 
      "view_count": 0, 
      "content_type": 3, 
      "is_public": false, 
      "associated_content": null, 
      "is_deleted": false, 
      "name": "test2", 
      "search_index_search_list_field": [
        "test2"
      ], 
      "author": 1, 
      "is_template": false, 
      "passing_score": 0, 
      "spaces_path": "12,58,59", 
      "created_date": "2013-07-25 13:26:17", 
      "original": null
    }
  }, 
  {
    "pk": 68, 
    "model": "search.relationindex_mycontent_content_search_index", 
    "fields": {
      "is_featured": false, 
      "idxf_spaces_path_l_contains": [
        "12,58,59", 
        "2,58,59", 
        ",58,59", 
        "58,59", 
        "8,59", 
        ",59", 
        "59", 
        "9"
      ], 
      "spaces": [
        "12", 
        "58", 
        "59"
      ], 
      "file": 67, 
      "description": "", 
      "modified_date": "2013-08-08 09:50:19", 
      "title": "test", 
      "tags": "", 
      "public_version": null, 
      "xliff_file": null, 
      "version": 0, 
      "short_description": "", 
      "big_icon_href": null, 
      "icon_href": null, 
      "is_globally_public": false, 
      "view_count": 9, 
      "content_type": 1, 
      "is_public": false, 
      "associated_content": null, 
      "is_deleted": false, 
      "name": null, 
      "search_index_search_list_field": [
        "test"
      ], 
      "author": 1, 
      "is_template": false, 
      "passing_score": 0, 
      "spaces_path": "12,58,59", 
      "created_date": "2013-07-25 13:27:11", 
      "original": null
    }
  }, 
  {
    "pk": 331, 
    "model": "search.relationindex_mycontent_content_search_index", 
    "fields": {
      "is_featured": false, 
      "idxf_spaces_path_l_contains": [
        "10", 
        "0"
      ], 
      "spaces": [
        "10"
      ], 
      "file": 330, 
      "description": "", 
      "modified_date": "2013-08-05 13:28:56", 
      "title": "assets upload", 
      "tags": "", 
      "public_version": null, 
      "xliff_file": null, 
      "version": 0, 
      "short_description": "", 
      "big_icon_href": null, 
      "icon_href": null, 
      "is_globally_public": false, 
      "view_count": 0, 
      "content_type": 1, 
      "is_public": false, 
      "associated_content": null, 
      "is_deleted": false, 
      "name": null, 
      "search_index_search_list_field": [
        "asset", 
        "upload"
      ], 
      "author": 8, 
      "is_template": false, 
      "passing_score": 0, 
      "spaces_path": "10", 
      "created_date": "2013-08-05 13:28:54", 
      "original": null
    }
  }, 
  {
    "pk": 710, 
    "model": "search.relationindex_mycontent_content_search_index", 
    "fields": {
      "is_featured": false, 
      "idxf_spaces_path_l_contains": [
        "10", 
        "0"
      ], 
      "spaces": [
        "10"
      ], 
      "file": 709, 
      "description": "", 
      "modified_date": "2013-08-08 08:06:51", 
      "title": "Copy of assets upload", 
      "tags": "", 
      "public_version": 709, 
      "xliff_file": null, 
      "version": 0, 
      "short_description": "", 
      "big_icon_href": null, 
      "icon_href": null, 
      "is_globally_public": false, 
      "view_count": 0, 
      "content_type": 1, 
      "is_public": false, 
      "associated_content": null, 
      "is_deleted": false, 
      "name": null, 
      "search_index_search_list_field": [
        "of", 
        "copi", 
        "asset", 
        "upload"
      ], 
      "author": 8, 
      "is_template": false, 
      "passing_score": 0, 
      "spaces_path": "10", 
      "created_date": "2013-08-06 09:51:12", 
      "original": null
    }
  }, 
  {
    "pk": 719, 
    "model": "search.relationindex_mycontent_content_search_index", 
    "fields": {
      "is_featured": false, 
      "idxf_spaces_path_l_contains": [
        "12,225,716", 
        "2,225,716", 
        ",225,716", 
        "225,716", 
        "25,716", 
        "5,716", 
        ",716", 
        "716", 
        "16", 
        "6"
      ], 
      "spaces": [
        "12", 
        "225", 
        "716"
      ], 
      "file": 718, 
      "description": "", 
      "modified_date": "2013-08-07 13:45:45", 
      "title": "asd", 
      "tags": "", 
      "public_version": null, 
      "xliff_file": null, 
      "version": 0, 
      "short_description": "", 
      "big_icon_href": null, 
      "icon_href": null, 
      "is_globally_public": false, 
      "view_count": 0, 
      "content_type": 1, 
      "is_public": false, 
      "associated_content": null, 
      "is_deleted": false, 
      "name": null, 
      "search_index_search_list_field": [
        "asd"
      ], 
      "author": 8, 
      "is_template": false, 
      "passing_score": 0, 
      "spaces_path": "12,225,716", 
      "created_date": "2013-08-07 13:45:43", 
      "original": null
    }
  }, 
  {
    "pk": 9, 
    "model": "registration.registrationprofile", 
    "fields": {
      "activation_key": "ALREADY_ACTIVATED", 
      "user": 8
    }
  }, 
  {
    "pk": 19, 
    "model": "registration.registrationprofile", 
    "fields": {
      "activation_key": "ALREADY_ACTIVATED", 
      "user": 18
    }
  }, 
  {
    "pk": 75, 
    "model": "registration.registrationprofile", 
    "fields": {
      "activation_key": "ALREADY_ACTIVATED", 
      "user": 74
    }
  }, 
  {
    "pk": 302, 
    "model": "registration.registrationprofile", 
    "fields": {
      "activation_key": "ALREADY_ACTIVATED", 
      "user": 301
    }
  }, 
  {
    "pk": 317, 
    "model": "registration.registrationprofile", 
    "fields": {
      "activation_key": "ALREADY_ACTIVATED", 
      "user": 316
    }
  }, 
  {
    "pk": 11053115, 
    "model": "registration.registrationprofile", 
    "fields": {
      "activation_key": "acbe97a7111a844f14844902c34e538438fa06ff", 
      "user": 11053114
    }
  }, 
  {
    "pk": 11053129, 
    "model": "registration.registrationprofile", 
    "fields": {
      "activation_key": "ALREADY_ACTIVATED", 
      "user": 11053128
    }
  }, 
  {
    "pk": 27, 
    "model": "mycontent.content", 
    "fields": {
      "is_featured": false, 
      "idxf_spaces_path_l_contains": [
        "3"
      ], 
      "spaces": [
        "3"
      ], 
      "file": 26, 
      "description": "", 
      "modified_date": "2013-07-24 11:50:31", 
      "title": "test", 
      "tags": "", 
      "public_version": null, 
      "xliff_file": null, 
      "version": 0, 
      "short_description": "", 
      "big_icon_href": null, 
      "icon_href": null, 
      "is_globally_public": false, 
      "view_count": 1, 
      "content_type": 1, 
      "is_public": false, 
      "associated_content": null, 
      "is_deleted": false, 
      "name": null, 
      "author": 1, 
      "is_template": false, 
      "passing_score": 0, 
      "spaces_path": "3", 
      "created_date": "2013-07-24 11:50:30", 
      "original": null
    }
  }, 
  {
    "pk": 32, 
    "model": "mycontent.content", 
    "fields": {
      "is_featured": false, 
      "idxf_spaces_path_l_contains": [
        "3"
      ], 
      "spaces": [
        "3"
      ], 
      "file": 31, 
      "description": "", 
      "modified_date": "2013-07-24 11:51:54", 
      "title": "asd", 
      "tags": "", 
      "public_version": null, 
      "xliff_file": null, 
      "version": 0, 
      "short_description": "", 
      "big_icon_href": null, 
      "icon_href": null, 
      "is_globally_public": false, 
      "view_count": 0, 
      "content_type": 1, 
      "is_public": false, 
      "associated_content": null, 
      "is_deleted": false, 
      "name": null, 
      "author": 1, 
      "is_template": false, 
      "passing_score": 0, 
      "spaces_path": "3", 
      "created_date": "2013-07-24 11:51:54", 
      "original": null
    }
  }, 
  {
    "pk": 37, 
    "model": "mycontent.content", 
    "fields": {
      "is_featured": false, 
      "idxf_spaces_path_l_contains": [
        "3,124", 
        ",124", 
        "124", 
        "24", 
        "4"
      ], 
      "spaces": [
        "3", 
        "124"
      ], 
      "file": 11053102, 
      "description": "", 
      "modified_date": "2013-08-08 11:26:52", 
      "title": "asd", 
      "tags": "", 
      "public_version": null, 
      "xliff_file": null, 
      "version": 0, 
      "short_description": "", 
      "big_icon_href": null, 
      "icon_href": null, 
      "is_globally_public": false, 
      "view_count": 0, 
      "content_type": 1, 
      "is_public": false, 
      "associated_content": null, 
      "is_deleted": false, 
      "name": null, 
      "author": 1, 
      "is_template": false, 
      "passing_score": 0, 
      "spaces_path": "3,124", 
      "created_date": "2013-07-24 11:52:42", 
      "original": null
    }
  }, 
  {
    "pk": 61, 
    "model": "mycontent.content", 
    "fields": {
      "is_featured": false, 
      "idxf_spaces_path_l_contains": [
        "3"
      ], 
      "spaces": [
        "3"
      ], 
      "file": 156, 
      "description": "", 
      "modified_date": "2013-08-01 09:28:21", 
      "title": "test", 
      "tags": "", 
      "public_version": null, 
      "xliff_file": null, 
      "version": 0, 
      "short_description": "", 
      "big_icon_href": null, 
      "icon_href": null, 
      "is_globally_public": false, 
      "view_count": 0, 
      "content_type": 3, 
      "is_public": false, 
      "associated_content": null, 
      "is_deleted": false, 
      "name": "test", 
      "author": 1, 
      "is_template": false, 
      "passing_score": 0, 
      "spaces_path": "3", 
      "created_date": "2013-07-25 13:25:53", 
      "original": null
    }
  }, 
  {
    "pk": 64, 
    "model": "mycontent.content", 
    "fields": {
      "is_featured": false, 
      "idxf_spaces_path_l_contains": [
        "12,58,59", 
        "2,58,59", 
        ",58,59", 
        "58,59", 
        "8,59", 
        ",59", 
        "59", 
        "9"
      ], 
      "spaces": [
        "12", 
        "58", 
        "59"
      ], 
      "file": 63, 
      "description": "", 
      "modified_date": "2013-07-25 13:26:17", 
      "title": "test2", 
      "tags": "", 
      "public_version": null, 
      "xliff_file": null, 
      "version": 0, 
      "short_description": "", 
      "big_icon_href": null, 
      "icon_href": null, 
      "is_globally_public": false, 
      "view_count": 0, 
      "content_type": 3, 
      "is_public": false, 
      "associated_content": null, 
      "is_deleted": false, 
      "name": "test2", 
      "author": 1, 
      "is_template": false, 
      "passing_score": 0, 
      "spaces_path": "12,58,59", 
      "created_date": "2013-07-25 13:26:17", 
      "original": null
    }
  }, 
  {
    "pk": 68, 
    "model": "mycontent.content", 
    "fields": {
      "is_featured": false, 
      "idxf_spaces_path_l_contains": [
        "12,58,59", 
        "2,58,59", 
        ",58,59", 
        "58,59", 
        "8,59", 
        ",59", 
        "59", 
        "9"
      ], 
      "spaces": [
        "12", 
        "58", 
        "59"
      ], 
      "file": 67, 
      "description": "", 
      "modified_date": "2013-08-08 09:50:19", 
      "title": "test", 
      "tags": "", 
      "public_version": null, 
      "xliff_file": null, 
      "version": 0, 
      "short_description": "", 
      "big_icon_href": null, 
      "icon_href": null, 
      "is_globally_public": false, 
      "view_count": 9, 
      "content_type": 1, 
      "is_public": false, 
      "associated_content": null, 
      "is_deleted": false, 
      "name": null, 
      "author": 1, 
      "is_template": false, 
      "passing_score": 0, 
      "spaces_path": "12,58,59", 
      "created_date": "2013-07-25 13:27:11", 
      "original": null
    }
  }, 
  {
    "pk": 331, 
    "model": "mycontent.content", 
    "fields": {
      "is_featured": false, 
      "idxf_spaces_path_l_contains": [
        "10", 
        "0"
      ], 
      "spaces": [
        "10"
      ], 
      "file": 330, 
      "description": "", 
      "modified_date": "2013-08-05 13:28:56", 
      "title": "assets upload", 
      "tags": "", 
      "public_version": null, 
      "xliff_file": null, 
      "version": 0, 
      "short_description": "", 
      "big_icon_href": null, 
      "icon_href": null, 
      "is_globally_public": false, 
      "view_count": 0, 
      "content_type": 1, 
      "is_public": false, 
      "associated_content": null, 
      "is_deleted": false, 
      "name": null, 
      "author": 8, 
      "is_template": false, 
      "passing_score": 0, 
      "spaces_path": "10", 
      "created_date": "2013-08-05 13:28:54", 
      "original": null
    }
  }, 
  {
    "pk": 710, 
    "model": "mycontent.content", 
    "fields": {
      "is_featured": false, 
      "idxf_spaces_path_l_contains": [
        "10", 
        "0"
      ], 
      "spaces": [
        "10"
      ], 
      "file": 709, 
      "description": "", 
      "modified_date": "2013-08-08 08:06:51", 
      "title": "Copy of assets upload", 
      "tags": "", 
      "public_version": 709, 
      "xliff_file": null, 
      "version": 0, 
      "short_description": "", 
      "big_icon_href": null, 
      "icon_href": null, 
      "is_globally_public": false, 
      "view_count": 0, 
      "content_type": 1, 
      "is_public": false, 
      "associated_content": null, 
      "is_deleted": false, 
      "name": null, 
      "author": 8, 
      "is_template": false, 
      "passing_score": 0, 
      "spaces_path": "10", 
      "created_date": "2013-08-06 09:51:12", 
      "original": null
    }
  }, 
  {
    "pk": 719, 
    "model": "mycontent.content", 
    "fields": {
      "is_featured": false, 
      "idxf_spaces_path_l_contains": [
        "12,225,716", 
        "2,225,716", 
        ",225,716", 
        "225,716", 
        "25,716", 
        "5,716", 
        ",716", 
        "716", 
        "16", 
        "6"
      ], 
      "spaces": [
        "12", 
        "225", 
        "716"
      ], 
      "file": 718, 
      "description": "", 
      "modified_date": "2013-08-07 13:45:45", 
      "title": "asd", 
      "tags": "", 
      "public_version": null, 
      "xliff_file": null, 
      "version": 0, 
      "short_description": "", 
      "big_icon_href": null, 
      "icon_href": null, 
      "is_globally_public": false, 
      "view_count": 0, 
      "content_type": 1, 
      "is_public": false, 
      "associated_content": null, 
      "is_deleted": false, 
      "name": null, 
      "author": 8, 
      "is_template": false, 
      "passing_score": 0, 
      "spaces_path": "12,225,716", 
      "created_date": "2013-08-07 13:45:43", 
      "original": null
    }
  }, 
  {
    "pk": 28, 
    "model": "mycontent.contentspace", 
    "fields": {
      "content": 27, 
      "is_deleted": false, 
      "space": 3
    }
  }, 
  {
    "pk": 33, 
    "model": "mycontent.contentspace", 
    "fields": {
      "content": 32, 
      "is_deleted": false, 
      "space": 3
    }
  }, 
  {
    "pk": 62, 
    "model": "mycontent.contentspace", 
    "fields": {
      "content": 61, 
      "is_deleted": false, 
      "space": 3
    }
  }, 
  {
    "pk": 65, 
    "model": "mycontent.contentspace", 
    "fields": {
      "content": 64, 
      "is_deleted": false, 
      "space": 59
    }
  }, 
  {
    "pk": 69, 
    "model": "mycontent.contentspace", 
    "fields": {
      "content": 68, 
      "is_deleted": false, 
      "space": 59
    }
  }, 
  {
    "pk": 332, 
    "model": "mycontent.contentspace", 
    "fields": {
      "content": 331, 
      "is_deleted": false, 
      "space": 10
    }
  }, 
  {
    "pk": 711, 
    "model": "mycontent.contentspace", 
    "fields": {
      "content": 710, 
      "is_deleted": false, 
      "space": 10
    }
  }, 
  {
    "pk": 720, 
    "model": "mycontent.contentspace", 
    "fields": {
      "content": 719, 
      "is_deleted": false, 
      "space": 716
    }
  }, 
  {
    "pk": 11053106, 
    "model": "mycontent.contentspace", 
    "fields": {
      "content": 37, 
      "is_deleted": false, 
      "space": 124
    }
  }, 
  {
    "pk": 3, 
    "model": "spaces.space", 
    "fields": {
      "modified_date": "2013-08-08 11:26:52", 
      "right": 0, 
      "is_deleted": false, 
      "parent": null, 
      "title": "kgebert", 
      "rank": 100, 
      "top_level": 3, 
      "include_contents_in_editor": false, 
      "created_date": "2013-07-10 13:58:32", 
      "contents_count": 4, 
      "path": "[]", 
      "space_type": 1, 
      "left": 0
    }
  }, 
  {
    "pk": 10, 
    "model": "spaces.space", 
    "fields": {
      "modified_date": "2013-08-08 08:06:52", 
      "right": 0, 
      "is_deleted": false, 
      "parent": null, 
      "title": "test", 
      "rank": 100, 
      "top_level": 10, 
      "include_contents_in_editor": false, 
      "created_date": "2013-07-10 12:02:30", 
      "contents_count": 2, 
      "path": [
        null
      ], 
      "space_type": 1, 
      "left": 0
    }
  }, 
  {
    "pk": 12, 
    "model": "spaces.space", 
    "fields": {
      "modified_date": "2013-08-08 09:50:20", 
      "right": 0, 
      "is_deleted": false, 
      "parent": null, 
      "title": "Karol Corporation", 
      "rank": 100, 
      "top_level": 12, 
      "include_contents_in_editor": false, 
      "created_date": "2013-07-10 12:03:14", 
      "contents_count": 3, 
      "path": [
        null
      ], 
      "space_type": 3, 
      "left": 0
    }
  }, 
  {
    "pk": 13, 
    "model": "spaces.space", 
    "fields": {
      "modified_date": "2013-07-10 12:03:14", 
      "right": 0, 
      "is_deleted": false, 
      "parent": null, 
      "title": "Karol Corporation Public", 
      "rank": 100, 
      "top_level": 13, 
      "include_contents_in_editor": false, 
      "created_date": "2013-07-10 12:03:14", 
      "contents_count": 0, 
      "path": [
        null
      ], 
      "space_type": 2, 
      "left": 0
    }
  }, 
  {
    "pk": 20, 
    "model": "spaces.space", 
    "fields": {
      "modified_date": "2013-07-10 12:03:53", 
      "right": 0, 
      "is_deleted": false, 
      "parent": null, 
      "title": "test2", 
      "rank": 100, 
      "top_level": 20, 
      "include_contents_in_editor": false, 
      "created_date": "2013-07-10 12:03:53", 
      "contents_count": 0, 
      "path": [
        null
      ], 
      "space_type": 1, 
      "left": 0
    }
  }, 
  {
    "pk": 58, 
    "model": "spaces.space", 
    "fields": {
      "modified_date": "2013-08-08 09:50:20", 
      "right": 0, 
      "is_deleted": false, 
      "parent": 12, 
      "title": "Project", 
      "rank": 100, 
      "top_level": 12, 
      "include_contents_in_editor": false, 
      "created_date": "2013-07-25 13:12:39", 
      "contents_count": 2, 
      "path": [
        12, 
        58
      ], 
      "space_type": 3, 
      "left": 0
    }
  }, 
  {
    "pk": 59, 
    "model": "spaces.space", 
    "fields": {
      "modified_date": "2013-08-08 09:50:20", 
      "right": 0, 
      "is_deleted": false, 
      "parent": 58, 
      "title": "Publication", 
      "rank": 100, 
      "top_level": 12, 
      "include_contents_in_editor": false, 
      "created_date": "2013-07-25 13:12:53", 
      "contents_count": 2, 
      "path": [
        12, 
        58, 
        59
      ], 
      "space_type": 3, 
      "left": 0
    }
  }, 
  {
    "pk": 76, 
    "model": "spaces.space", 
    "fields": {
      "modified_date": "2013-07-26 07:25:57", 
      "right": 0, 
      "is_deleted": false, 
      "parent": null, 
      "title": "test3", 
      "rank": 100, 
      "top_level": 76, 
      "include_contents_in_editor": false, 
      "created_date": "2013-07-26 07:25:56", 
      "contents_count": 0, 
      "path": [
        76
      ], 
      "space_type": 1, 
      "left": 0
    }
  }, 
  {
    "pk": 124, 
    "model": "spaces.space", 
    "fields": {
      "modified_date": "2013-08-08 11:26:52", 
      "right": 0, 
      "is_deleted": false, 
      "parent": 3, 
      "title": "sad", 
      "rank": 100, 
      "top_level": 3, 
      "include_contents_in_editor": false, 
      "created_date": "2013-07-31 10:09:01", 
      "contents_count": 1, 
      "path": [
        3, 
        124
      ], 
      "space_type": 1, 
      "left": 0
    }
  }, 
  {
    "pk": 125, 
    "model": "spaces.space", 
    "fields": {
      "modified_date": "2013-07-31 10:11:56", 
      "right": 0, 
      "is_deleted": false, 
      "parent": 3, 
      "title": "trest", 
      "rank": 100, 
      "top_level": 3, 
      "include_contents_in_editor": false, 
      "created_date": "2013-07-31 10:11:56", 
      "contents_count": 0, 
      "path": [
        3, 
        125
      ], 
      "space_type": 1, 
      "left": 0
    }
  }, 
  {
    "pk": 153, 
    "model": "spaces.space", 
    "fields": {
      "modified_date": "2013-08-01 09:10:22", 
      "right": 0, 
      "is_deleted": true, 
      "parent": 58, 
      "title": "Publication 2", 
      "rank": 100, 
      "top_level": 12, 
      "include_contents_in_editor": false, 
      "created_date": "2013-08-01 09:09:56", 
      "contents_count": 0, 
      "path": [
        12, 
        58, 
        153
      ], 
      "space_type": 3, 
      "left": 0
    }
  }, 
  {
    "pk": 158, 
    "model": "spaces.space", 
    "fields": {
      "modified_date": "2013-08-01 09:39:33", 
      "right": 0, 
      "is_deleted": true, 
      "parent": 58, 
      "title": "asd", 
      "rank": 100, 
      "top_level": 12, 
      "include_contents_in_editor": false, 
      "created_date": "2013-08-01 09:39:28", 
      "contents_count": 0, 
      "path": [
        12, 
        58, 
        158
      ], 
      "space_type": 3, 
      "left": 0
    }
  }, 
  {
    "pk": 159, 
    "model": "spaces.space", 
    "fields": {
      "modified_date": "2013-08-01 11:49:34", 
      "right": 0, 
      "is_deleted": false, 
      "parent": 58, 
      "title": "Publication 2", 
      "rank": 100, 
      "top_level": 12, 
      "include_contents_in_editor": false, 
      "created_date": "2013-08-01 11:49:33", 
      "contents_count": 0, 
      "path": [
        12, 
        58, 
        159
      ], 
      "space_type": 3, 
      "left": 0
    }
  }, 
  {
    "pk": 160, 
    "model": "spaces.space", 
    "fields": {
      "modified_date": "2013-08-01 11:49:41", 
      "right": 0, 
      "is_deleted": false, 
      "parent": 58, 
      "title": "Publication 3", 
      "rank": 100, 
      "top_level": 12, 
      "include_contents_in_editor": false, 
      "created_date": "2013-08-01 11:49:40", 
      "contents_count": 0, 
      "path": [
        12, 
        58, 
        160
      ], 
      "space_type": 3, 
      "left": 0
    }
  }, 
  {
    "pk": 161, 
    "model": "spaces.space", 
    "fields": {
      "modified_date": "2013-08-01 11:49:48", 
      "right": 0, 
      "is_deleted": false, 
      "parent": 58, 
      "title": "Publication 4", 
      "rank": 100, 
      "top_level": 12, 
      "include_contents_in_editor": false, 
      "created_date": "2013-08-01 11:49:48", 
      "contents_count": 0, 
      "path": [
        12, 
        58, 
        161
      ], 
      "space_type": 3, 
      "left": 0
    }
  }, 
  {
    "pk": 162, 
    "model": "spaces.space", 
    "fields": {
      "modified_date": "2013-08-01 11:49:56", 
      "right": 0, 
      "is_deleted": false, 
      "parent": 58, 
      "title": "Publication 5", 
      "rank": 100, 
      "top_level": 12, 
      "include_contents_in_editor": false, 
      "created_date": "2013-08-01 11:49:56", 
      "contents_count": 0, 
      "path": [
        12, 
        58, 
        162
      ], 
      "space_type": 3, 
      "left": 0
    }
  }, 
  {
    "pk": 163, 
    "model": "spaces.space", 
    "fields": {
      "modified_date": "2013-08-01 11:49:59", 
      "right": 0, 
      "is_deleted": false, 
      "parent": 58, 
      "title": "Publication 6", 
      "rank": 100, 
      "top_level": 12, 
      "include_contents_in_editor": false, 
      "created_date": "2013-08-01 11:49:59", 
      "contents_count": 0, 
      "path": [
        12, 
        58, 
        163
      ], 
      "space_type": 3, 
      "left": 0
    }
  }, 
  {
    "pk": 164, 
    "model": "spaces.space", 
    "fields": {
      "modified_date": "2013-08-01 11:50:02", 
      "right": 0, 
      "is_deleted": false, 
      "parent": 58, 
      "title": "Publication 7", 
      "rank": 100, 
      "top_level": 12, 
      "include_contents_in_editor": false, 
      "created_date": "2013-08-01 11:50:02", 
      "contents_count": 0, 
      "path": [
        12, 
        58, 
        164
      ], 
      "space_type": 3, 
      "left": 0
    }
  }, 
  {
    "pk": 165, 
    "model": "spaces.space", 
    "fields": {
      "modified_date": "2013-08-01 11:50:05", 
      "right": 0, 
      "is_deleted": false, 
      "parent": 58, 
      "title": "Publication 8", 
      "rank": 100, 
      "top_level": 12, 
      "include_contents_in_editor": false, 
      "created_date": "2013-08-01 11:50:05", 
      "contents_count": 0, 
      "path": [
        12, 
        58, 
        165
      ], 
      "space_type": 3, 
      "left": 0
    }
  }, 
  {
    "pk": 166, 
    "model": "spaces.space", 
    "fields": {
      "modified_date": "2013-08-01 11:50:09", 
      "right": 0, 
      "is_deleted": false, 
      "parent": 58, 
      "title": "Publication 9", 
      "rank": 100, 
      "top_level": 12, 
      "include_contents_in_editor": false, 
      "created_date": "2013-08-01 11:50:08", 
      "contents_count": 0, 
      "path": [
        12, 
        58, 
        166
      ], 
      "space_type": 3, 
      "left": 0
    }
  }, 
  {
    "pk": 167, 
    "model": "spaces.space", 
    "fields": {
      "modified_date": "2013-08-01 11:50:12", 
      "right": 0, 
      "is_deleted": false, 
      "parent": 58, 
      "title": "Publication 10", 
      "rank": 100, 
      "top_level": 12, 
      "include_contents_in_editor": false, 
      "created_date": "2013-08-01 11:50:11", 
      "contents_count": 0, 
      "path": [
        12, 
        58, 
        167
      ], 
      "space_type": 3, 
      "left": 0
    }
  }, 
  {
    "pk": 197, 
    "model": "spaces.space", 
    "fields": {
      "modified_date": "2013-08-01 11:57:29", 
      "right": 0, 
      "is_deleted": false, 
      "parent": 58, 
      "title": "Publication 11", 
      "rank": 100, 
      "top_level": 12, 
      "include_contents_in_editor": false, 
      "created_date": "2013-08-01 11:57:29", 
      "contents_count": 0, 
      "path": [
        12, 
        58, 
        197
      ], 
      "space_type": 3, 
      "left": 0
    }
  }, 
  {
    "pk": 198, 
    "model": "spaces.space", 
    "fields": {
      "modified_date": "2013-08-01 11:57:33", 
      "right": 0, 
      "is_deleted": false, 
      "parent": 58, 
      "title": "Publication 12", 
      "rank": 100, 
      "top_level": 12, 
      "include_contents_in_editor": false, 
      "created_date": "2013-08-01 11:57:33", 
      "contents_count": 0, 
      "path": [
        12, 
        58, 
        198
      ], 
      "space_type": 3, 
      "left": 0
    }
  }, 
  {
    "pk": 199, 
    "model": "spaces.space", 
    "fields": {
      "modified_date": "2013-08-01 11:57:37", 
      "right": 0, 
      "is_deleted": false, 
      "parent": 58, 
      "title": "Publication 13", 
      "rank": 100, 
      "top_level": 12, 
      "include_contents_in_editor": false, 
      "created_date": "2013-08-01 11:57:36", 
      "contents_count": 0, 
      "path": [
        12, 
        58, 
        199
      ], 
      "space_type": 3, 
      "left": 0
    }
  }, 
  {
    "pk": 200, 
    "model": "spaces.space", 
    "fields": {
      "modified_date": "2013-08-01 11:57:40", 
      "right": 0, 
      "is_deleted": false, 
      "parent": 58, 
      "title": "Publication 14", 
      "rank": 100, 
      "top_level": 12, 
      "include_contents_in_editor": false, 
      "created_date": "2013-08-01 11:57:40", 
      "contents_count": 0, 
      "path": [
        12, 
        58, 
        200
      ], 
      "space_type": 3, 
      "left": 0
    }
  }, 
  {
    "pk": 201, 
    "model": "spaces.space", 
    "fields": {
      "modified_date": "2013-08-01 11:57:44", 
      "right": 0, 
      "is_deleted": false, 
      "parent": 58, 
      "title": "Publication 15", 
      "rank": 100, 
      "top_level": 12, 
      "include_contents_in_editor": false, 
      "created_date": "2013-08-01 11:57:43", 
      "contents_count": 0, 
      "path": [
        12, 
        58, 
        201
      ], 
      "space_type": 3, 
      "left": 0
    }
  }, 
  {
    "pk": 225, 
    "model": "spaces.space", 
    "fields": {
      "modified_date": "2013-08-07 13:45:45", 
      "right": 0, 
      "is_deleted": false, 
      "parent": 12, 
      "title": "Project 2", 
      "rank": 100, 
      "top_level": 12, 
      "include_contents_in_editor": false, 
      "created_date": "2013-08-02 10:33:02", 
      "contents_count": 1, 
      "path": [
        12, 
        225
      ], 
      "space_type": 3, 
      "left": 0
    }
  }, 
  {
    "pk": 303, 
    "model": "spaces.space", 
    "fields": {
      "modified_date": "2013-08-05 10:26:46", 
      "right": 0, 
      "is_deleted": false, 
      "parent": null, 
      "title": "test4", 
      "rank": 100, 
      "top_level": 303, 
      "include_contents_in_editor": false, 
      "created_date": "2013-08-05 10:26:46", 
      "contents_count": 0, 
      "path": [
        303
      ], 
      "space_type": 1, 
      "left": 0
    }
  }, 
  {
    "pk": 306, 
    "model": "spaces.space", 
    "fields": {
      "modified_date": "2013-08-05 10:27:43", 
      "right": 0, 
      "is_deleted": false, 
      "parent": null, 
      "title": "test4 Company", 
      "rank": 100, 
      "top_level": 306, 
      "include_contents_in_editor": false, 
      "created_date": "2013-08-05 10:27:43", 
      "contents_count": 0, 
      "path": [
        306
      ], 
      "space_type": 3, 
      "left": 0
    }
  }, 
  {
    "pk": 307, 
    "model": "spaces.space", 
    "fields": {
      "modified_date": "2013-08-05 10:27:43", 
      "right": 0, 
      "is_deleted": false, 
      "parent": null, 
      "title": "test4 Company Public", 
      "rank": 100, 
      "top_level": 307, 
      "include_contents_in_editor": false, 
      "created_date": "2013-08-05 10:27:43", 
      "contents_count": 0, 
      "path": [
        307
      ], 
      "space_type": 2, 
      "left": 0
    }
  }, 
  {
    "pk": 318, 
    "model": "spaces.space", 
    "fields": {
      "modified_date": "2013-08-05 10:37:53", 
      "right": 0, 
      "is_deleted": false, 
      "parent": null, 
      "title": "test5", 
      "rank": 100, 
      "top_level": 318, 
      "include_contents_in_editor": false, 
      "created_date": "2013-08-05 10:37:53", 
      "contents_count": 0, 
      "path": [
        318
      ], 
      "space_type": 1, 
      "left": 0
    }
  }, 
  {
    "pk": 321, 
    "model": "spaces.space", 
    "fields": {
      "modified_date": "2013-08-05 10:39:16", 
      "right": 0, 
      "is_deleted": false, 
      "parent": null, 
      "title": "test5 Company", 
      "rank": 100, 
      "top_level": 321, 
      "include_contents_in_editor": false, 
      "created_date": "2013-08-05 10:39:16", 
      "contents_count": 0, 
      "path": [
        321
      ], 
      "space_type": 3, 
      "left": 0
    }
  }, 
  {
    "pk": 322, 
    "model": "spaces.space", 
    "fields": {
      "modified_date": "2013-08-05 10:39:16", 
      "right": 0, 
      "is_deleted": false, 
      "parent": null, 
      "title": "test5 Company Public", 
      "rank": 100, 
      "top_level": 322, 
      "include_contents_in_editor": false, 
      "created_date": "2013-08-05 10:39:16", 
      "contents_count": 0, 
      "path": [
        322
      ], 
      "space_type": 2, 
      "left": 0
    }
  }, 
  {
    "pk": 716, 
    "model": "spaces.space", 
    "fields": {
      "modified_date": "2013-08-07 13:45:45", 
      "right": 0, 
      "is_deleted": false, 
      "parent": 225, 
      "title": "Publication 1 Project 2", 
      "rank": 100, 
      "top_level": 12, 
      "include_contents_in_editor": false, 
      "created_date": "2013-08-07 13:45:23", 
      "contents_count": 1, 
      "path": [
        12, 
        225, 
        716
      ], 
      "space_type": 3, 
      "left": 0
    }
  }, 
  {
    "pk": 2400241, 
    "model": "spaces.space", 
    "fields": {
      "modified_date": "2013-08-07 15:50:23", 
      "right": 0, 
      "is_deleted": false, 
      "parent": null, 
      "title": "Administration", 
      "rank": 100, 
      "top_level": null, 
      "include_contents_in_editor": false, 
      "created_date": "2013-08-07 15:50:23", 
      "contents_count": 0, 
      "path": [], 
      "space_type": 1, 
      "left": 0
    }
  }, 
  {
    "pk": 2403260, 
    "model": "spaces.space", 
    "fields": {
      "modified_date": "2013-08-07 15:55:22", 
      "right": 0, 
      "is_deleted": false, 
      "parent": null, 
      "title": "Addons", 
      "rank": 100, 
      "top_level": null, 
      "include_contents_in_editor": false, 
      "created_date": "2013-08-07 15:55:22", 
      "contents_count": 0, 
      "path": [
        2403260
      ], 
      "space_type": 1, 
      "left": 0
    }
  }, 
  {
    "pk": 2408360, 
    "model": "spaces.space", 
    "fields": {
      "modified_date": "2013-08-07 15:55:22", 
      "right": 0, 
      "is_deleted": false, 
      "parent": 2403260, 
      "title": "Publication 1", 
      "rank": 100, 
      "top_level": null, 
      "include_contents_in_editor": false, 
      "created_date": "2013-08-07 15:55:22", 
      "contents_count": 0, 
      "path": [
        2403260, 
        2408360
      ], 
      "space_type": 1, 
      "left": 0
    }
  }, 
  {
    "pk": 11053092, 
    "model": "spaces.space", 
    "fields": {
      "modified_date": "2013-08-07 15:55:22", 
      "right": 0, 
      "is_deleted": false, 
      "parent": 2403260, 
      "title": "Publication 2", 
      "rank": 100, 
      "top_level": null, 
      "include_contents_in_editor": false, 
      "created_date": "2013-08-07 15:55:22", 
      "contents_count": 0, 
      "path": [
        2403260, 
        11053092
      ], 
      "space_type": 1, 
      "left": 0
    }
  }, 
  {
    "pk": 11053119, 
    "model": "spaces.space", 
    "fields": {
      "modified_date": "2013-08-09 14:00:22", 
      "right": 0, 
      "is_deleted": false, 
      "parent": 12, 
      "title": "Project 3", 
      "rank": 100, 
      "top_level": 12, 
      "include_contents_in_editor": false, 
      "created_date": "2013-08-09 14:00:22", 
      "contents_count": 0, 
      "path": [
        12, 
        11053119
      ], 
      "space_type": 3, 
      "left": 0
    }
  }, 
  {
    "pk": 11053120, 
    "model": "spaces.space", 
    "fields": {
      "modified_date": "2013-08-12 08:51:34", 
      "right": 0, 
      "is_deleted": false, 
      "parent": 197, 
      "title": "asd", 
      "rank": 100, 
      "top_level": 12, 
      "include_contents_in_editor": false, 
      "created_date": "2013-08-12 08:51:34", 
      "contents_count": 0, 
      "path": [
        12, 
        58, 
        197, 
        11053120
      ], 
      "space_type": 3, 
      "left": 0
    }
  }, 
  {
    "pk": 11053121, 
    "model": "spaces.space", 
    "fields": {
      "modified_date": "2013-08-12 08:58:54", 
      "right": 0, 
      "is_deleted": false, 
      "parent": 197, 
      "title": "asd2", 
      "rank": 100, 
      "top_level": 12, 
      "include_contents_in_editor": false, 
      "created_date": "2013-08-12 08:58:54", 
      "contents_count": 0, 
      "path": [
        12, 
        58, 
        197, 
        11053121
      ], 
      "space_type": 3, 
      "left": 0
    }
  }, 
  {
    "pk": 11053122, 
    "model": "spaces.space", 
    "fields": {
      "modified_date": "2013-08-12 08:59:57", 
      "right": 0, 
      "is_deleted": false, 
      "parent": 197, 
      "title": "asd3", 
      "rank": 100, 
      "top_level": 12, 
      "include_contents_in_editor": false, 
      "created_date": "2013-08-12 08:59:57", 
      "contents_count": 0, 
      "path": [
        12, 
        58, 
        197, 
        11053122
      ], 
      "space_type": 3, 
      "left": 0
    }
  }, 
  {
    "pk": 11053123, 
    "model": "spaces.space", 
    "fields": {
      "modified_date": "2013-08-12 09:00:09", 
      "right": 0, 
      "is_deleted": false, 
      "parent": 3, 
      "title": "As3", 
      "rank": 100, 
      "top_level": 3, 
      "include_contents_in_editor": false, 
      "created_date": "2013-08-12 09:00:09", 
      "contents_count": 0, 
      "path": [
        3, 
        11053123
      ], 
      "space_type": 1, 
      "left": 0
    }
  }, 
  {
    "pk": 11053124, 
    "model": "spaces.space", 
    "fields": {
      "modified_date": "2013-08-12 09:00:20", 
      "right": 0, 
      "is_deleted": false, 
      "parent": 58, 
      "title": "asd123", 
      "rank": 100, 
      "top_level": 12, 
      "include_contents_in_editor": false, 
      "created_date": "2013-08-12 09:00:20", 
      "contents_count": 0, 
      "path": [
        12, 
        58, 
        11053124
      ], 
      "space_type": 3, 
      "left": 0
    }
  }, 
  {
    "pk": 11053130, 
    "model": "spaces.space", 
    "fields": {
      "modified_date": "2013-08-12 12:19:20", 
      "right": 0, 
      "is_deleted": false, 
      "parent": null, 
      "title": "test7", 
      "rank": 100, 
      "top_level": 11053130, 
      "include_contents_in_editor": false, 
      "created_date": "2013-08-12 12:18:54", 
      "contents_count": 0, 
      "path": "[11053130L]", 
      "space_type": 1, 
      "left": 0
    }
  }, 
  {
    "pk": 11053140, 
    "model": "spaces.space", 
    "fields": {
      "modified_date": "2013-08-12 13:36:10", 
      "right": 0, 
      "is_deleted": false, 
      "parent": 11053124, 
      "title": "asss", 
      "rank": 100, 
      "top_level": 12, 
      "include_contents_in_editor": false, 
      "created_date": "2013-08-12 13:36:10", 
      "contents_count": 0, 
      "path": [
        12, 
        58, 
        11053124, 
        11053140
      ], 
      "space_type": 3, 
      "left": 0
    }
  }, 
  {
    "pk": 11053141, 
    "model": "spaces.space", 
    "fields": {
      "modified_date": "2013-08-12 13:36:18", 
      "right": 0, 
      "is_deleted": false, 
      "parent": 11053140, 
      "title": "asss_sub", 
      "rank": 100, 
      "top_level": 12, 
      "include_contents_in_editor": false, 
      "created_date": "2013-08-12 13:36:18", 
      "contents_count": 0, 
      "path": [
        12, 
        58, 
        11053124, 
        11053140, 
        11053141
      ], 
      "space_type": 3, 
      "left": 0
    }
  }, 
  {
    "pk": 11053142, 
    "model": "spaces.space", 
    "fields": {
      "modified_date": "2013-08-12 13:36:27", 
      "right": 0, 
      "is_deleted": false, 
      "parent": 11053141, 
      "title": "asss_sub_sub", 
      "rank": 100, 
      "top_level": 12, 
      "include_contents_in_editor": false, 
      "created_date": "2013-08-12 13:36:27", 
      "contents_count": 0, 
      "path": [
        12, 
        58, 
        11053124, 
        11053140, 
        11053141, 
        11053142
      ], 
      "space_type": 3, 
      "left": 0
    }
  }, 
  {
    "pk": 11053143, 
    "model": "spaces.space", 
    "fields": {
      "modified_date": "2013-08-12 13:43:24", 
      "right": 0, 
      "is_deleted": false, 
      "parent": 11053142, 
      "title": "asss_sub_sub_sub", 
      "rank": 100, 
      "top_level": 12, 
      "include_contents_in_editor": false, 
      "created_date": "2013-08-12 13:43:24", 
      "contents_count": 0, 
      "path": [
        12, 
        58, 
        11053124, 
        11053140, 
        11053141, 
        11053142, 
        11053143
      ], 
      "space_type": 3, 
      "left": 0
    }
  }, 
  {
    "pk": 6, 
    "model": "spaces.spaceaccess", 
    "fields": {
      "modified_date": "2013-08-02 08:49:28", 
      "is_deleted": false, 
      "roles": [
        217
      ], 
      "space": 3, 
      "user": 1, 
      "created_date": "2013-07-10 13:58:42", 
      "access_right": 3
    }
  }, 
  {
    "pk": 11, 
    "model": "spaces.spaceaccess", 
    "fields": {
      "modified_date": "2013-08-02 08:49:28", 
      "is_deleted": false, 
      "roles": [
        217
      ], 
      "space": 10, 
      "user": 8, 
      "created_date": "2013-07-10 12:02:30", 
      "access_right": 3
    }
  }, 
  {
    "pk": 14, 
    "model": "spaces.spaceaccess", 
    "fields": {
      "modified_date": "2013-08-02 08:49:28", 
      "is_deleted": false, 
      "roles": [
        218
      ], 
      "space": 12, 
      "user": 1, 
      "created_date": "2013-07-10 12:03:14", 
      "access_right": 3
    }
  }, 
  {
    "pk": 21, 
    "model": "spaces.spaceaccess", 
    "fields": {
      "modified_date": "2013-08-02 08:49:28", 
      "is_deleted": false, 
      "roles": [
        217
      ], 
      "space": 20, 
      "user": 18, 
      "created_date": "2013-07-10 12:03:53", 
      "access_right": 3
    }
  }, 
  {
    "pk": 77, 
    "model": "spaces.spaceaccess", 
    "fields": {
      "modified_date": "2013-08-02 08:49:28", 
      "is_deleted": false, 
      "roles": [
        217
      ], 
      "space": 76, 
      "user": 74, 
      "created_date": "2013-07-26 07:25:57", 
      "access_right": 3
    }
  }, 
  {
    "pk": 154, 
    "model": "spaces.spaceaccess", 
    "fields": {
      "modified_date": "2013-08-02 08:49:28", 
      "is_deleted": false, 
      "roles": [
        218
      ], 
      "space": 59, 
      "user": 74, 
      "created_date": "2013-08-01 09:26:24", 
      "access_right": 3
    }
  }, 
  {
    "pk": 168, 
    "model": "spaces.spaceaccess", 
    "fields": {
      "modified_date": "2013-08-02 08:49:28", 
      "is_deleted": false, 
      "roles": [
        218
      ], 
      "space": 159, 
      "user": 74, 
      "created_date": "2013-08-01 11:50:38", 
      "access_right": 3
    }
  }, 
  {
    "pk": 169, 
    "model": "spaces.spaceaccess", 
    "fields": {
      "modified_date": "2013-08-02 08:49:28", 
      "is_deleted": false, 
      "roles": [
        218
      ], 
      "space": 160, 
      "user": 74, 
      "created_date": "2013-08-01 11:51:08", 
      "access_right": 3
    }
  }, 
  {
    "pk": 170, 
    "model": "spaces.spaceaccess", 
    "fields": {
      "modified_date": "2013-08-02 08:49:28", 
      "is_deleted": false, 
      "roles": [
        218
      ], 
      "space": 161, 
      "user": 74, 
      "created_date": "2013-08-01 11:51:16", 
      "access_right": 3
    }
  }, 
  {
    "pk": 171, 
    "model": "spaces.spaceaccess", 
    "fields": {
      "modified_date": "2013-08-02 08:49:28", 
      "is_deleted": false, 
      "roles": [
        218
      ], 
      "space": 162, 
      "user": 74, 
      "created_date": "2013-08-01 11:51:24", 
      "access_right": 3
    }
  }, 
  {
    "pk": 172, 
    "model": "spaces.spaceaccess", 
    "fields": {
      "modified_date": "2013-08-02 08:49:28", 
      "is_deleted": false, 
      "roles": [
        218
      ], 
      "space": 163, 
      "user": 74, 
      "created_date": "2013-08-01 11:51:34", 
      "access_right": 3
    }
  }, 
  {
    "pk": 173, 
    "model": "spaces.spaceaccess", 
    "fields": {
      "modified_date": "2013-08-02 08:49:28", 
      "is_deleted": false, 
      "roles": [
        218
      ], 
      "space": 164, 
      "user": 74, 
      "created_date": "2013-08-01 11:51:46", 
      "access_right": 3
    }
  }, 
  {
    "pk": 174, 
    "model": "spaces.spaceaccess", 
    "fields": {
      "modified_date": "2013-08-02 08:49:28", 
      "is_deleted": false, 
      "roles": [
        218
      ], 
      "space": 165, 
      "user": 74, 
      "created_date": "2013-08-01 11:52:08", 
      "access_right": 3
    }
  }, 
  {
    "pk": 175, 
    "model": "spaces.spaceaccess", 
    "fields": {
      "modified_date": "2013-08-02 08:49:28", 
      "is_deleted": false, 
      "roles": [
        218
      ], 
      "space": 166, 
      "user": 74, 
      "created_date": "2013-08-01 11:52:21", 
      "access_right": 3
    }
  }, 
  {
    "pk": 176, 
    "model": "spaces.spaceaccess", 
    "fields": {
      "modified_date": "2013-08-02 08:49:29", 
      "is_deleted": false, 
      "roles": [
        218
      ], 
      "space": 167, 
      "user": 74, 
      "created_date": "2013-08-01 11:52:30", 
      "access_right": 3
    }
  }, 
  {
    "pk": 216, 
    "model": "spaces.spaceaccess", 
    "fields": {
      "modified_date": "2013-08-02 08:49:31", 
      "is_deleted": false, 
      "roles": [
        218
      ], 
      "space": 201, 
      "user": 74, 
      "created_date": "2013-08-01 12:00:38", 
      "access_right": 3
    }
  }, 
  {
    "pk": 305, 
    "model": "spaces.spaceaccess", 
    "fields": {
      "modified_date": "2013-08-05 10:26:46", 
      "is_deleted": false, 
      "roles": [
        304
      ], 
      "space": 303, 
      "user": 301, 
      "created_date": "2013-08-05 10:26:46", 
      "access_right": 3
    }
  }, 
  {
    "pk": 309, 
    "model": "spaces.spaceaccess", 
    "fields": {
      "modified_date": "2013-08-05 10:27:43", 
      "is_deleted": false, 
      "roles": [
        308
      ], 
      "space": 306, 
      "user": 301, 
      "created_date": "2013-08-05 10:27:43", 
      "access_right": 3
    }
  }, 
  {
    "pk": 320, 
    "model": "spaces.spaceaccess", 
    "fields": {
      "modified_date": "2013-08-05 10:37:53", 
      "is_deleted": false, 
      "roles": [
        319
      ], 
      "space": 318, 
      "user": 316, 
      "created_date": "2013-08-05 10:37:53", 
      "access_right": 3
    }
  }, 
  {
    "pk": 324, 
    "model": "spaces.spaceaccess", 
    "fields": {
      "modified_date": "2013-08-05 10:39:16", 
      "is_deleted": false, 
      "roles": [
        323
      ], 
      "space": 321, 
      "user": 316, 
      "created_date": "2013-08-05 10:39:16", 
      "access_right": 3
    }
  }, 
  {
    "pk": 11053116, 
    "model": "spaces.spaceaccess", 
    "fields": {
      "modified_date": "2013-08-09 13:50:47", 
      "is_deleted": false, 
      "roles": [
        223
      ], 
      "space": 59, 
      "user": 8, 
      "created_date": "2013-08-09 13:50:47", 
      "access_right": 3
    }
  }, 
  {
    "pk": 11053125, 
    "model": "spaces.spaceaccess", 
    "fields": {
      "modified_date": "2013-08-12 11:33:47", 
      "is_deleted": false, 
      "roles": [
        223
      ], 
      "space": 225, 
      "user": 8, 
      "created_date": "2013-08-12 11:33:47", 
      "access_right": 3
    }
  }, 
  {
    "pk": 11053126, 
    "model": "spaces.spaceaccess", 
    "fields": {
      "modified_date": "2013-08-12 12:17:02", 
      "is_deleted": false, 
      "roles": [
        223
      ], 
      "space": 225, 
      "user": 11053114, 
      "created_date": "2013-08-12 12:17:02", 
      "access_right": 3
    }
  }, 
  {
    "pk": 11053138, 
    "model": "spaces.spaceaccess", 
    "fields": {
      "modified_date": "2013-08-12 12:55:10", 
      "is_deleted": false, 
      "roles": [
        223
      ], 
      "space": 58, 
      "user": 11053128, 
      "created_date": "2013-08-12 12:55:10", 
      "access_right": 3
    }
  }, 
  {
    "pk": 11053144, 
    "model": "spaces.spaceaccess", 
    "fields": {
      "modified_date": "2013-08-12 14:21:19", 
      "is_deleted": false, 
      "roles": [
        218
      ], 
      "space": 58, 
      "user": 18, 
      "created_date": "2013-08-12 14:21:19", 
      "access_right": 3
    }
  }, 
  {
    "pk": 25, 
    "model": "filestorage.filestorage", 
    "fields": {
      "modified_date": "2013-07-24 11:50:29", 
      "history_for": null, 
      "version": null, 
      "content_type": "text/xml", 
      "created_date": "2013-07-24 11:50:29", 
      "owner": 1, 
      "contents": "<?xml version='1.0' encoding='UTF-8' ?> \n\n<page>\n\t<modules>\n\t\n\t\t<textModule id=\"Title\" left=\"5\" top=\"3\" width=\"90\" height=\"7\" style=\"\">\n\t\t\t<text>&lt;div style=&quot;text-align: center;&quot;&gt;Title&lt;/div&gt;</text>\n\t\t</textModule>\t\n\t\t<buttonModule id=\"PrevPage\" left=\"0\" top=\"90\" width=\"10\" height=\"10\" style=\"\">\n\t\t\t<button type=\"prevPage\" text=\"\"/>\n\t\t</buttonModule>\n\t\t<buttonModule id=\"NextPage\" left=\"90\" top=\"90\" width=\"10\" height=\"10\" style=\"\">\n\t\t\t<button type=\"nextPage\" text=\"\"/>\n\t\t</buttonModule>\n\t</modules> \n</page>\n"
    }
  }, 
  {
    "pk": 26, 
    "model": "filestorage.filestorage", 
    "fields": {
      "modified_date": "2013-07-24 11:50:29", 
      "history_for": 27, 
      "version": 1, 
      "content_type": "text/xml", 
      "created_date": "2013-07-24 11:50:29", 
      "owner": 1, 
      "contents": "<?xml version=\"1.0\" encoding=\"utf-8\"?><interactiveContent name=\"test\">\n\n\t<style href=\"/media/content/styles/default/content.css\"/>\n\n\t<pages>\n\t\t\n\t\t<page href=\"25\" name=\"Page 1\"/>\n\t\t\n\t\t\n\t</pages>\n</interactiveContent>"
    }
  }, 
  {
    "pk": 30, 
    "model": "filestorage.filestorage", 
    "fields": {
      "modified_date": "2013-07-24 11:51:54", 
      "history_for": null, 
      "version": null, 
      "content_type": "text/xml", 
      "created_date": "2013-07-24 11:51:54", 
      "owner": 1, 
      "contents": "<?xml version='1.0' encoding='UTF-8' ?> \n\n<page>\n\t<modules>\n\t\n\t\t<textModule id=\"Title\" left=\"5\" top=\"3\" width=\"90\" height=\"7\" style=\"\">\n\t\t\t<text>&lt;div style=&quot;text-align: center;&quot;&gt;Title&lt;/div&gt;</text>\n\t\t</textModule>\t\n\t\t<buttonModule id=\"PrevPage\" left=\"0\" top=\"90\" width=\"10\" height=\"10\" style=\"\">\n\t\t\t<button type=\"prevPage\" text=\"\"/>\n\t\t</buttonModule>\n\t\t<buttonModule id=\"NextPage\" left=\"90\" top=\"90\" width=\"10\" height=\"10\" style=\"\">\n\t\t\t<button type=\"nextPage\" text=\"\"/>\n\t\t</buttonModule>\n\t</modules> \n</page>\n"
    }
  }, 
  {
    "pk": 31, 
    "model": "filestorage.filestorage", 
    "fields": {
      "modified_date": "2013-07-24 11:51:54", 
      "history_for": 32, 
      "version": 1, 
      "content_type": "text/xml", 
      "created_date": "2013-07-24 11:51:54", 
      "owner": 1, 
      "contents": "<?xml version=\"1.0\" encoding=\"utf-8\"?><interactiveContent name=\"asd\">\n\n\t<style href=\"/media/content/styles/default/content.css\"/>\n\n\t<pages>\n\t\t\n\t\t<page href=\"30\" name=\"Page 1\"/>\n\t\t\n\t\t\n\t</pages>\n</interactiveContent>"
    }
  }, 
  {
    "pk": 35, 
    "model": "filestorage.filestorage", 
    "fields": {
      "modified_date": "2013-07-24 11:52:42", 
      "history_for": null, 
      "version": null, 
      "content_type": "text/xml", 
      "created_date": "2013-07-24 11:52:42", 
      "owner": 1, 
      "contents": "<?xml version='1.0' encoding='UTF-8' ?> \n\n<page>\n\t<modules>\n\t\n\t\t<textModule id=\"Title\" left=\"5\" top=\"3\" width=\"90\" height=\"7\" style=\"\">\n\t\t\t<text>&lt;div style=&quot;text-align: center;&quot;&gt;Title&lt;/div&gt;</text>\n\t\t</textModule>\t\n\t\t<buttonModule id=\"PrevPage\" left=\"0\" top=\"90\" width=\"10\" height=\"10\" style=\"\">\n\t\t\t<button type=\"prevPage\" text=\"\"/>\n\t\t</buttonModule>\n\t\t<buttonModule id=\"NextPage\" left=\"90\" top=\"90\" width=\"10\" height=\"10\" style=\"\">\n\t\t\t<button type=\"nextPage\" text=\"\"/>\n\t\t</buttonModule>\n\t</modules> \n</page>\n"
    }
  }, 
  {
    "pk": 36, 
    "model": "filestorage.filestorage", 
    "fields": {
      "modified_date": "2013-07-24 11:52:42", 
      "history_for": 37, 
      "version": 1, 
      "content_type": "text/xml", 
      "created_date": "2013-07-24 11:52:42", 
      "owner": 1, 
      "contents": "<?xml version=\"1.0\" encoding=\"utf-8\"?><interactiveContent name=\"asd\">\n\n\t<style href=\"/media/content/styles/default/content.css\"/>\n\n\t<pages>\n\t\t\n\t\t<page href=\"35\" name=\"Page 1\"/>\n\t\t\n\t\t\n\t</pages>\n<assets><asset contentType=\"image/pjpeg\" fileName=\"a1.jpg\" href=\"/file/serve/143\" title=\"\" type=\"image\"/><asset contentType=\"video/webm\" fileName=\"big-buck-bunny_trailerWebM.webm\" href=\"/file/serve/144\" title=\"\" type=\"video\"/><asset contentType=\"video/mp4\" fileName=\"gizmomp4.mp4\" href=\"/file/serve/145\" title=\"\" type=\"video\"/><asset contentType=\"audio/oga\" fileName=\"ogaExample.oga\" href=\"/file/serve/146\" title=\"\" type=\"audio\"/></assets></interactiveContent>"
    }
  }, 
  {
    "pk": 60, 
    "model": "filestorage.filestorage", 
    "fields": {
      "modified_date": "2013-07-25 13:25:53", 
      "history_for": 61, 
      "version": 1, 
      "content_type": "text/xml", 
      "created_date": "2013-07-25 13:25:53", 
      "owner": 1, 
      "contents": "<?xml version=\"1.0\" encoding=\"UTF-8\" ?> \n<addon id=\"test\">\n\n\t<metadata>\n\t\t<title>Hello world Addon</title>\n\t\t<description>\n\t\t\tEnter addon description here\n\t\t</description>\n\t</metadata>\n\t\n\t<model>\n\t\t<property name=\"Text\" type=\"string\"/>\n\t</model>\n\t\n\t<view>\n\t\t&lt;p&gt;test&lt;/p&gt;\n\t</view>\n\t\n\t<preview>\n\t\t&lt;p&gt;Addon test&lt;/p&gt;\n\t</preview>\n\t\n\t<presenter>\n\t\tfunction Addontest_create(){\n\t\t\t\n\t\t\tvar presenter = function(){}\n\n\t\t\tvar element;\n\t\t\t\n\t\t\tpresenter.run = function(view, model){\n\t\t\t\t\n\t\t\t\telement = view.getElementsByTagName('p')[0];\n\t\t\t\telement.innerHTML = model['Text'];\n\t\t\t}\n\n\t\t\tpresenter.setShowErrorsMode = function(){\n\t\t\t\telement.innerHTML = 'setShowErrorsMode';\n\t\t\t}\n\t\t\t\n\t\t\tpresenter.setWorkMode = function(){\n\t\t\t\telement.innerHTML = 'setWorkMode';\n\t\t\t}\n\t\t\t\n\t\t\tpresenter.reset = function(){\n\t\t\t\telement.innerHTML = 'Reset';\n\t\t\t}\n\t\t\t\n\t\t\tpresenter.getErrorCount = function(){\n\t\t\t\treturn 7;\n\t\t\t}\n\t\t\t\n\t\t\tpresenter.getMaxScore = function(){\n\t\t\t\treturn 3;\n\t\t\t}\n\t\t\t\n\t\t\tpresenter.getScore = function(){\n\t\t\t\treturn 1;\n\t\t\t}\n\t\t\t\n\t\t\tpresenter.getState = function(){\n\t\t\t\telement.innerHTML = 'Get state';\n\t\t\t\treturn \"State saved\";\n\t\t\t}\n\n\t\t\tpresenter.setState = function(state){\n\t\t\t\telement.innerHTML = 'Set state';\n\t\t\t}\n\n\t\t\treturn presenter;\n\t\t}\n\t\t\n\t</presenter>\n\t\n</addon>\n"
    }
  }, 
  {
    "pk": 63, 
    "model": "filestorage.filestorage", 
    "fields": {
      "modified_date": "2013-07-25 13:26:17", 
      "history_for": 64, 
      "version": 1, 
      "content_type": "text/xml", 
      "created_date": "2013-07-25 13:26:17", 
      "owner": 1, 
      "contents": "<?xml version=\"1.0\" encoding=\"UTF-8\" ?> \n<addon id=\"test2\">\n\n\t<metadata>\n\t\t<title>Hello world Addon</title>\n\t\t<description>\n\t\t\tEnter addon description here\n\t\t</description>\n\t</metadata>\n\t\n\t<model>\n\t\t<property name=\"Text\" type=\"string\"/>\n\t</model>\n\t\n\t<view>\n\t\t&lt;p&gt;test&lt;/p&gt;\n\t</view>\n\t\n\t<preview>\n\t\t&lt;p&gt;Addon test2&lt;/p&gt;\n\t</preview>\n\t\n\t<presenter>\n\t\tfunction Addontest2_create(){\n\t\t\t\n\t\t\tvar presenter = function(){}\n\n\t\t\tvar element;\n\t\t\t\n\t\t\tpresenter.run = function(view, model){\n\t\t\t\t\n\t\t\t\telement = view.getElementsByTagName('p')[0];\n\t\t\t\telement.innerHTML = model['Text'];\n\t\t\t}\n\n\t\t\tpresenter.setShowErrorsMode = function(){\n\t\t\t\telement.innerHTML = 'setShowErrorsMode';\n\t\t\t}\n\t\t\t\n\t\t\tpresenter.setWorkMode = function(){\n\t\t\t\telement.innerHTML = 'setWorkMode';\n\t\t\t}\n\t\t\t\n\t\t\tpresenter.reset = function(){\n\t\t\t\telement.innerHTML = 'Reset';\n\t\t\t}\n\t\t\t\n\t\t\tpresenter.getErrorCount = function(){\n\t\t\t\treturn 7;\n\t\t\t}\n\t\t\t\n\t\t\tpresenter.getMaxScore = function(){\n\t\t\t\treturn 3;\n\t\t\t}\n\t\t\t\n\t\t\tpresenter.getScore = function(){\n\t\t\t\treturn 1;\n\t\t\t}\n\t\t\t\n\t\t\tpresenter.getState = function(){\n\t\t\t\telement.innerHTML = 'Get state';\n\t\t\t\treturn \"State saved\";\n\t\t\t}\n\n\t\t\tpresenter.setState = function(state){\n\t\t\t\telement.innerHTML = 'Set state';\n\t\t\t}\n\n\t\t\treturn presenter;\n\t\t}\n\t\t\n\t</presenter>\n\t\n</addon>\n"
    }
  }, 
  {
    "pk": 66, 
    "model": "filestorage.filestorage", 
    "fields": {
      "modified_date": "2013-07-25 13:27:56", 
      "history_for": null, 
      "version": null, 
      "content_type": "text/xml", 
      "created_date": "2013-07-25 13:27:10", 
      "owner": 1, 
      "contents": "<?xml version='1.0' encoding='UTF-8' ?><page layout='pixels' width='0' height='0'><modules><textModule id='Title' left='28' top='11' width='520' height='27' isVisible='true'><text draggable='false' gapWidth='0' isActivity='true' isIgnorePunctuation='false' isDisabled='false' isCaseSensitive='false'><![CDATA[<div style=\"text-align: center;\">Title</div>]]></text></textModule><buttonModule id='PrevPage' left='0' top='358' width='57' height='39' isVisible='true'><button type='prevPage' text='' onclick=''/></buttonModule><buttonModule id='NextPage' left='520' top='358' width='57' height='39' isVisible='true'><button type='nextPage' text='' onclick=''/></buttonModule><addonModule addonId='test2' id='test21' left='215' top='112' width='100' height='100' isVisible='true'><properties><property name='Text' type='string' value=''/></properties></addonModule></modules></page>"
    }
  }, 
  {
    "pk": 67, 
    "model": "filestorage.filestorage", 
    "fields": {
      "modified_date": "2013-07-25 13:27:54", 
      "history_for": 68, 
      "version": 1, 
      "content_type": "text/xml", 
      "created_date": "2013-07-25 13:27:10", 
      "owner": 1, 
      "contents": "<?xml version='1.0' encoding='UTF-8' ?><interactiveContent name='test'><metadata></metadata><addons><addon-descriptor addonId='test2' href='/proxy/get?url=http://localhost:8000/mycontent/test2/getaddon'/></addons><pages><page id='t5Jy93' name='Page 1' href='66' preview='' reportable='true'/><header ref='commons/header'/><footer ref='commons/footer'/></pages><assets></assets></interactiveContent>"
    }
  }, 
  {
    "pk": 156, 
    "model": "filestorage.filestorage", 
    "fields": {
      "modified_date": "2013-08-01 09:28:22", 
      "history_for": 61, 
      "version": 2, 
      "content_type": "text/xml", 
      "created_date": "2013-08-01 09:28:22", 
      "owner": 1, 
      "contents": "<?xml version=\"1.0\" encoding=\"UTF-8\" ?> \n<addon id=\"test\">\n\n\t<metadata>\n\t\t<title>Hello world Addon</title>\n\t\t<description>\n\t\t\tEnter addon description here\n\t\t</description>\n\t</metadata>\n\t\n\t<model>\n\t\t<property name=\"Text\" type=\"string\"/>\n\t</model>\n\t\n\t<view>\n\t\t&lt;p&gt;test&lt;/p&gt;\n\t</view>\n\t\n\t<preview>\n\t\t&lt;p&gt;Addon test&lt;/p&gt;\n\t</preview>\n\t\n\t<presenter>\n\t\tfunction Addontest_create(){\n\t\t\t\n\t\t\tvar presenter = function(){}\n\n\t\t\tvar element;\n\t\t\t\n\t\t\tpresenter.run = function(view, model){\n\t\t\t\t\n\t\t\t\telement = view.getElementsByTagName('p')[0];\n\t\t\t\telement.innerHTML = model['Text'];\n\t\t\t}\n\n\t\t\tpresenter.setShowErrorsMode = function(){\n\t\t\t\telement.innerHTML = 'setShowErrorsMode';\n\t\t\t}\n\t\t\t\n\t\t\tpresenter.setWorkMode = function(){\n\t\t\t\telement.innerHTML = 'setWorkMode';\n\t\t\t}\n\t\t\t\n\t\t\tpresenter.reset = function(){\n\t\t\t\telement.innerHTML = 'Reset';\n\t\t\t}\n\t\t\t\n\t\t\tpresenter.getErrorCount = function(){\n\t\t\t\treturn 7;\n\t\t\t}\n\t\t\t\n\t\t\tpresenter.getMaxScore = function(){\n\t\t\t\treturn 3;\n\t\t\t}\n\t\t\t\n\t\t\tpresenter.getScore = function(){\n\t\t\t\treturn 1;\n\t\t\t}\n\t\t\t\n\t\t\tpresenter.getState = function(){\n\t\t\t\telement.innerHTML = 'Get state';\n\t\t\t\treturn \"State saved\";\n\t\t\t}\n\n\t\t\tpresenter.setState = function(state){\n\t\t\t\telement.innerHTML = 'Set state';\n\t\t\t}\n\n\t\t\treturn presenter;\n\t\t}\n\t\t\n\t</presenter>\n\t\n</addon>\n"
    }
  }, 
  {
    "pk": 329, 
    "model": "filestorage.filestorage", 
    "fields": {
      "modified_date": "2013-08-05 13:28:53", 
      "history_for": null, 
      "version": null, 
      "content_type": "text/xml", 
      "created_date": "2013-08-05 13:28:53", 
      "owner": 8, 
      "contents": "<?xml version='1.0' encoding='UTF-8' ?> \n\n<page>\n\t<modules>\n\t\n\t\t<textModule id=\"Title\" left=\"5\" top=\"3\" width=\"90\" height=\"7\" style=\"\">\n\t\t\t<text>&lt;div style=&quot;text-align: center;&quot;&gt;Title&lt;/div&gt;</text>\n\t\t</textModule>\t\n\t\t<buttonModule id=\"PrevPage\" left=\"0\" top=\"90\" width=\"10\" height=\"10\" style=\"\">\n\t\t\t<button type=\"prevPage\" text=\"\"/>\n\t\t</buttonModule>\n\t\t<buttonModule id=\"NextPage\" left=\"90\" top=\"90\" width=\"10\" height=\"10\" style=\"\">\n\t\t\t<button type=\"nextPage\" text=\"\"/>\n\t\t</buttonModule>\n\t</modules> \n</page>\n"
    }
  }, 
  {
    "pk": 330, 
    "model": "filestorage.filestorage", 
    "fields": {
      "modified_date": "2013-08-05 13:28:53", 
      "history_for": 331, 
      "version": 1, 
      "content_type": "text/xml", 
      "created_date": "2013-08-05 13:28:53", 
      "owner": 8, 
      "contents": "<?xml version=\"1.0\" encoding=\"utf-8\"?><interactiveContent name=\"assets upload\">\n\n\t<style href=\"/media/content/styles/default/content.css\"/>\n\n\t<pages>\n\t\t\n\t\t<page href=\"329\" name=\"Page 1\"/>\n\t\t\n\t\t\n\t</pages>\n<assets><asset contentType=\"image/jpg\" fileName=\"a1.jpg\" href=\"/file/serve/700\" title=\"\" type=\"image\"/><asset contentType=\"video/webm\" fileName=\"big-buck-bunny_trailerWebM.webm\" href=\"/file/serve/701\" title=\"\" type=\"video\"/><asset contentType=\"video/mp4\" fileName=\"gizmomp4.mp4\" href=\"/file/serve/702\" title=\"\" type=\"video\"/><asset contentType=\"audio/oga\" fileName=\"ogaExample.oga\" href=\"/file/serve/703\" title=\"\" type=\"audio\"/><asset contentType=\"application/vnd.openxmlformats-officedocument.wordprocessingml.document\" fileName=\"Ocena roczna_Karol Gebert.docx\" href=\"/file/serve/704\" title=\"\" type=\"application\"/><asset contentType=\"application/pdf\" fileName=\"CV_-_Lukasz_Rybka.pdf\" href=\"/file/serve/705\" title=\"\" type=\"application\"/></assets></interactiveContent>"
    }
  }, 
  {
    "pk": 708, 
    "model": "filestorage.filestorage", 
    "fields": {
      "modified_date": "2013-08-06 09:51:12", 
      "history_for": null, 
      "version": null, 
      "content_type": "text/xml", 
      "created_date": "2013-08-06 09:51:12", 
      "owner": 8, 
      "contents": "<?xml version='1.0' encoding='UTF-8' ?> \n\n<page>\n\t<modules>\n\t\n\t\t<textModule id=\"Title\" left=\"5\" top=\"3\" width=\"90\" height=\"7\" style=\"\">\n\t\t\t<text>&lt;div style=&quot;text-align: center;&quot;&gt;Title&lt;/div&gt;</text>\n\t\t</textModule>\t\n\t\t<buttonModule id=\"PrevPage\" left=\"0\" top=\"90\" width=\"10\" height=\"10\" style=\"\">\n\t\t\t<button type=\"prevPage\" text=\"\"/>\n\t\t</buttonModule>\n\t\t<buttonModule id=\"NextPage\" left=\"90\" top=\"90\" width=\"10\" height=\"10\" style=\"\">\n\t\t\t<button type=\"nextPage\" text=\"\"/>\n\t\t</buttonModule>\n\t</modules> \n</page>\n"
    }
  }, 
  {
    "pk": 709, 
    "model": "filestorage.filestorage", 
    "fields": {
      "modified_date": "2013-08-06 09:51:12", 
      "history_for": 710, 
      "version": 1, 
      "content_type": "text/xml", 
      "created_date": "2013-08-06 09:51:12", 
      "owner": 8, 
      "contents": "<?xml version=\"1.0\" encoding=\"utf-8\"?><interactiveContent name=\"Copy of assets upload\">\n\n\t<style href=\"/media/content/styles/default/content.css\"/>\n\n\t<pages>\n\t\t\n\t\t<page href=\"708\" name=\"Page 1\"/>\n\t\t\n\t\t\n\t</pages>\n<assets><asset contentType=\"image/jpg\" fileName=\"a1.jpg\" href=\"/file/serve/700\" title=\"\" type=\"image\"/><asset contentType=\"video/webm\" fileName=\"big-buck-bunny_trailerWebM.webm\" href=\"/file/serve/701\" title=\"\" type=\"video\"/><asset contentType=\"video/mp4\" fileName=\"gizmomp4.mp4\" href=\"/file/serve/702\" title=\"\" type=\"video\"/><asset contentType=\"audio/oga\" fileName=\"ogaExample.oga\" href=\"/file/serve/703\" title=\"\" type=\"audio\"/><asset contentType=\"application/vnd.openxmlformats-officedocument.wordprocessingml.document\" fileName=\"Ocena roczna_Karol Gebert.docx\" href=\"/file/serve/704\" title=\"\" type=\"application\"/><asset contentType=\"application/pdf\" fileName=\"CV_-_Lukasz_Rybka.pdf\" href=\"/file/serve/705\" title=\"\" type=\"application\"/></assets></interactiveContent>"
    }
  }, 
  {
    "pk": 717, 
    "model": "filestorage.filestorage", 
    "fields": {
      "modified_date": "2013-08-07 13:45:43", 
      "history_for": null, 
      "version": null, 
      "content_type": "text/xml", 
      "created_date": "2013-08-07 13:45:43", 
      "owner": 8, 
      "contents": "<?xml version='1.0' encoding='UTF-8' ?> \n\n<page>\n\t<modules>\n\t\n\t\t<textModule id=\"Title\" left=\"5\" top=\"3\" width=\"90\" height=\"7\" style=\"\">\n\t\t\t<text>&lt;div style=&quot;text-align: center;&quot;&gt;Title&lt;/div&gt;</text>\n\t\t</textModule>\t\n\t\t<buttonModule id=\"PrevPage\" left=\"0\" top=\"90\" width=\"10\" height=\"10\" style=\"\">\n\t\t\t<button type=\"prevPage\" text=\"\"/>\n\t\t</buttonModule>\n\t\t<buttonModule id=\"NextPage\" left=\"90\" top=\"90\" width=\"10\" height=\"10\" style=\"\">\n\t\t\t<button type=\"nextPage\" text=\"\"/>\n\t\t</buttonModule>\n\t</modules> \n</page>\n"
    }
  }, 
  {
    "pk": 718, 
    "model": "filestorage.filestorage", 
    "fields": {
      "modified_date": "2013-08-07 13:45:43", 
      "history_for": 719, 
      "version": 1, 
      "content_type": "text/xml", 
      "created_date": "2013-08-07 13:45:43", 
      "owner": 8, 
      "contents": "<?xml version=\"1.0\" encoding=\"utf-8\"?><interactiveContent name=\"asd\">\n\n\t<style href=\"/media/content/styles/default/content.css\"/>\n\n\t<pages>\n\t\t\n\t\t<page href=\"717\" name=\"Page 1\"/>\n\t\t\n\t\t\n\t</pages>\n</interactiveContent>"
    }
  }, 
  {
    "pk": 11053102, 
    "model": "filestorage.filestorage", 
    "fields": {
      "modified_date": "2013-08-08 11:26:38", 
      "history_for": 37, 
      "version": 2, 
      "content_type": "text/xml", 
      "created_date": "2013-08-08 11:26:38", 
      "owner": 1, 
      "contents": "<?xml version=\"1.0\" encoding=\"utf-8\"?><interactiveContent name=\"asd\">\n\n\t<style href=\"/media/content/styles/default/content.css\"/>\n\n\t<pages>\n\t\t\n\t\t<page href=\"11053103\" name=\"Page 1\"/>\n\t\t\n\t\t\n\t</pages>\n<assets><asset contentType=\"image/pjpeg\" fileName=\"a1.jpg\" href=\"/file/serve/143\" title=\"\" type=\"image\"/><asset contentType=\"video/webm\" fileName=\"big-buck-bunny_trailerWebM.webm\" href=\"/file/serve/144\" title=\"\" type=\"video\"/><asset contentType=\"video/mp4\" fileName=\"gizmomp4.mp4\" href=\"/file/serve/145\" title=\"\" type=\"video\"/><asset contentType=\"audio/oga\" fileName=\"ogaExample.oga\" href=\"/file/serve/146\" title=\"\" type=\"audio\"/></assets></interactiveContent>"
    }
  }, 
  {
    "pk": 11053103, 
    "model": "filestorage.filestorage", 
    "fields": {
      "modified_date": "2013-08-08 11:26:38", 
      "history_for": null, 
      "version": null, 
      "content_type": "text/xml", 
      "created_date": "2013-08-08 11:26:38", 
      "owner": 1, 
      "contents": "<?xml version='1.0' encoding='UTF-8' ?> \n\n<page>\n\t<modules>\n\t\n\t\t<textModule id=\"Title\" left=\"5\" top=\"3\" width=\"90\" height=\"7\" style=\"\">\n\t\t\t<text>&lt;div style=&quot;text-align: center;&quot;&gt;Title&lt;/div&gt;</text>\n\t\t</textModule>\t\n\t\t<buttonModule id=\"PrevPage\" left=\"0\" top=\"90\" width=\"10\" height=\"10\" style=\"\">\n\t\t\t<button type=\"prevPage\" text=\"\"/>\n\t\t</buttonModule>\n\t\t<buttonModule id=\"NextPage\" left=\"90\" top=\"90\" width=\"10\" height=\"10\" style=\"\">\n\t\t\t<button type=\"nextPage\" text=\"\"/>\n\t\t</buttonModule>\n\t</modules> \n</page>\n"
    }
  }, 
  {
    "pk": 128, 
    "model": "filestorage.uploadedfile", 
    "fields": {
      "owner": 1, 
      "title": null, 
      "content_type": "application/zip", 
      "file": "3bXHZLgIOSTyDijLnTs7HA==/uploads/2013/07/31/12/59/14/Desktop.zip", 
      "filename": "Desktop.zip"
    }
  }, 
  {
    "pk": 131, 
    "model": "filestorage.uploadedfile", 
    "fields": {
      "owner": 1, 
      "title": null, 
      "content_type": "image/pjpeg", 
      "file": "6Sx7jFFVBijPzDAF1SJsC49MAoslh48YHNzcYoby8aBt7hitLsTDm0SOVAEug7oN", 
      "filename": "a1.jpg"
    }
  }, 
  {
    "pk": 132, 
    "model": "filestorage.uploadedfile", 
    "fields": {
      "owner": 1, 
      "title": null, 
      "content_type": "video/webm", 
      "file": "UV2Qhc5aL0yan4CgBxyriZgte43YhIvrI0uL2M1rW0V5nePj7WUHfhlIZWiISBPj", 
      "filename": "big-buck-bunny_trailerWebM.webm"
    }
  }, 
  {
    "pk": 133, 
    "model": "filestorage.uploadedfile", 
    "fields": {
      "owner": 1, 
      "title": null, 
      "content_type": "video/mp4", 
      "file": "6DANarROvmz2OsNHQu04dv1uI0mHk69lCF2C8hcBQVhX6euUXSpWePDhjtd8vjNs", 
      "filename": "gizmomp4.mp4"
    }
  }, 
  {
    "pk": 134, 
    "model": "filestorage.uploadedfile", 
    "fields": {
      "owner": 1, 
      "title": null, 
      "content_type": "application/zip", 
      "file": "miWL0YQwhGiXzfWVRoBxeA==/uploads/2013/07/31/13/01/55/Desktop.zip", 
      "filename": "Desktop.zip"
    }
  }, 
  {
    "pk": 135, 
    "model": "filestorage.uploadedfile", 
    "fields": {
      "owner": 1, 
      "title": null, 
      "content_type": "image/pjpeg", 
      "file": "qVKHqzmNnEPp5c1Wz4acVsHfTXWwcV2o3TbcUxyzhxVaKiqtxR7Puq6k6Jni2ADR", 
      "filename": "a1.jpg"
    }
  }, 
  {
    "pk": 138, 
    "model": "filestorage.uploadedfile", 
    "fields": {
      "owner": 1, 
      "title": null, 
      "content_type": "video/webm", 
      "file": "ZyIkcCcHJ0tepdwYI80V1tlWEQ2OL6mIvx3IBD6oqFojbYB3JW2a5iljEw4g1zk5", 
      "filename": "big-buck-bunny_trailerWebM.webm"
    }
  }, 
  {
    "pk": 139, 
    "model": "filestorage.uploadedfile", 
    "fields": {
      "owner": 1, 
      "title": null, 
      "content_type": "video/mp4", 
      "file": "sFbk60QwPFa5mDFjeXfgz2YHeZe3Y9ibWMocPGoTo9rESWMuYVAqRYDvaFoVjZQP", 
      "filename": "gizmomp4.mp4"
    }
  }, 
  {
    "pk": 140, 
    "model": "filestorage.uploadedfile", 
    "fields": {
      "owner": 1, 
      "title": null, 
      "content_type": "application/zip", 
      "file": "JGTqk_zi10ujv_uoZn6vig==/uploads/2013/07/31/13/17/46/Desktop.zip", 
      "filename": "Desktop.zip"
    }
  }, 
  {
    "pk": 143, 
    "model": "filestorage.uploadedfile", 
    "fields": {
      "owner": 1, 
      "title": null, 
      "content_type": "image/pjpeg", 
      "file": "gm2HAO8DV6ML5jVeVGQJ8Yzf32rCFfD0p0yDnlaL5qSTg3VrJG606B3vDGMpTKxm", 
      "filename": "a1.jpg"
    }
  }, 
  {
    "pk": 144, 
    "model": "filestorage.uploadedfile", 
    "fields": {
      "owner": 1, 
      "title": null, 
      "content_type": "video/webm", 
      "file": "Mp4yooRSbxuVM99Q4ljSECPVSsxjrkG7FbMDHUDRaWxHfq5PDjvnOiVrlCu2PAWh", 
      "filename": "big-buck-bunny_trailerWebM.webm"
    }
  }, 
  {
    "pk": 145, 
    "model": "filestorage.uploadedfile", 
    "fields": {
      "owner": 1, 
      "title": null, 
      "content_type": "video/mp4", 
      "file": "UTSCqDSq7Ncp6MBaxuKPsAcWvpDn4Lyue3L5frfzjOUMGVymswcAxQ3asKVhcfO8", 
      "filename": "gizmomp4.mp4"
    }
  }, 
  {
    "pk": 146, 
    "model": "filestorage.uploadedfile", 
    "fields": {
      "owner": 1, 
      "title": null, 
      "content_type": "audio/oga", 
      "file": "jn9XyMTEaRmomS9D5timvV5S3zAj2CMEIgg1ttcmiR2kEZe3xdGPxMdDfl227IGj", 
      "filename": "ogaExample.oga"
    }
  }, 
  {
    "pk": 336, 
    "model": "filestorage.uploadedfile", 
    "fields": {
      "owner": 8, 
      "title": null, 
      "content_type": "application/zip", 
      "file": "8wvgliCPNEE4N1Y-mME7Qg==/uploads/2013/08/05/13/35/49/Desktop.zip", 
      "filename": "Desktop.zip"
    }
  }, 
  {
    "pk": 337, 
    "model": "filestorage.uploadedfile", 
    "fields": {
      "owner": 8, 
      "title": null, 
      "content_type": "image/pjpeg", 
      "file": "SN738X9R4FSjfMANkLVENvNUbjJRusBwN5maNzHxBsx2rQHCugJ9ZEQJvxwMIXb6", 
      "filename": "a1.jpg"
    }
  }, 
  {
    "pk": 338, 
    "model": "filestorage.uploadedfile", 
    "fields": {
      "owner": 8, 
      "title": null, 
      "content_type": "video/webm", 
      "file": "wiI2MBrq6V9zXyWZxVISbbdFEJ0tt6HiZreq2ULtVo02PL2zW2mW8XZ3AvxI8Fzs", 
      "filename": "big-buck-bunny_trailerWebM.webm"
    }
  }, 
  {
    "pk": 339, 
    "model": "filestorage.uploadedfile", 
    "fields": {
      "owner": 8, 
      "title": null, 
      "content_type": "video/mp4", 
      "file": "t5TctNcWQhUKGHoUrs8nXzcm5Dyi9DYTD6ZqhZNOPHXNq6XKcjqfEjqVssrphHvV", 
      "filename": "gizmomp4.mp4"
    }
  }, 
  {
    "pk": 340, 
    "model": "filestorage.uploadedfile", 
    "fields": {
      "owner": 8, 
      "title": null, 
      "content_type": "audio/oga", 
      "file": "4JgmDAD6YdU47hoxrdYhhjWkbocK36QM6jaL5ZTLDBij48F71K1BXkvKosReqOui", 
      "filename": "ogaExample.oga"
    }
  }, 
  {
    "pk": 341, 
    "model": "filestorage.uploadedfile", 
    "fields": {
      "owner": 8, 
      "title": null, 
      "content_type": "text/plain", 
      "file": "NA0wFY5GDK1rXPlzIqmDG7ja30Q2KWKHJLnqthlwASbgzW4kCRUgWnpF8IiUKzpj", 
      "filename": "mimetype.txt"
    }
  }, 
  {
    "pk": 344, 
    "model": "filestorage.uploadedfile", 
    "fields": {
      "owner": 8, 
      "title": null, 
      "content_type": "application/zip", 
      "file": "ePeHuJbINFfE8o6z8L3-GQ==/uploads/2013/08/05/13/40/42/Desktop.zip", 
      "filename": "Desktop.zip"
    }
  }, 
  {
    "pk": 347, 
    "model": "filestorage.uploadedfile", 
    "fields": {
      "owner": 8, 
      "title": null, 
      "content_type": "image/pjpeg", 
      "file": "QmNJYtVBk9tLdWlfCevA4mn5oFZWVV868iADLvi9igwuCwZpt776rpvXSGIjj1DK", 
      "filename": "a1.jpg"
    }
  }, 
  {
    "pk": 348, 
    "model": "filestorage.uploadedfile", 
    "fields": {
      "owner": 8, 
      "title": null, 
      "content_type": "video/webm", 
      "file": "A5V5wb0U0TIPORyZU3wf3BNFKg222lbx75KjmVXyUzcxWQNvEkriBXCGW8dEiUyd", 
      "filename": "big-buck-bunny_trailerWebM.webm"
    }
  }, 
  {
    "pk": 349, 
    "model": "filestorage.uploadedfile", 
    "fields": {
      "owner": 8, 
      "title": null, 
      "content_type": "video/mp4", 
      "file": "8VMwT7fhOcMrtjHpIWncayXUhjB9tadUpJORojYZc2ee5VSdbMjYPzX9cBAShsKu", 
      "filename": "gizmomp4.mp4"
    }
  }, 
  {
    "pk": 350, 
    "model": "filestorage.uploadedfile", 
    "fields": {
      "owner": 8, 
      "title": null, 
      "content_type": "audio/oga", 
      "file": "LJSQdHYjcBIt0f7IjvMkLoeFQNMWtvGmdqIo4LRxgaKhYIc3OLo1bsbdypNqgjoR", 
      "filename": "ogaExample.oga"
    }
  }, 
  {
    "pk": 351, 
    "model": "filestorage.uploadedfile", 
    "fields": {
      "owner": 8, 
      "title": null, 
      "content_type": "text/plain", 
      "file": "yJwJBq8D3wbasVukW8putvDICzLpeau3sIUlAsgzGjanmMRC0S0K3oq8vWTCicWT", 
      "filename": "mimetype.txt"
    }
  }, 
  {
    "pk": 354, 
    "model": "filestorage.uploadedfile", 
    "fields": {
      "owner": 8, 
      "title": null, 
      "content_type": "application/zip", 
      "file": "Zr_evUDTC9B43nzy05C1gg==/uploads/2013/08/06/06/52/13/without.zip", 
      "filename": "without.zip"
    }
  }, 
  {
    "pk": 357, 
    "model": "filestorage.uploadedfile", 
    "fields": {
      "owner": 8, 
      "title": null, 
      "content_type": "application/zip", 
      "file": "CPmHBOGCf3nIWtkPHyDF0w==/uploads/2013/08/06/06/53/17/without.zip", 
      "filename": "without.zip"
    }
  }, 
  {
    "pk": 360, 
    "model": "filestorage.uploadedfile", 
    "fields": {
      "owner": 8, 
      "title": null, 
      "content_type": "application/zip", 
      "file": "54m6Q6Jnxib5bdoG7xGoMQ==/uploads/2013/08/06/06/54/34/without.zip", 
      "filename": "without.zip"
    }
  }, 
  {
    "pk": 363, 
    "model": "filestorage.uploadedfile", 
    "fields": {
      "owner": 8, 
      "title": null, 
      "content_type": "application/zip", 
      "file": "dhYuhvSw4fyA6fgxeusrlQ==/uploads/2013/08/06/06/55/00/without.zip", 
      "filename": "without.zip"
    }
  }, 
  {
    "pk": 366, 
    "model": "filestorage.uploadedfile", 
    "fields": {
      "owner": 8, 
      "title": null, 
      "content_type": "image/pjpeg", 
      "file": "6nLHwSApxHmVvy5t9nfkfpIxvdiIgLok4BL2NtJD29CFhrD8jqMzJxiESVSfmAoN", 
      "filename": "a1.jpg"
    }
  }, 
  {
    "pk": 367, 
    "model": "filestorage.uploadedfile", 
    "fields": {
      "owner": 8, 
      "title": null, 
      "content_type": "video/webm", 
      "file": "7fcVDCHpuJowzvCEvaKJAWPPaL4PFSKDbRgNK04P7CqXXHAk7m1RtFdfKXVJQBvC", 
      "filename": "big-buck-bunny_trailerWebM.webm"
    }
  }, 
  {
    "pk": 368, 
    "model": "filestorage.uploadedfile", 
    "fields": {
      "owner": 8, 
      "title": null, 
      "content_type": "video/mp4", 
      "file": "WSdfTeWcSk68qDRDjj7QLUTO5kfoDf9eBsT9F0Q0LiK9DXmMvmmiuR8DYNMzp8sO", 
      "filename": "gizmomp4.mp4"
    }
  }, 
  {
    "pk": 369, 
    "model": "filestorage.uploadedfile", 
    "fields": {
      "owner": 8, 
      "title": null, 
      "content_type": "audio/oga", 
      "file": "iT208xDiK5EiWHpruUlnSZBueJB1vKRImyiVbiVJwvw2hvkJuXqOaci8SQSpdJEn", 
      "filename": "ogaExample.oga"
    }
  }, 
  {
    "pk": 370, 
    "model": "filestorage.uploadedfile", 
    "fields": {
      "owner": 8, 
      "title": null, 
      "content_type": "application/zip", 
      "file": "_iQIf27RKZgKKGPqMZaeMQ==/uploads/2013/08/06/06/56/20/with.zip", 
      "filename": "with.zip"
    }
  }, 
  {
    "pk": 373, 
    "model": "filestorage.uploadedfile", 
    "fields": {
      "owner": 8, 
      "title": null, 
      "content_type": "image/pjpeg", 
      "file": "fiIu6tmCwJPxLouzfTHI6PzTri6485OisGpsy434B7pdOZUetJKKWEtfgPMDqtyY", 
      "filename": "a1.jpg"
    }
  }, 
  {
    "pk": 374, 
    "model": "filestorage.uploadedfile", 
    "fields": {
      "owner": 8, 
      "title": null, 
      "content_type": "video/webm", 
      "file": "rKz5kPcMcvmn80LoGgArlkxebey4ClrCATDXQXloVV76dHLAaSJc2B3Rop5INZAv", 
      "filename": "big-buck-bunny_trailerWebM.webm"
    }
  }, 
  {
    "pk": 375, 
    "model": "filestorage.uploadedfile", 
    "fields": {
      "owner": 8, 
      "title": null, 
      "content_type": "video/mp4", 
      "file": "AIBYr1Zgzm3etJPSvUbZKP7ozqunV2cFXqPorPAWOBW1kTXMq2IoL3365mIN1S1r", 
      "filename": "gizmomp4.mp4"
    }
  }, 
  {
    "pk": 376, 
    "model": "filestorage.uploadedfile", 
    "fields": {
      "owner": 8, 
      "title": null, 
      "content_type": "audio/oga", 
      "file": "FCp0TbqwFdAWTdK2Wwi0BiQJq1pdg1WYbyreNU5Jn8hzs5zmC0C0Qficy5AYvRUN", 
      "filename": "ogaExample.oga"
    }
  }, 
  {
    "pk": 379, 
    "model": "filestorage.uploadedfile", 
    "fields": {
      "owner": 8, 
      "title": null, 
      "content_type": "application/zip", 
      "file": "9EYx1acP2JEu5VKm7-UY_Q==/uploads/2013/08/06/06/57/26/without.zip", 
      "filename": "without.zip"
    }
  }, 
  {
    "pk": 382, 
    "model": "filestorage.uploadedfile", 
    "fields": {
      "owner": 8, 
      "title": null, 
      "content_type": "image/pjpeg", 
      "file": "DuaGgSPOHX2sdE6tP24LSIi6cfKuygK3Z3oh0zJRCVNPP7dpJZRwlc5xfCyenzSA", 
      "filename": "a1.jpg"
    }
  }, 
  {
    "pk": 383, 
    "model": "filestorage.uploadedfile", 
    "fields": {
      "owner": 8, 
      "title": null, 
      "content_type": "video/webm", 
      "file": "bLhASLkEfx5dgC9sNj1ULVTewI6tFgYPgbf1Lw58HxBVWZiwpEKATGdxHh1Q6rP3", 
      "filename": "big-buck-bunny_trailerWebM.webm"
    }
  }, 
  {
    "pk": 384, 
    "model": "filestorage.uploadedfile", 
    "fields": {
      "owner": 8, 
      "title": null, 
      "content_type": "video/mp4", 
      "file": "OOgj0xAutKdwOPKZPtfxAuXI8ld65WAkYVmUQmJbfDOiqAJkVMmYQsrZlRmSdd0E", 
      "filename": "gizmomp4.mp4"
    }
  }, 
  {
    "pk": 385, 
    "model": "filestorage.uploadedfile", 
    "fields": {
      "owner": 8, 
      "title": null, 
      "content_type": "audio/oga", 
      "file": "Vmekqtu9kiSu82ppBe8qpjBAol1S7VKZBYkTPcChQLfxtAiKgZZQYj2yh3o6kYra", 
      "filename": "ogaExample.oga"
    }
  }, 
  {
    "pk": 426, 
    "model": "filestorage.uploadedfile", 
    "fields": {
      "owner": 8, 
      "title": null, 
      "content_type": "application/zip", 
      "file": "3WV1wctwTQoKJfkJksr7Yg==/uploads/2013/08/06/07/02/42/without.zip", 
      "filename": "without.zip"
    }
  }, 
  {
    "pk": 429, 
    "model": "filestorage.uploadedfile", 
    "fields": {
      "owner": 8, 
      "title": null, 
      "content_type": "image/pjpeg", 
      "file": "hOEAHPqzwG51TpmNE7rbTSJBl7YqeyG1NZnLJatM7RI43VidSCmWi26eXLJeCGpW", 
      "filename": "a1.jpg"
    }
  }, 
  {
    "pk": 430, 
    "model": "filestorage.uploadedfile", 
    "fields": {
      "owner": 8, 
      "title": null, 
      "content_type": "video/webm", 
      "file": "rUQ1WbwCsKb1l7E6nA2WLs7bcRxUS4erVTxAARdZXaHyDpnfgUrKMPcWgSMB9mx7", 
      "filename": "big-buck-bunny_trailerWebM.webm"
    }
  }, 
  {
    "pk": 431, 
    "model": "filestorage.uploadedfile", 
    "fields": {
      "owner": 8, 
      "title": null, 
      "content_type": "video/mp4", 
      "file": "Po3xxnekZz45bD5HSeaoSQm2ZlUkBinJtxX3MKHMAYvijo4QvnTsUaOQJ2JEE5pA", 
      "filename": "gizmomp4.mp4"
    }
  }, 
  {
    "pk": 432, 
    "model": "filestorage.uploadedfile", 
    "fields": {
      "owner": 8, 
      "title": null, 
      "content_type": "audio/oga", 
      "file": "mFzvc0WwrHfdFzAXL1dkBuABuVMNUTZJqTcFYr2z6Lpf0jfLls4LjXxCzmOEBDCX", 
      "filename": "ogaExample.oga"
    }
  }, 
  {
    "pk": 443, 
    "model": "filestorage.uploadedfile", 
    "fields": {
      "owner": 8, 
      "title": null, 
      "content_type": "application/zip", 
      "file": "axm96PswGyw9TiaAGLJ5Ng==/uploads/2013/08/06/07/03/45/without.zip", 
      "filename": "without.zip"
    }
  }, 
  {
    "pk": 444, 
    "model": "filestorage.uploadedfile", 
    "fields": {
      "owner": 8, 
      "title": null, 
      "content_type": "image/pjpeg", 
      "file": "ysK2CuO0ZGwdgn8Ke52M7T1BzfQbxdjjCFFbpsGosCSVdnvLeawZILqYu6NyKfHO", 
      "filename": "a1.jpg"
    }
  }, 
  {
    "pk": 447, 
    "model": "filestorage.uploadedfile", 
    "fields": {
      "owner": 8, 
      "title": null, 
      "content_type": "video/webm", 
      "file": "oaAAKAg0xKIdKX4ixrVboI5PzRkWfIhgsDAY7j9mD1uDrFbZEWPKAAlfLnuibWM7", 
      "filename": "big-buck-bunny_trailerWebM.webm"
    }
  }, 
  {
    "pk": 448, 
    "model": "filestorage.uploadedfile", 
    "fields": {
      "owner": 8, 
      "title": null, 
      "content_type": "video/mp4", 
      "file": "Fo2xKwizSY94GwdnGelpXcKfveUfo6e5ABFUJJclHNJsULK5EJnnFZtcwSuMgvk4", 
      "filename": "gizmomp4.mp4"
    }
  }, 
  {
    "pk": 449, 
    "model": "filestorage.uploadedfile", 
    "fields": {
      "owner": 8, 
      "title": null, 
      "content_type": "audio/oga", 
      "file": "8kE53NnJJ2tm2O8TeStT1zvMRvN4cWScvDtUr0mUffDz9PaMJv6WuodPynJWUWob", 
      "filename": "ogaExample.oga"
    }
  }, 
  {
    "pk": 450, 
    "model": "filestorage.uploadedfile", 
    "fields": {
      "owner": 8, 
      "title": null, 
      "content_type": "application/pdf", 
      "file": "IIwE3w3FwAYWpgz64Fv9U01prm0Q36i4sHmX4pEmPD0W6FSNikuK77cKgH6Q8OhI", 
      "filename": "CV_-_Lukasz_Rybka.pdf"
    }
  }, 
  {
    "pk": 451, 
    "model": "filestorage.uploadedfile", 
    "fields": {
      "owner": 8, 
      "title": null, 
      "content_type": "application/vnd.openxmlformats-officedocument.wordprocessingml.document", 
      "file": "PsWADYTaZXAeiqCiW73iqJqxinVNAoqKZqPmDj4N5abZhjfXTiFiPcJHkJwW9iDW", 
      "filename": "Ocena roczna_Karol Gebert.docx"
    }
  }, 
  {
    "pk": 466, 
    "model": "filestorage.uploadedfile", 
    "fields": {
      "owner": 8, 
      "title": null, 
      "content_type": "application/zip", 
      "file": "xWS9UPcSFdP27nkSx2Moqw==/uploads/2013/08/06/07/05/58/with.zip", 
      "filename": "with.zip"
    }
  }, 
  {
    "pk": 467, 
    "model": "filestorage.uploadedfile", 
    "fields": {
      "owner": 8, 
      "title": null, 
      "content_type": "image/pjpeg", 
      "file": "6KwEKuKRSSktJkBSqvnuDWmMvTwG82gEW6SsR55UUL37K3tkViqxRTSOfqkoNiqa", 
      "filename": "a1.jpg"
    }
  }, 
  {
    "pk": 470, 
    "model": "filestorage.uploadedfile", 
    "fields": {
      "owner": 8, 
      "title": null, 
      "content_type": "video/webm", 
      "file": "ZsHRgjaANK2X0AZ9x6PElqLRd6t3Dv3q40RdNlG2F5F77hLJdzWTVh3Gz2IGdSVV", 
      "filename": "big-buck-bunny_trailerWebM.webm"
    }
  }, 
  {
    "pk": 471, 
    "model": "filestorage.uploadedfile", 
    "fields": {
      "owner": 8, 
      "title": null, 
      "content_type": "video/mp4", 
      "file": "lvgtdMyQE9tS1bC2j6WG113sJTS8uk0RS9pItyZINinSYONcdV5b4IHLA8995rrv", 
      "filename": "gizmomp4.mp4"
    }
  }, 
  {
    "pk": 472, 
    "model": "filestorage.uploadedfile", 
    "fields": {
      "owner": 8, 
      "title": null, 
      "content_type": "audio/oga", 
      "file": "pwDBWpNy4XrZ18FfM2xtqhtdt446vzig1wyZZlA2ixdFq1ocD2muidBQ7VtytxRU", 
      "filename": "ogaExample.oga"
    }
  }, 
  {
    "pk": 473, 
    "model": "filestorage.uploadedfile", 
    "fields": {
      "owner": 8, 
      "title": null, 
      "content_type": "application/vnd.openxmlformats-officedocument.wordprocessingml.document", 
      "file": "cdamffdPvq3hCIyCWMO0T5Yn3zaQG2CWwlflJDkUUExDe3Uc6r4KbNUGDBIpVNEE", 
      "filename": "Ocena roczna_Karol Gebert.docx"
    }
  }, 
  {
    "pk": 474, 
    "model": "filestorage.uploadedfile", 
    "fields": {
      "owner": 8, 
      "title": null, 
      "content_type": "application/pdf", 
      "file": "v7DHQ9WQx1ykCnLVWNUSaEmDUuF4NNF9tFjcb0uTSWt9rZgC4aWX0RmT4zjfzuKD", 
      "filename": "CV_-_Lukasz_Rybka.pdf"
    }
  }, 
  {
    "pk": 489, 
    "model": "filestorage.uploadedfile", 
    "fields": {
      "owner": 8, 
      "title": null, 
      "content_type": "application/zip", 
      "file": "FzJK2Ba2oFcM3YeRf88ugw==/uploads/2013/08/06/07/07/15/with.zip", 
      "filename": "with.zip"
    }
  }, 
  {
    "pk": 492, 
    "model": "filestorage.uploadedfile", 
    "fields": {
      "owner": 8, 
      "title": null, 
      "content_type": "image/pjpeg", 
      "file": "SEnKE3joqWuGXVHG2ZfZZd8ECFOYugE3ZqvOaPD47zkq381OvmDkPfdvYOJK7HJo", 
      "filename": "a1.jpg"
    }
  }, 
  {
    "pk": 493, 
    "model": "filestorage.uploadedfile", 
    "fields": {
      "owner": 8, 
      "title": null, 
      "content_type": "video/webm", 
      "file": "z7WerQbU5EFzXdBw3oxZ4y4nIiUGxumUyw02kawEsYUj4JYJOWyHUakY7qJ0H3hx", 
      "filename": "big-buck-bunny_trailerWebM.webm"
    }
  }, 
  {
    "pk": 494, 
    "model": "filestorage.uploadedfile", 
    "fields": {
      "owner": 8, 
      "title": null, 
      "content_type": "video/mp4", 
      "file": "FIKZ8KS8iaBq8QiYO0lKZp3hWotWZEi5hf8mlPAi28MVRLIzlfjPu7rwGrSQaZc6", 
      "filename": "gizmomp4.mp4"
    }
  }, 
  {
    "pk": 495, 
    "model": "filestorage.uploadedfile", 
    "fields": {
      "owner": 8, 
      "title": null, 
      "content_type": "audio/oga", 
      "file": "mUf9rcydIDeNHLTqONPCIfJnif3EcaVeUroiFZ2oO8NBKy8cV068pe0S9oVkW68B", 
      "filename": "ogaExample.oga"
    }
  }, 
  {
    "pk": 496, 
    "model": "filestorage.uploadedfile", 
    "fields": {
      "owner": 8, 
      "title": null, 
      "content_type": "application/vnd.openxmlformats-officedocument.wordprocessingml.document", 
      "file": "bikIGtw5NWLHWjco2jOcjsjANEiG9U9ygYAwjP2LkyzEp5V78oadu1yYWV9zaeOs", 
      "filename": "Ocena roczna_Karol Gebert.docx"
    }
  }, 
  {
    "pk": 497, 
    "model": "filestorage.uploadedfile", 
    "fields": {
      "owner": 8, 
      "title": null, 
      "content_type": "application/pdf", 
      "file": "bx2OqvgXuaC6FfjX6KeNEyOBBt7x8whdoMO3GruIZPzBQaQkqp9m5diMPSx4NN3a", 
      "filename": "CV_-_Lukasz_Rybka.pdf"
    }
  }, 
  {
    "pk": 504, 
    "model": "filestorage.uploadedfile", 
    "fields": {
      "owner": 8, 
      "title": null, 
      "content_type": "application/zip", 
      "file": "Tdv1ES6yGyD2F4gIYWFqVg==/uploads/2013/08/06/07/13/23/with.zip", 
      "filename": "with.zip"
    }
  }, 
  {
    "pk": 507, 
    "model": "filestorage.uploadedfile", 
    "fields": {
      "owner": 8, 
      "title": null, 
      "content_type": "image/pjpeg", 
      "file": "FOfmkHYR2tJHnEGBvh3OzuTmwy1KcfVpU3MvfR4KYJ6eGjkFzyNPhOIfVc6nJqvo", 
      "filename": "a1.jpg"
    }
  }, 
  {
    "pk": 508, 
    "model": "filestorage.uploadedfile", 
    "fields": {
      "owner": 8, 
      "title": null, 
      "content_type": "video/webm", 
      "file": "y6j5mgJTEHdgNQWcXNoYjfY8uiNLcwJxidSlTXCqqn10UVqbgsZ1YpPoFH79hcLn", 
      "filename": "big-buck-bunny_trailerWebM.webm"
    }
  }, 
  {
    "pk": 509, 
    "model": "filestorage.uploadedfile", 
    "fields": {
      "owner": 8, 
      "title": null, 
      "content_type": "video/mp4", 
      "file": "Tk2hHAsXVtuQG1RFJTVWkadj7BHNuUe8xHDZMTW36QauvKSfVOauSqbtJt7PLXgs", 
      "filename": "gizmomp4.mp4"
    }
  }, 
  {
    "pk": 510, 
    "model": "filestorage.uploadedfile", 
    "fields": {
      "owner": 8, 
      "title": null, 
      "content_type": "audio/oga", 
      "file": "kuia8QkD5Q8b6BUZPyqCc8nEuJnvGt54AJY0wg4gyoCphDs9LmYouTIQvjDNbU7D", 
      "filename": "ogaExample.oga"
    }
  }, 
  {
    "pk": 511, 
    "model": "filestorage.uploadedfile", 
    "fields": {
      "owner": 8, 
      "title": null, 
      "content_type": "application/vnd.openxmlformats-officedocument.wordprocessingml.document", 
      "file": "A8mITLPWPmNmOS9UwPVgrr2lmyng2nJqLuedGzx7comjUrWyduxw9pViqsPk02jE", 
      "filename": "Ocena roczna_Karol Gebert.docx"
    }
  }, 
  {
    "pk": 512, 
    "model": "filestorage.uploadedfile", 
    "fields": {
      "owner": 8, 
      "title": null, 
      "content_type": "application/pdf", 
      "file": "M91R7cdZtiZDc5OkkepIBqmXk98vDBWTkvytxll3ghQvn7aEIQMrheXkOyG1pZuP", 
      "filename": "CV_-_Lukasz_Rybka.pdf"
    }
  }, 
  {
    "pk": 513, 
    "model": "filestorage.uploadedfile", 
    "fields": {
      "owner": 8, 
      "title": null, 
      "content_type": "application/zip", 
      "file": "gf_nrTL-4jN7RgDKbzgrNg==/uploads/2013/08/06/07/14/24/with.zip", 
      "filename": "with.zip"
    }
  }, 
  {
    "pk": 516, 
    "model": "filestorage.uploadedfile", 
    "fields": {
      "owner": 8, 
      "title": null, 
      "content_type": "image/pjpeg", 
      "file": "0Gab5Z4gaWpsmKtBa2kE4cJChBzPUV5HAUSTDe93zoU6ByMeKesi7MyJ8ZrrFTT6", 
      "filename": "a1.jpg"
    }
  }, 
  {
    "pk": 517, 
    "model": "filestorage.uploadedfile", 
    "fields": {
      "owner": 8, 
      "title": null, 
      "content_type": "video/webm", 
      "file": "ZSRab8LEO0q5QgPpAFSnw9dldOAOzB1Y5yctMErNYzuMY2r5NZNTOMEgAokYiyaP", 
      "filename": "big-buck-bunny_trailerWebM.webm"
    }
  }, 
  {
    "pk": 518, 
    "model": "filestorage.uploadedfile", 
    "fields": {
      "owner": 8, 
      "title": null, 
      "content_type": "video/mp4", 
      "file": "6lOPPF52rueNuuiBHGfY6y3pRLPRRQxqarSpEARQrHU28FhcgEqItS6rTjIvewAc", 
      "filename": "gizmomp4.mp4"
    }
  }, 
  {
    "pk": 519, 
    "model": "filestorage.uploadedfile", 
    "fields": {
      "owner": 8, 
      "title": null, 
      "content_type": "audio/oga", 
      "file": "7TknHee5Pn9DZUjqkuZkH8WixnVEF4nJiJW9C4DIPhhHXkN14Q4yA1MLD0UHC5h9", 
      "filename": "ogaExample.oga"
    }
  }, 
  {
    "pk": 520, 
    "model": "filestorage.uploadedfile", 
    "fields": {
      "owner": 8, 
      "title": null, 
      "content_type": "application/vnd.openxmlformats-officedocument.wordprocessingml.document", 
      "file": "FF0ErcbfjLKHtSweLylUWgqV43HDAJCT5nCrTOQnOn7rT9hYpgBlxfMfcG6EeRVO", 
      "filename": "Ocena roczna_Karol Gebert.docx"
    }
  }, 
  {
    "pk": 521, 
    "model": "filestorage.uploadedfile", 
    "fields": {
      "owner": 8, 
      "title": null, 
      "content_type": "application/pdf", 
      "file": "GJi6OIN2y0tr51nbGulkmTDQ6zPNSXOqOMwkx8ZBn5X6wMc7E1Z2NfTurK3QMJhv", 
      "filename": "CV_-_Lukasz_Rybka.pdf"
    }
  }, 
  {
    "pk": 558, 
    "model": "filestorage.uploadedfile", 
    "fields": {
      "owner": 8, 
      "title": null, 
      "content_type": "application/zip", 
      "file": "wSExkUFjAr7izILp6GixtA==/uploads/2013/08/06/07/16/23/with.zip", 
      "filename": "with.zip"
    }
  }, 
  {
    "pk": 561, 
    "model": "filestorage.uploadedfile", 
    "fields": {
      "owner": 8, 
      "title": null, 
      "content_type": "image/pjpeg", 
      "file": "fZIevr89axxgMaD3aRt99LDmYuoTaqpvGhf4uh3CCiPkBbCLIRU5EmDx5sIIiMDo", 
      "filename": "a1.jpg"
    }
  }, 
  {
    "pk": 562, 
    "model": "filestorage.uploadedfile", 
    "fields": {
      "owner": 8, 
      "title": null, 
      "content_type": "video/webm", 
      "file": "qZG4gzVSP6IcW3WQei3qUsqN8eCpySkpcZyWerMHysFl9Dmp0jeotcq2Fta0HO6q", 
      "filename": "big-buck-bunny_trailerWebM.webm"
    }
  }, 
  {
    "pk": 563, 
    "model": "filestorage.uploadedfile", 
    "fields": {
      "owner": 8, 
      "title": null, 
      "content_type": "video/mp4", 
      "file": "L3VFeApXSvOJP0Ee8CSItzXUg1ER3bDye49gfAMaG6ZbgzvM9gvNhjhwgJdaXeAK", 
      "filename": "gizmomp4.mp4"
    }
  }, 
  {
    "pk": 564, 
    "model": "filestorage.uploadedfile", 
    "fields": {
      "owner": 8, 
      "title": null, 
      "content_type": "audio/oga", 
      "file": "E4193eqS7v2sbaGGllBa5d76Vj7oRfD2D1xxrgQH1jmPyNcSFECSxvTMgzv9YifT", 
      "filename": "ogaExample.oga"
    }
  }, 
  {
    "pk": 565, 
    "model": "filestorage.uploadedfile", 
    "fields": {
      "owner": 8, 
      "title": null, 
      "content_type": "application/vnd.openxmlformats-officedocument.wordprocessingml.document", 
      "file": "AfeN1YapxM1kEgcdBALFNQR1Yc5bTFCIOKlh1Vayqh3QwlbWNl8f4dkuYXqYNLuw", 
      "filename": "Ocena roczna_Karol Gebert.docx"
    }
  }, 
  {
    "pk": 566, 
    "model": "filestorage.uploadedfile", 
    "fields": {
      "owner": 8, 
      "title": null, 
      "content_type": "application/pdf", 
      "file": "PD5vhKCREEd2a9VobTtncTuxzfvTeD0GL2PF3VqiS9FSSe9EAoA9EIJwhZM4Ipzx", 
      "filename": "CV_-_Lukasz_Rybka.pdf"
    }
  }, 
  {
    "pk": 567, 
    "model": "filestorage.uploadedfile", 
    "fields": {
      "owner": 8, 
      "title": null, 
      "content_type": "application/zip", 
      "file": "R2_gMyGbeitJL4_ugA2q0w==/uploads/2013/08/06/07/18/47/with.zip", 
      "filename": "with.zip"
    }
  }, 
  {
    "pk": 570, 
    "model": "filestorage.uploadedfile", 
    "fields": {
      "owner": 8, 
      "title": null, 
      "content_type": "image/pjpeg", 
      "file": "X0nQPxStblcZii4vWLEwIOz6LUFQJ6oZUtQ3LTt5vurpbj8Y7K3mBK9pIH0R9QR1", 
      "filename": "a1.jpg"
    }
  }, 
  {
    "pk": 571, 
    "model": "filestorage.uploadedfile", 
    "fields": {
      "owner": 8, 
      "title": null, 
      "content_type": "video/webm", 
      "file": "YTwntrvTUyGGK4wQoClXqXWFrYZpjs21E1Hp7hcBq516DyQe0I2Rm2nAmIT6JeB8", 
      "filename": "big-buck-bunny_trailerWebM.webm"
    }
  }, 
  {
    "pk": 572, 
    "model": "filestorage.uploadedfile", 
    "fields": {
      "owner": 8, 
      "title": null, 
      "content_type": "video/mp4", 
      "file": "MObaTqkym1ZLuw4vA0TVbANXbV5fPgY8aS9RCbkDiM0NO9Jrd8GIlRh2MgaPkPPI", 
      "filename": "gizmomp4.mp4"
    }
  }, 
  {
    "pk": 573, 
    "model": "filestorage.uploadedfile", 
    "fields": {
      "owner": 8, 
      "title": null, 
      "content_type": "audio/oga", 
      "file": "vXOLzqGOstNqTXSejkCaxRodNO30KBQpqck1FldSTDTpUXuRArRRdW2ysx6L7sem", 
      "filename": "ogaExample.oga"
    }
  }, 
  {
    "pk": 574, 
    "model": "filestorage.uploadedfile", 
    "fields": {
      "owner": 8, 
      "title": null, 
      "content_type": "application/zip", 
      "file": "RMCsSBdAVJZOcmwYXpkINA==/uploads/2013/08/06/07/20/00/with.zip", 
      "filename": "with.zip"
    }
  }, 
  {
    "pk": 577, 
    "model": "filestorage.uploadedfile", 
    "fields": {
      "owner": 8, 
      "title": null, 
      "content_type": "image/pjpeg", 
      "file": "dK5bbDsNku9SzcBq66arlyw4zAM0patlRoDTfsVCAYk5PYNJLfgIj6UPo9IaBS5h", 
      "filename": "a1.jpg"
    }
  }, 
  {
    "pk": 578, 
    "model": "filestorage.uploadedfile", 
    "fields": {
      "owner": 8, 
      "title": null, 
      "content_type": "video/webm", 
      "file": "6d0OBbkWDekh4mJBYPEn1GKAbD1eOXdN3UXK77IiIfOQVfc1LmLLQwCuBYjbG2we", 
      "filename": "big-buck-bunny_trailerWebM.webm"
    }
  }, 
  {
    "pk": 579, 
    "model": "filestorage.uploadedfile", 
    "fields": {
      "owner": 8, 
      "title": null, 
      "content_type": "video/mp4", 
      "file": "OomJOrtBw2lY66WEgDS1vIixYeDMVoq57QyKrxs6Z7C38G3y2SFxgVpLIIHoUox1", 
      "filename": "gizmomp4.mp4"
    }
  }, 
  {
    "pk": 580, 
    "model": "filestorage.uploadedfile", 
    "fields": {
      "owner": 8, 
      "title": null, 
      "content_type": "audio/oga", 
      "file": "FvBD3BMqcu93V7i74CuIjX8vbNc1XGNDEfkvgYlL4DLIxXJ4L4dM8cykTLgx0F8m", 
      "filename": "ogaExample.oga"
    }
  }, 
  {
    "pk": 581, 
    "model": "filestorage.uploadedfile", 
    "fields": {
      "owner": 8, 
      "title": null, 
      "content_type": "application/vnd.openxmlformats-officedocument.wordprocessingml.document", 
      "file": "ksKXuUeFzA0GrQH6PWnCFGAv3ormTTbowBWOJnR5IqYZ1jSu41SOaNOdMRpaQTDm", 
      "filename": "Ocena roczna_Karol Gebert.docx"
    }
  }, 
  {
    "pk": 582, 
    "model": "filestorage.uploadedfile", 
    "fields": {
      "owner": 8, 
      "title": null, 
      "content_type": "application/pdf", 
      "file": "7qq2LnAvJDTa8z7KML5KwfOC5jkgL8BjqClIiSjDDWdY1zllJNycAEA4j9RPyPe4", 
      "filename": "CV_-_Lukasz_Rybka.pdf"
    }
  }, 
  {
    "pk": 583, 
    "model": "filestorage.uploadedfile", 
    "fields": {
      "owner": 8, 
      "title": null, 
      "content_type": "application/zip", 
      "file": "WfQMt_iwswVTPdalcg6-UQ==/uploads/2013/08/06/07/22/38/with.zip", 
      "filename": "with.zip"
    }
  }, 
  {
    "pk": 586, 
    "model": "filestorage.uploadedfile", 
    "fields": {
      "owner": 8, 
      "title": null, 
      "content_type": "image/pjpeg", 
      "file": "qvOJ3xrPhTEzkyttXC5mDnOIVSwjZ6EqhkA5R9A0yGFLpQWchIx11adNisWonQFe", 
      "filename": "a1.jpg"
    }
  }, 
  {
    "pk": 587, 
    "model": "filestorage.uploadedfile", 
    "fields": {
      "owner": 8, 
      "title": null, 
      "content_type": "video/webm", 
      "file": "RNu47pXP9BQwfxuKvnAwHZUQOXGwJAidTHQ8I3t2w3ENa3YYrHEuCF18V6gXIwz3", 
      "filename": "big-buck-bunny_trailerWebM.webm"
    }
  }, 
  {
    "pk": 588, 
    "model": "filestorage.uploadedfile", 
    "fields": {
      "owner": 8, 
      "title": null, 
      "content_type": "video/mp4", 
      "file": "64eMKYmxGYVFvMGyLpGGty6RcN6JAbk5ZrzdGge1MXyzy2w1B9L4jJgZD65Bn12w", 
      "filename": "gizmomp4.mp4"
    }
  }, 
  {
    "pk": 589, 
    "model": "filestorage.uploadedfile", 
    "fields": {
      "owner": 8, 
      "title": null, 
      "content_type": "audio/oga", 
      "file": "8F33RyrQkdrlTyXEhhqyiJYxvTl0jf7VJ3Z1Y3zZscT29OYVorTIS0EFMwJBI1rH", 
      "filename": "ogaExample.oga"
    }
  }, 
  {
    "pk": 590, 
    "model": "filestorage.uploadedfile", 
    "fields": {
      "owner": 8, 
      "title": null, 
      "content_type": "application/vnd.openxmlformats-officedocument.wordprocessingml.document", 
      "file": "5YMslUfdLfwDwwmJd3aC16IGrWKl9cd5P5W4Pk4uiP0nH3wTpo8WQViqNMopadYJ", 
      "filename": "Ocena roczna_Karol Gebert.docx"
    }
  }, 
  {
    "pk": 591, 
    "model": "filestorage.uploadedfile", 
    "fields": {
      "owner": 8, 
      "title": null, 
      "content_type": "application/pdf", 
      "file": "KRfpiEpRgELtXTuCnUgoCLT8nTMbXY92qYTqeBBNTkEfRxjaEZmPPe1ndyuHV2GQ", 
      "filename": "CV_-_Lukasz_Rybka.pdf"
    }
  }, 
  {
    "pk": 630, 
    "model": "filestorage.uploadedfile", 
    "fields": {
      "owner": 8, 
      "title": null, 
      "content_type": "application/zip", 
      "file": "z84LJ7Z8HL0J4NesZD4Y5A==/uploads/2013/08/06/07/25/19/with.zip", 
      "filename": "with.zip"
    }
  }, 
  {
    "pk": 633, 
    "model": "filestorage.uploadedfile", 
    "fields": {
      "owner": 8, 
      "title": null, 
      "content_type": "image/pjpeg", 
      "file": "gMb9jC71ITARSSzt8pjSlVyZziCOTmUUbs8irKzUvSTDqvOFmLQZbSoIX3INtiIA", 
      "filename": "a1.jpg"
    }
  }, 
  {
    "pk": 634, 
    "model": "filestorage.uploadedfile", 
    "fields": {
      "owner": 8, 
      "title": null, 
      "content_type": "video/webm", 
      "file": "QAUZAB8WDf2UgnROM9zVKwDe7ca2QlDF2CTLAkwTNehEmfSzYLHwKo8Umfe0wUr6", 
      "filename": "big-buck-bunny_trailerWebM.webm"
    }
  }, 
  {
    "pk": 635, 
    "model": "filestorage.uploadedfile", 
    "fields": {
      "owner": 8, 
      "title": null, 
      "content_type": "video/mp4", 
      "file": "yugr2Zr6tdqAhtBoQ92Tqe3JRq9dEJWhIDC7jm3yjweRLHl5ar4nQljWsJqOu42Y", 
      "filename": "gizmomp4.mp4"
    }
  }, 
  {
    "pk": 636, 
    "model": "filestorage.uploadedfile", 
    "fields": {
      "owner": 8, 
      "title": null, 
      "content_type": "audio/oga", 
      "file": "ha5NJkJFQtzymyAk3MNQ55YchKfsRQ77lTLf1SXWBr81io53h195XucQtJvXKa0u", 
      "filename": "ogaExample.oga"
    }
  }, 
  {
    "pk": 637, 
    "model": "filestorage.uploadedfile", 
    "fields": {
      "owner": 8, 
      "title": null, 
      "content_type": "application/vnd.openxmlformats-officedocument.wordprocessingml.document", 
      "file": "R2sxxxFR8WqFS4s1g1StSrbU8xcPtqo9EulOyf0iCqMPjjkM69agKivSfu8ICMKr", 
      "filename": "Ocena roczna_Karol Gebert.docx"
    }
  }, 
  {
    "pk": 638, 
    "model": "filestorage.uploadedfile", 
    "fields": {
      "owner": 8, 
      "title": null, 
      "content_type": "application/pdf", 
      "file": "F5EgrPM38Ht4QARKn1dJ82vMnO0Ebp2eILTEL4vFdikQApxSJvzpvEFEerVqQDqT", 
      "filename": "CV_-_Lukasz_Rybka.pdf"
    }
  }, 
  {
    "pk": 641, 
    "model": "filestorage.uploadedfile", 
    "fields": {
      "owner": 8, 
      "title": null, 
      "content_type": "application/zip", 
      "file": "6OcMRU5BH2_BoIpghJdI1w==/uploads/2013/08/06/07/26/18/with.zip", 
      "filename": "with.zip"
    }
  }, 
  {
    "pk": 644, 
    "model": "filestorage.uploadedfile", 
    "fields": {
      "owner": 8, 
      "title": null, 
      "content_type": "image/pjpeg", 
      "file": "SZ6toHQJuo2bLcbVizm2FQ8kvIbutyypF5ruJo3tjOZF27w1UPZblr5WTjr8cg6X", 
      "filename": "a1.jpg"
    }
  }, 
  {
    "pk": 645, 
    "model": "filestorage.uploadedfile", 
    "fields": {
      "owner": 8, 
      "title": null, 
      "content_type": "video/webm", 
      "file": "DbE3wiooeBzgUSE64hqHTkbERrKeEDiWtFGTmmJihu2j24C2JcfDFx6Mq59j2EYX", 
      "filename": "big-buck-bunny_trailerWebM.webm"
    }
  }, 
  {
    "pk": 646, 
    "model": "filestorage.uploadedfile", 
    "fields": {
      "owner": 8, 
      "title": null, 
      "content_type": "video/mp4", 
      "file": "eYozz3aMhYXfNeaPMgXHwjGZ6ZGMMVZSuSLpH76qojqNaAJ2CLw9wJeG97GxLOug", 
      "filename": "gizmomp4.mp4"
    }
  }, 
  {
    "pk": 647, 
    "model": "filestorage.uploadedfile", 
    "fields": {
      "owner": 8, 
      "title": null, 
      "content_type": "audio/oga", 
      "file": "rQKMqRDQCJu4j3qH6rA57Hqwa7Eyo6cMclHw50AY8WEnlb2NhVCuCipsVlCyBBDT", 
      "filename": "ogaExample.oga"
    }
  }, 
  {
    "pk": 648, 
    "model": "filestorage.uploadedfile", 
    "fields": {
      "owner": 8, 
      "title": null, 
      "content_type": "application/vnd.openxmlformats-officedocument.wordprocessingml.document", 
      "file": "g0zorSNiaGXtKsbMV47hGWKGTCeh44pCOtzFJYDKhg4XPjfqBZlY7gI21WocB7dH", 
      "filename": "Ocena roczna_Karol Gebert.docx"
    }
  }, 
  {
    "pk": 649, 
    "model": "filestorage.uploadedfile", 
    "fields": {
      "owner": 8, 
      "title": null, 
      "content_type": "application/pdf", 
      "file": "r80DOdmFx7dyBTKIKCXKVNFVds3gJPO2fYscd6GG5WJmAmyrasApmnPjx7NzTsfC", 
      "filename": "CV_-_Lukasz_Rybka.pdf"
    }
  }, 
  {
    "pk": 650, 
    "model": "filestorage.uploadedfile", 
    "fields": {
      "owner": 8, 
      "title": null, 
      "content_type": "application/zip", 
      "file": "2Meq4ZTr2EbTY7kjgVSxaA==/uploads/2013/08/06/07/28/06/with.zip", 
      "filename": "with.zip"
    }
  }, 
  {
    "pk": 653, 
    "model": "filestorage.uploadedfile", 
    "fields": {
      "owner": 8, 
      "title": null, 
      "content_type": "image/pjpeg", 
      "file": "4dr3dA6QaVhC3iGut2apyaqzVDlvQOlsDwxaG6cMWAcVp7g5cLTQcJUeqJfDTOIp", 
      "filename": "a1.jpg"
    }
  }, 
  {
    "pk": 654, 
    "model": "filestorage.uploadedfile", 
    "fields": {
      "owner": 8, 
      "title": null, 
      "content_type": "video/webm", 
      "file": "LGNVXrhdFkyfhmLizd9kgjxQT1ZTW6s32cvQ6zZjRQiPTouAkLjtleoVTHzE5KIe", 
      "filename": "big-buck-bunny_trailerWebM.webm"
    }
  }, 
  {
    "pk": 655, 
    "model": "filestorage.uploadedfile", 
    "fields": {
      "owner": 8, 
      "title": null, 
      "content_type": "video/mp4", 
      "file": "6N6ngs2RZcGXQJRet0Vk04HHmK7ZXrSVu7f9Lbk492N1F8vwnCJbhzKTL4p3XUMQ", 
      "filename": "gizmomp4.mp4"
    }
  }, 
  {
    "pk": 656, 
    "model": "filestorage.uploadedfile", 
    "fields": {
      "owner": 8, 
      "title": null, 
      "content_type": "audio/oga", 
      "file": "TEN8bUZNAp0dmybxWDbC2xTuingMw6kQm2FiIYcPFKRrdAaZviImwdTWH0JsctMp", 
      "filename": "ogaExample.oga"
    }
  }, 
  {
    "pk": 657, 
    "model": "filestorage.uploadedfile", 
    "fields": {
      "owner": 8, 
      "title": null, 
      "content_type": "application/vnd.openxmlformats-officedocument.wordprocessingml.document", 
      "file": "14rQRwSEFeeH1arqnWXOgVpcaxLgLV8znbGFEjnFL0YIwdvGbrsmZx7WjREgzlhj", 
      "filename": "Ocena roczna_Karol Gebert.docx"
    }
  }, 
  {
    "pk": 658, 
    "model": "filestorage.uploadedfile", 
    "fields": {
      "owner": 8, 
      "title": null, 
      "content_type": "application/pdf", 
      "file": "jH3vW6XdzsPY3u4qCLr5t7cedTtNC8tWUUGH7MPXw24sLeDjMdyZBQLgPm6wx63z", 
      "filename": "CV_-_Lukasz_Rybka.pdf"
    }
  }, 
  {
    "pk": 697, 
    "model": "filestorage.uploadedfile", 
    "fields": {
      "owner": 8, 
      "title": null, 
      "content_type": "application/zip", 
      "file": "AkidGFzr6gzikZPlrJesJQ==/uploads/2013/08/06/07/41/12/with.zip", 
      "filename": "with.zip"
    }
  }, 
  {
    "pk": 700, 
    "model": "filestorage.uploadedfile", 
    "fields": {
      "owner": 8, 
      "title": null, 
      "content_type": "image/jpg", 
      "file": "RdmGNv0lpAmAezMRYEKeX4BhNis14SSgQT92TIeeqoKIoWhdsPPFeCMUILXSlaIY", 
      "filename": "a1.jpg"
    }
  }, 
  {
    "pk": 701, 
    "model": "filestorage.uploadedfile", 
    "fields": {
      "owner": 8, 
      "title": null, 
      "content_type": "video/webm", 
      "file": "8jyn4FJ9tSyJwqKH4NVFvFX6CSjw60mNXJReYtiq3fp8soeXsWkasOQZdhLqGIPK", 
      "filename": "big-buck-bunny_trailerWebM.webm"
    }
  }, 
  {
    "pk": 702, 
    "model": "filestorage.uploadedfile", 
    "fields": {
      "owner": 8, 
      "title": null, 
      "content_type": "video/mp4", 
      "file": "0HWeJwuXjKoaKyiviCtHMYCwl1MQHqvHaNf5PtR9CCaqlHvx3kIQPut2Yg0IhR3n", 
      "filename": "gizmomp4.mp4"
    }
  }, 
  {
    "pk": 703, 
    "model": "filestorage.uploadedfile", 
    "fields": {
      "owner": 8, 
      "title": null, 
      "content_type": "audio/oga", 
      "file": "aZyh9XTFhnuPjvMmGGq4ziCJaPqgHS7mpryc7Z4j8fhnhEMBbK5WwcNM6lnR3VL0", 
      "filename": "ogaExample.oga"
    }
  }, 
  {
    "pk": 704, 
    "model": "filestorage.uploadedfile", 
    "fields": {
      "owner": 8, 
      "title": null, 
      "content_type": "application/vnd.openxmlformats-officedocument.wordprocessingml.document", 
      "file": "rqsx1b8mJcKD4azmsmQEwpn9s9cvugIM8J0FzYoVOGHcGXkPU3T30ibmU1wloc0O", 
      "filename": "Ocena roczna_Karol Gebert.docx"
    }
  }, 
  {
    "pk": 705, 
    "model": "filestorage.uploadedfile", 
    "fields": {
      "owner": 8, 
      "title": null, 
      "content_type": "application/pdf", 
      "file": "eOEaASUiIWyIzl9Mt96yD2qEx5q7c3WvGdUnB8OQaUvZCvHNAiAe8KFJifLkOyvm", 
      "filename": "CV_-_Lukasz_Rybka.pdf"
    }
  }, 
  {
    "pk": 15, 
    "model": "corporate.corporatepublicspace", 
    "fields": {
      "public_category": 13, 
      "company": 12
    }
  }, 
  {
    "pk": 311, 
    "model": "corporate.corporatepublicspace", 
    "fields": {
      "public_category": 307, 
      "company": 306
    }
  }, 
  {
    "pk": 326, 
    "model": "corporate.corporatepublicspace", 
    "fields": {
      "public_category": 322, 
      "company": 321
    }
  }, 
  {
    "pk": 16, 
    "model": "corporate.companyproperties", 
    "fields": {
      "valid_until": null, 
      "modified_date": "2013-07-10 12:03:14", 
      "company": 12, 
      "max_accounts": null, 
      "created_date": "2013-07-10 12:03:14"
    }
  }, 
  {
    "pk": 312, 
    "model": "corporate.companyproperties", 
    "fields": {
      "valid_until": null, 
      "modified_date": "2013-08-05 10:27:43", 
      "company": 306, 
      "max_accounts": null, 
      "created_date": "2013-08-05 10:27:43"
    }
  }, 
  {
    "pk": 327, 
    "model": "corporate.companyproperties", 
    "fields": {
      "valid_until": null, 
      "modified_date": "2013-08-05 10:39:16", 
      "company": 321, 
      "max_accounts": null, 
      "created_date": "2013-08-05 10:39:16"
    }
  }, 
  {
    "pk": 292, 
    "model": "corporate.companyuser", 
    "fields": {
      "username": "kgebert", 
      "modified_date": "2013-08-12 11:49:59", 
      "space_access_list": [
        14
      ], 
      "company": 12, 
      "space_list": [
        12
      ], 
      "user": 1, 
      "created_date": "2013-08-05 11:29:46"
    }
  }, 
  {
    "pk": 293, 
    "model": "corporate.companyuser", 
    "fields": {
      "username": "test3", 
      "modified_date": "2013-08-12 11:49:59", 
      "space_access_list": [
        168, 
        169, 
        170, 
        171, 
        172, 
        173, 
        174, 
        175, 
        176
      ], 
      "company": 12, 
      "space_list": [
        58
      ], 
      "user": 74, 
      "created_date": "2013-08-05 11:29:46"
    }
  }, 
  {
    "pk": 310, 
    "model": "corporate.companyuser", 
    "fields": {
      "username": "test4", 
      "modified_date": "2013-08-12 11:49:59", 
      "space_access_list": [
        309
      ], 
      "company": 306, 
      "space_list": [
        306
      ], 
      "user": 301, 
      "created_date": "2013-08-05 10:27:43"
    }
  }, 
  {
    "pk": 325, 
    "model": "corporate.companyuser", 
    "fields": {
      "username": "test5", 
      "modified_date": "2013-08-12 11:49:59", 
      "space_access_list": [
        324
      ], 
      "company": 321, 
      "space_list": [
        321
      ], 
      "user": 316, 
      "created_date": "2013-08-05 10:39:16"
    }
  }, 
  {
    "pk": 11053117, 
    "model": "corporate.companyuser", 
    "fields": {
      "username": "test", 
      "modified_date": "2013-08-12 11:50:00", 
      "space_access_list": [
        11053116, 
        11053125
      ], 
      "company": 12, 
      "space_list": [
        225, 
        58
      ], 
      "user": 8, 
      "created_date": "2013-08-09 13:50:47"
    }
  }, 
  {
    "pk": 11053127, 
    "model": "corporate.companyuser", 
    "fields": {
      "username": "test6", 
      "modified_date": "2013-08-12 12:17:02", 
      "space_access_list": [
        11053126
      ], 
      "company": 12, 
      "space_list": [
        225
      ], 
      "user": 11053114, 
      "created_date": "2013-08-12 12:17:02"
    }
  }, 
  {
    "pk": 11053139, 
    "model": "corporate.companyuser", 
    "fields": {
      "username": "test7", 
      "modified_date": "2013-08-12 12:55:10", 
      "space_access_list": [
        11053138
      ], 
      "company": 12, 
      "space_list": [
        58
      ], 
      "user": 11053128, 
      "created_date": "2013-08-12 12:55:10"
    }
  }, 
  {
    "pk": 11053145, 
    "model": "corporate.companyuser", 
    "fields": {
      "username": "test2", 
      "modified_date": "2013-08-12 14:21:19", 
      "space_access_list": [
        11053144
      ], 
      "company": 12, 
      "space_list": [
        58
      ], 
      "user": 18, 
      "created_date": "2013-08-12 14:21:19"
    }
  }, 
  {
    "pk": 217, 
    "model": "permission.role", 
    "fields": {
      "modified_date": "2013-08-02 08:49:28", 
      "company": null, 
      "permissions": [
        1, 
        2, 
        3, 
        18, 
        23, 
        8, 
        9, 
        12, 
        6, 
        10, 
        7, 
        5, 
        11, 
        4, 
        21, 
        19, 
        20, 
        22, 
        13, 
        14, 
        25, 
        28, 
        29, 
        26, 
        27, 
        24, 
        15, 
        16, 
        17, 
        30, 
        31
      ], 
      "name": "owner", 
      "created_date": "2013-08-02 08:49:28"
    }
  }, 
  {
    "pk": 218, 
    "model": "permission.role", 
    "fields": {
      "modified_date": "2013-08-02 08:49:31", 
      "company": 12, 
      "permissions": [
        1, 
        2, 
        3, 
        18, 
        23, 
        8, 
        9, 
        12, 
        6, 
        10, 
        7, 
        5, 
        11, 
        4, 
        21, 
        19, 
        20, 
        22, 
        13, 
        14, 
        25, 
        28, 
        29, 
        26, 
        27, 
        24, 
        15, 
        16, 
        17, 
        30, 
        31
      ], 
      "name": "owner", 
      "created_date": "2013-08-02 08:49:28"
    }
  }, 
  {
    "pk": 223, 
    "model": "permission.role", 
    "fields": {
      "modified_date": "2013-08-02 09:21:32", 
      "company": 12, 
      "permissions": [
        23, 
        4
      ], 
      "name": "read", 
      "created_date": "2013-08-02 09:21:32"
    }
  }, 
  {
    "pk": 304, 
    "model": "permission.role", 
    "fields": {
      "modified_date": "2013-08-05 10:26:46", 
      "company": null, 
      "permissions": [
        1, 
        2, 
        3, 
        18, 
        23, 
        8, 
        9, 
        12, 
        6, 
        10, 
        7, 
        5, 
        11, 
        4, 
        21, 
        19, 
        20, 
        22, 
        13, 
        14, 
        25, 
        28, 
        29, 
        26, 
        27, 
        24, 
        15, 
        16, 
        17, 
        30, 
        31
      ], 
      "name": "owner", 
      "created_date": "2013-08-05 10:26:46"
    }
  }, 
  {
    "pk": 308, 
    "model": "permission.role", 
    "fields": {
      "modified_date": "2013-08-05 10:27:43", 
      "company": 306, 
      "permissions": [
        1, 
        2, 
        3, 
        18, 
        23, 
        8, 
        9, 
        12, 
        6, 
        10, 
        7, 
        5, 
        11, 
        4, 
        21, 
        19, 
        20, 
        22, 
        13, 
        14, 
        25, 
        28, 
        29, 
        26, 
        27, 
        24, 
        15, 
        16, 
        17, 
        30, 
        31
      ], 
      "name": "owner", 
      "created_date": "2013-08-05 10:27:43"
    }
  }, 
  {
    "pk": 313, 
    "model": "permission.role", 
    "fields": {
      "modified_date": "2013-08-05 10:36:36", 
      "company": 306, 
      "permissions": [
        30, 
        31
      ], 
      "name": "states", 
      "created_date": "2013-08-05 10:36:36"
    }
  }, 
  {
    "pk": 319, 
    "model": "permission.role", 
    "fields": {
      "modified_date": "2013-08-05 10:37:53", 
      "company": null, 
      "permissions": [
        1, 
        2, 
        3, 
        18, 
        23, 
        8, 
        9, 
        12, 
        6, 
        10, 
        7, 
        5, 
        11, 
        4, 
        21, 
        19, 
        20, 
        22, 
        13, 
        14, 
        25, 
        28, 
        29, 
        26, 
        27, 
        24, 
        15, 
        16, 
        17, 
        30, 
        31
      ], 
      "name": "owner", 
      "created_date": "2013-08-05 10:37:53"
    }
  }, 
  {
    "pk": 323, 
    "model": "permission.role", 
    "fields": {
      "modified_date": "2013-08-05 10:39:16", 
      "company": 321, 
      "permissions": [
        1, 
        2, 
        3, 
        18, 
        23, 
        8, 
        9, 
        12, 
        6, 
        10, 
        7, 
        5, 
        11, 
        4, 
        21, 
        19, 
        20, 
        22, 
        13, 
        14, 
        25, 
        28, 
        29, 
        26, 
        27, 
        24, 
        15, 
        16, 
        17, 
        30, 
        31
      ], 
      "name": "owner", 
      "created_date": "2013-08-05 10:39:16"
    }
  }, 
  {
    "pk": 713, 
    "model": "permission.role", 
    "fields": {
      "modified_date": "2013-08-07 13:44:49", 
      "company": 12, 
      "permissions": [
        8, 
        9, 
        12, 
        6, 
        10, 
        7, 
        5, 
        11, 
        4, 
        13, 
        14
      ], 
      "name": "write content", 
      "created_date": "2013-08-07 13:44:33"
    }
  }, 
  {
    "pk": 72, 
    "model": "states.state", 
    "fields": {
      "modified_date": "2013-07-25 13:58:32", 
      "percentage": 20, 
      "name": "LALAL", 
      "rank": 0, 
      "created_date": "2013-07-25 13:58:32"
    }
  }, 
  {
    "pk": 71, 
    "model": "states.statesset", 
    "fields": {
      "modified_date": "2013-07-25 13:58:13", 
      "company": 12, 
      "name": "ASD", 
      "created_date": "2013-07-25 13:58:13"
    }
  }, 
  {
    "pk": 73, 
    "model": "states.statetoset", 
    "fields": {
      "state": 72, 
      "states_set": 71
    }
  }, 
  {
    "pk": 11053132, 
    "model": "admin.logentry", 
    "fields": {
      "action_flag": 2, 
      "action_time": "2013-08-12 12:19:20", 
      "object_repr": "test7", 
      "object_id": "11053130", 
      "change_message": "Changed path.", 
      "user": 1, 
      "content_type": 2
    }
  }, 
  {
    "pk": 11053131, 
    "model": "admin.logentry", 
    "fields": {
      "action_flag": 1, 
      "action_time": "2013-08-12 12:18:54", 
      "object_repr": "test7", 
      "object_id": "11053130", 
      "change_message": "", 
      "user": 1, 
      "content_type": 2
    }
  }, 
  {
    "pk": 57, 
    "model": "admin.logentry", 
    "fields": {
      "action_flag": 2, 
      "action_time": "2013-07-24 13:13:07", 
      "object_repr": "mycontent | content | Create Content", 
      "object_id": "44", 
      "change_message": "Changed name and codename.", 
      "user": 1, 
      "content_type": 41
    }
  }, 
  {
    "pk": 56, 
    "model": "admin.logentry", 
    "fields": {
      "action_flag": 2, 
      "action_time": "2013-07-24 13:09:54", 
      "object_repr": "test", 
      "object_id": "8", 
      "change_message": "Changed groups.", 
      "user": 1, 
      "content_type": 52
    }
  }, 
  {
    "pk": 54, 
    "model": "admin.logentry", 
    "fields": {
      "action_flag": 2, 
      "action_time": "2013-07-24 13:09:30", 
      "object_repr": "kgebert", 
      "object_id": "1", 
      "change_message": "Changed groups.", 
      "user": 1, 
      "content_type": 52
    }
  }, 
  {
    "pk": 51, 
    "model": "admin.logentry", 
    "fields": {
      "action_flag": 1, 
      "action_time": "2013-07-24 13:09:15", 
      "object_repr": "Test", 
      "object_id": "49", 
      "change_message": "", 
      "user": 1, 
      "content_type": 42
    }
  }, 
  {
    "pk": 48, 
    "model": "admin.logentry", 
    "fields": {
      "action_flag": 2, 
      "action_time": "2013-07-24 13:08:08", 
      "object_repr": "mycontent | content | create_content", 
      "object_id": "44", 
      "change_message": "Changed codename.", 
      "user": 1, 
      "content_type": 41
    }
  }, 
  {
    "pk": 46, 
    "model": "admin.logentry", 
    "fields": {
      "action_flag": 2, 
      "action_time": "2013-07-24 13:03:04", 
      "object_repr": "mycontent | content | create_content", 
      "object_id": "44", 
      "change_message": "Changed name.", 
      "user": 1, 
      "content_type": 41
    }
  }, 
  {
    "pk": 45, 
    "model": "admin.logentry", 
    "fields": {
      "action_flag": 1, 
      "action_time": "2013-07-24 12:57:55", 
      "object_repr": "mycontent | content | Create content", 
      "object_id": "44", 
      "change_message": "", 
      "user": 1, 
      "content_type": 41
    }
  }, 
  {
    "pk": 7, 
    "model": "admin.logentry", 
    "fields": {
      "action_flag": 1, 
      "action_time": "2013-07-10 13:58:42", 
      "object_repr": "kgebert:kgebert <owner>", 
      "object_id": "6", 
      "change_message": "", 
      "user": 1, 
      "content_type": 5
    }
  }, 
  {
    "pk": 4, 
    "model": "admin.logentry", 
    "fields": {
      "action_flag": 1, 
      "action_time": "2013-07-10 13:58:32", 
      "object_repr": "kgebert", 
      "object_id": "3", 
      "change_message": "", 
      "user": 1, 
      "content_type": 2
    }
  }
]