[
  {
    "pk": 170,
    "model": "contenttypes.contenttype",
    "fields": {
      "model": "content",
      "name": "content",
      "app_label": "mycontent"
    }
  },
  {
    "pk": 318,
    "model": "contenttypes.contenttype",
    "fields": {
      "model": "corporatepublicspace",
      "name": "corporate public space",
      "app_label": "corporate"
    }
  },
  {
    "pk": 337,
    "model": "contenttypes.contenttype",
    "fields": {
      "model": "registrationprofile",
      "name": "registration profile",
      "app_label": "registration"
    }
  },
  {
    "pk": 17,
    "model": "contenttypes.contenttype",
    "fields": {
      "model": "space",
      "name": "space",
      "app_label": "spaces"
    }
  },
  {
    "pk": 21,
    "model": "contenttypes.contenttype",
    "fields": {
      "model": "spaceaccess",
      "name": "space access",
      "app_label": "spaces"
    }
  },
  {
    "pk": 204,
    "model": "contenttypes.contenttype",
    "fields": {
      "model": "user",
      "name": "user",
      "app_label": "auth"
    }
  },
  {
    "pk": 16,
    "model": "auth.user",
    "fields": {
      "username": "kgebert",
      "first_name": "",
      "last_name": "",
      "is_active": true,
      "idxf_email_l_iexact": "kgebert@kgebert.pl",
      "idxf_username_l_iexact": "kgebert",
      "is_superuser": true,
      "is_staff": true,
      "last_login": "2012-02-24 15:35:41",
      "groups": [],
      "user_permissions": [],
      "password": "sha1$98f0b$b4064d58adbc9e2464b8d974086bdf70f32d19d4",
      "email": "kgebert@kgebert.pl",
      "date_joined": "2012-02-09 12:52:05"
    }
  },
  {
    "pk": 24,
    "model": "auth.user",
    "fields": {
      "username": "karol",
      "first_name": "",
      "last_name": "",
      "is_active": true,
      "idxf_email_l_iexact": "karol@karol.pl",
      "idxf_username_l_iexact": "karol",
      "is_superuser": false,
      "is_staff": false,
      "last_login": "2012-02-10 13:09:43",
      "groups": [],
      "user_permissions": [],
      "password": "sha1$75dc4$ed97062b2b4ee860ad39ecffe920ea251d993ffd",
      "email": "karol@karol.pl",
      "date_joined": "2012-02-09 13:21:38"
    }
  },
  {
    "pk": 187,
    "model": "auth.user",
    "fields": {
      "username": "karolgebert",
      "first_name": "",
      "last_name": "",
      "is_active": true,
      "idxf_email_l_iexact": "karol.gebert@solwit.pl",
      "idxf_username_l_iexact": "karolgebert",
      "is_superuser": false,
      "is_staff": false,
      "last_login": "2012-02-17 10:14:33",
      "groups": [],
      "user_permissions": [],
      "password": "sha1$51827$7779e2468e224d3520db325b53279c248cff872e",
      "email": "karol.gebert@solwit.pl",
      "date_joined": "2012-02-17 10:13:12"
    }
  },
  {
    "pk": 205,
    "model": "auth.user",
    "fields": {
      "username": "owner1",
      "first_name": "",
      "last_name": "",
      "is_active": true,
      "idxf_email_l_iexact": "",
      "idxf_username_l_iexact": "owner1",
      "is_superuser": true,
      "is_staff": true,
      "last_login": "2012-02-27 09:00:51",
      "groups": [],
      "user_permissions": [],
      "password": "sha1$bd301$395ec6c359b4e37b001e84d950cbe7fa91b02378",
      "email": "",
      "date_joined": "2012-02-17 16:09:29"
    }
  },
  {
    "pk": 208,
    "model": "auth.user",
    "fields": {
      "username": "owner2",
      "first_name": "",
      "last_name": "",
      "is_active": true,
      "idxf_email_l_iexact": "",
      "idxf_username_l_iexact": "owner2",
      "is_superuser": false,
      "is_staff": false,
      "last_login": "2012-02-21 11:03:50",
      "groups": [],
      "user_permissions": [],
      "password": "sha1$9ae9b$963ec975393ffa78419270057bb8f14f3956a7e0",
      "email": "",
      "date_joined": "2012-02-17 16:09:46"
    }
  },
  {
    "pk": 211,
    "model": "auth.user",
    "fields": {
      "username": "owner3",
      "first_name": "",
      "last_name": "",
      "is_active": true,
      "idxf_email_l_iexact": "",
      "idxf_username_l_iexact": "owner3",
      "is_superuser": false,
      "is_staff": false,
      "last_login": "2012-02-21 10:50:32",
      "groups": [],
      "user_permissions": [],
      "password": "sha1$cc70f$56dbc53a01451145ab8034d947f0475742722fdb",
      "email": "",
      "date_joined": "2012-02-17 16:10:08"
    }
  },
  {
    "pk": 214,
    "model": "auth.user",
    "fields": {
      "username": "read",
      "first_name": "",
      "last_name": "",
      "is_active": true,
      "idxf_email_l_iexact": "",
      "idxf_username_l_iexact": "read",
      "is_superuser": false,
      "is_staff": false,
      "last_login": "2012-02-17 16:10:24",
      "groups": [],
      "user_permissions": [],
      "password": "sha1$affa4$21bde8ee70914f326bcbb8637ccec0cf2bda1998",
      "email": "",
      "date_joined": "2012-02-17 16:10:24"
    }
  },
  {
    "pk": 217,
    "model": "auth.user",
    "fields": {
      "username": "write",
      "first_name": "",
      "last_name": "",
      "is_active": true,
      "idxf_email_l_iexact": "",
      "idxf_username_l_iexact": "write",
      "is_superuser": false,
      "is_staff": false,
      "last_login": "2012-02-17 16:10:35",
      "groups": [],
      "user_permissions": [],
      "password": "sha1$04d0a$7d737cccd617b97f25b09762e5c15df63105ecfa",
      "email": "",
      "date_joined": "2012-02-17 16:10:35"
    }
  },
  {
    "pk": 220,
    "model": "auth.user",
    "fields": {
      "username": "user",
      "first_name": "",
      "last_name": "",
      "is_active": true,
      "idxf_email_l_iexact": "",
      "idxf_username_l_iexact": "user",
      "is_superuser": false,
      "is_staff": false,
      "last_login": "2012-02-22 11:32:10",
      "groups": [],
      "user_permissions": [],
      "password": "sha1$28ce6$95874cacc151cf9bdbd6959b843c0ea85f26037f",
      "email": "",
      "date_joined": "2012-02-17 16:10:44"
    }
  },
  {
    "pk": 333,
    "model": "auth.user",
    "fields": {
      "username": "user2",
      "first_name": "",
      "last_name": "",
      "is_active": true,
      "idxf_email_l_iexact": "user2@user2.pl",
      "idxf_username_l_iexact": "user2",
      "is_superuser": false,
      "is_staff": false,
      "last_login": "2012-02-20 13:19:15",
      "groups": [],
      "user_permissions": [],
      "password": "sha1$2ed32$ca1c2b14a08a89094da440d7f4902f4c2c7ee63b",
      "email": "user2@user2.pl",
      "date_joined": "2012-02-20 12:41:01"
    }
  },
  {
    "pk": "02634b188b8925fec7ed234c25387789",
    "model": "sessions.session",
    "fields": {
      "expire_date": "2012-03-09 17:01:23",
      "session_data": "NzFjYjFhOTdmYmNhYTEwNTU4NTI4MGU4NmJhYjhlMzNkYWI0ZjBjNTqAAn1xAChVD19zZXNzaW9u\nX2V4cGlyeXEBSwBVDWxhc3Rfc3BhY2VfaWRxAk0AAVUNX2F1dGhfdXNlcl9pZHEDS81VEl9hdXRo\nX3VzZXJfYmFja2VuZHEEVSlkamFuZ28uY29udHJpYi5hdXRoLmJhY2tlbmRzLk1vZGVsQmFja2Vu\nZHEFdS4=\n"
    }
  },
  {
    "pk": "04d6bda7ecaf418ddbf0655baeea544b",
    "model": "sessions.session",
    "fields": {
      "expire_date": "2012-03-08 10:29:12",
      "session_data": "YmMzZWQzMDA2M2Y4MWUxYTMzMjZkMTMzNWE5NDAyNzliYTZmODMxMzqAAn1xAChVD19zZXNzaW9u\nX2V4cGlyeXEBSwBVDWxhc3Rfc3BhY2VfaWRxAooCAwFVDV9hdXRoX3VzZXJfaWRxA4oCzQBVEl9h\ndXRoX3VzZXJfYmFja2VuZHEEVSlkamFuZ28uY29udHJpYi5hdXRoLmJhY2tlbmRzLk1vZGVsQmFj\na2VuZHEFdS4=\n"
    }
  },
  {
    "pk": "0f23ea1d005a2268e3c88c77cc6cbb1c",
    "model": "sessions.session",
    "fields": {
      "expire_date": "2012-02-28 17:02:17",
      "session_data": "ZWIxYmM5NmJiN2JiMzViYzcyYzQ4MGEzODNmNmQwYjcyYjVhM2NiOTqAAn1xAChVEl9hdXRoX3Vz\nZXJfYmFja2VuZHEBVSlkamFuZ28uY29udHJpYi5hdXRoLmJhY2tlbmRzLk1vZGVsQmFja2VuZHEC\nVQ1sYXN0X3NwYWNlX2lkcQOKAU1VDV9hdXRoX3VzZXJfaWRxBIoBEFUPX3Nlc3Npb25fZXhwaXJ5\ncQVLAHUu\n"
    }
  },
  {
    "pk": "1739294b88a44a226faebfd849d68f91",
    "model": "sessions.session",
    "fields": {
      "expire_date": "2012-02-29 10:29:27",
      "session_data": "NThiNjBkZjM3MGFmNTQ4NTBlZWY3Yjc4MGZkOGU2ODJhZmI3MDA2OTqAAn1xAChVEl9hdXRoX3Vz\nZXJfYmFja2VuZHEBVSlkamFuZ28uY29udHJpYi5hdXRoLmJhY2tlbmRzLk1vZGVsQmFja2VuZHEC\nVQ1fYXV0aF91c2VyX2lkcQOKARBVD19zZXNzaW9uX2V4cGlyeXEESwB1Lg==\n"
    }
  },
  {
    "pk": "1b74cdd3b01d156acd34eddb57e45aa2",
    "model": "sessions.session",
    "fields": {
      "expire_date": "2012-03-05 17:08:44",
      "session_data": "YmMzZWQzMDA2M2Y4MWUxYTMzMjZkMTMzNWE5NDAyNzliYTZmODMxMzqAAn1xAChVD19zZXNzaW9u\nX2V4cGlyeXEBSwBVDWxhc3Rfc3BhY2VfaWRxAooCAwFVDV9hdXRoX3VzZXJfaWRxA4oCzQBVEl9h\ndXRoX3VzZXJfYmFja2VuZHEEVSlkamFuZ28uY29udHJpYi5hdXRoLmJhY2tlbmRzLk1vZGVsQmFj\na2VuZHEFdS4=\n"
    }
  },
  {
    "pk": "1c3bb252097eecc70eafc9e44dcb359d",
    "model": "sessions.session",
    "fields": {
      "expire_date": "2012-03-05 13:19:15",
      "session_data": "NDg4NmE1ZjgyYTZiMDk5OTEzZjk3ZjAyMTEwZWFiNWY4NjcyOTVkYTqAAn1xAChVEl9hdXRoX3Vz\nZXJfYmFja2VuZHEBVSlkamFuZ28uY29udHJpYi5hdXRoLmJhY2tlbmRzLk1vZGVsQmFja2VuZHEC\nVQ1fYXV0aF91c2VyX2lkcQNNTQFVD19zZXNzaW9uX2V4cGlyeXEESwB1Lg==\n"
    }
  },
  {
    "pk": "22d47911f266a03af5fac9a6f660caca",
    "model": "sessions.session",
    "fields": {
      "expire_date": "2012-03-09 13:08:34",
      "session_data": "NTE5NDA2NDUzYWQ4N2Y0NDg0ZjRjNTZlZTVmMTZjY2RjOWQ5Njk1MDqAAn1xAC4=\n"
    }
  },
  {
    "pk": "284dbef8f6bad162c3d5ac2625e0604e",
    "model": "sessions.session",
    "fields": {
      "expire_date": "2012-03-02 13:21:41",
      "session_data": "NzE3NGEzZWE5NmQxOTA3MDhkOTdiMDFkNTgzMmYzZWE0MGQzNzhmYTqAAn1xAChVD19zZXNzaW9u\nX2V4cGlyeXEBSwBVDWxhc3Rfc3BhY2VfaWRxAooBTVUNX2F1dGhfdXNlcl9pZHEDigEQVRJfYXV0\naF91c2VyX2JhY2tlbmRxBFUpZGphbmdvLmNvbnRyaWIuYXV0aC5iYWNrZW5kcy5Nb2RlbEJhY2tl\nbmRxBXUu\n"
    }
  },
  {
    "pk": "298e3d1f502e1234d663a5fe351935f3",
    "model": "sessions.session",
    "fields": {
      "expire_date": "2012-02-27 12:31:24",
      "session_data": "NzQ3MzgyMjAyYjRhNGNhYWQ1NTRmNDhlMDczYjQ2M2RmOTY2MDFlNjqAAn1xAChVEl9hdXRoX3Vz\nZXJfYmFja2VuZHEBVSlkamFuZ28uY29udHJpYi5hdXRoLmJhY2tlbmRzLk1vZGVsQmFja2VuZHEC\nVQ1fYXV0aF91c2VyX2lkcQNLEFUPX3Nlc3Npb25fZXhwaXJ5cQRLAHUu\n"
    }
  },
  {
    "pk": "2d1fe36aaa1af3c9060dbd4da46e5ee0",
    "model": "sessions.session",
    "fields": {
      "expire_date": "2012-03-07 11:36:02",
      "session_data": "ZmUyYjlkZjAyMmIzODE1ZmZhM2Y5NjE4MzhkYjQxZWVmZDQwYWRmNzqAAn1xAChVEl9hdXRoX3Vz\nZXJfYmFja2VuZHEBVSlkamFuZ28uY29udHJpYi5hdXRoLmJhY2tlbmRzLk1vZGVsQmFja2VuZHEC\nVQ1fYXV0aF91c2VyX2lkcQNLzVUPX3Nlc3Npb25fZXhwaXJ5cQRLAHUu\n"
    }
  },
  {
    "pk": "2e2c2cca72256b110f4b38cd28a22726",
    "model": "sessions.session",
    "fields": {
      "expire_date": "2012-02-28 11:45:02",
      "session_data": "NThiNjBkZjM3MGFmNTQ4NTBlZWY3Yjc4MGZkOGU2ODJhZmI3MDA2OTqAAn1xAChVEl9hdXRoX3Vz\nZXJfYmFja2VuZHEBVSlkamFuZ28uY29udHJpYi5hdXRoLmJhY2tlbmRzLk1vZGVsQmFja2VuZHEC\nVQ1fYXV0aF91c2VyX2lkcQOKARBVD19zZXNzaW9uX2V4cGlyeXEESwB1Lg==\n"
    }
  },
  {
    "pk": "35c70f467a2ec16a615a8187c5a6a34a",
    "model": "sessions.session",
    "fields": {
      "expire_date": "2012-02-23 12:51:22",
      "session_data": "MzM3MTk5MzZiYjQ4Y2JiZWFiZTEwY2E1MmE3NWQ0YTUxNWZhZTViNTqAAn1xAFUKdGVzdGNvb2tp\nZXEBVQZ3b3JrZWRxAnMu\n"
    }
  },
  {
    "pk": "37b86da5e2d279c78ad7317ef1bbd01c",
    "model": "sessions.session",
    "fields": {
      "expire_date": "2012-02-23 17:09:29",
      "session_data": "NThiNjBkZjM3MGFmNTQ4NTBlZWY3Yjc4MGZkOGU2ODJhZmI3MDA2OTqAAn1xAChVEl9hdXRoX3Vz\nZXJfYmFja2VuZHEBVSlkamFuZ28uY29udHJpYi5hdXRoLmJhY2tlbmRzLk1vZGVsQmFja2VuZHEC\nVQ1fYXV0aF91c2VyX2lkcQOKARBVD19zZXNzaW9uX2V4cGlyeXEESwB1Lg==\n"
    }
  },
  {
    "pk": "3851184b352698a98895d01a194ee692",
    "model": "sessions.session",
    "fields": {
      "expire_date": "2012-02-27 12:30:31",
      "session_data": "NThiNjBkZjM3MGFmNTQ4NTBlZWY3Yjc4MGZkOGU2ODJhZmI3MDA2OTqAAn1xAChVEl9hdXRoX3Vz\nZXJfYmFja2VuZHEBVSlkamFuZ28uY29udHJpYi5hdXRoLmJhY2tlbmRzLk1vZGVsQmFja2VuZHEC\nVQ1fYXV0aF91c2VyX2lkcQOKARBVD19zZXNzaW9uX2V4cGlyeXEESwB1Lg==\n"
    }
  },
  {
    "pk": "3b71e8e90535dfd1197bc6786ddfd693",
    "model": "sessions.session",
    "fields": {
      "expire_date": "2012-02-27 14:03:28",
      "session_data": "NzQ3MzgyMjAyYjRhNGNhYWQ1NTRmNDhlMDczYjQ2M2RmOTY2MDFlNjqAAn1xAChVEl9hdXRoX3Vz\nZXJfYmFja2VuZHEBVSlkamFuZ28uY29udHJpYi5hdXRoLmJhY2tlbmRzLk1vZGVsQmFja2VuZHEC\nVQ1fYXV0aF91c2VyX2lkcQNLEFUPX3Nlc3Npb25fZXhwaXJ5cQRLAHUu\n"
    }
  },
  {
    "pk": "3da2ada73f42b5243416ff309a11eabd",
    "model": "sessions.session",
    "fields": {
      "expire_date": "2012-03-12 10:10:31",
      "session_data": "Zjc0YzY5OGI2M2QwNTRhZjIyNGU1ZjMxNzljYzVkMDU1OTRjOTk4MzqAAn1xAChVEl9hdXRoX3Vz\nZXJfYmFja2VuZHEBVSlkamFuZ28uY29udHJpYi5hdXRoLmJhY2tlbmRzLk1vZGVsQmFja2VuZHEC\nVQ1sYXN0X3NwYWNlX2lkcQOKAngBVQ1fYXV0aF91c2VyX2lkcQSKAs0AVQ9fc2Vzc2lvbl9leHBp\ncnlxBUsAdS4=\n"
    }
  },
  {
    "pk": "3ee301289f8825eb58bf36a84c803b84",
    "model": "sessions.session",
    "fields": {
      "expire_date": "2012-03-07 09:40:29",
      "session_data": "YTIxNjdmYjZjOTQ1NTczMmU2MTQxYzY0NzMzYWVjNTFmODE5MDdkZTqAAn1xAChVD19zZXNzaW9u\nX2V4cGlyeXEBSwBVDWxhc3Rfc3BhY2VfaWRxAooCAAFVDV9hdXRoX3VzZXJfaWRxA4oCzQBVEl9h\ndXRoX3VzZXJfYmFja2VuZHEEVSlkamFuZ28uY29udHJpYi5hdXRoLmJhY2tlbmRzLk1vZGVsQmFj\na2VuZHEFdS4=\n"
    }
  },
  {
    "pk": "41dabbb487b453e7d5cc71b47a1e3669",
    "model": "sessions.session",
    "fields": {
      "expire_date": "2012-03-01 15:57:13",
      "session_data": "NzQ3MzgyMjAyYjRhNGNhYWQ1NTRmNDhlMDczYjQ2M2RmOTY2MDFlNjqAAn1xAChVEl9hdXRoX3Vz\nZXJfYmFja2VuZHEBVSlkamFuZ28uY29udHJpYi5hdXRoLmJhY2tlbmRzLk1vZGVsQmFja2VuZHEC\nVQ1fYXV0aF91c2VyX2lkcQNLEFUPX3Nlc3Npb25fZXhwaXJ5cQRLAHUu\n"
    }
  },
  {
    "pk": "41e507b74e86ceab33bb85d498a5e35b",
    "model": "sessions.session",
    "fields": {
      "expire_date": "2012-02-29 11:18:21",
      "session_data": "NThiNjBkZjM3MGFmNTQ4NTBlZWY3Yjc4MGZkOGU2ODJhZmI3MDA2OTqAAn1xAChVEl9hdXRoX3Vz\nZXJfYmFja2VuZHEBVSlkamFuZ28uY29udHJpYi5hdXRoLmJhY2tlbmRzLk1vZGVsQmFja2VuZHEC\nVQ1fYXV0aF91c2VyX2lkcQOKARBVD19zZXNzaW9uX2V4cGlyeXEESwB1Lg==\n"
    }
  },
  {
    "pk": "42ace1b197dedf15d1136d25a3b43a6c",
    "model": "sessions.session",
    "fields": {
      "expire_date": "2012-02-24 13:12:48",
      "session_data": "NThiNjBkZjM3MGFmNTQ4NTBlZWY3Yjc4MGZkOGU2ODJhZmI3MDA2OTqAAn1xAChVEl9hdXRoX3Vz\nZXJfYmFja2VuZHEBVSlkamFuZ28uY29udHJpYi5hdXRoLmJhY2tlbmRzLk1vZGVsQmFja2VuZHEC\nVQ1fYXV0aF91c2VyX2lkcQOKARBVD19zZXNzaW9uX2V4cGlyeXEESwB1Lg==\n"
    }
  },
  {
    "pk": "4a0274cb4997c1288c1bd464ab8cd56d",
    "model": "sessions.session",
    "fields": {
      "expire_date": "2012-03-02 16:54:55",
      "session_data": "Mzg2NjhjZjZlNDFmYjExMmQxOWI2ZGRkYTk2YTZiMTIwYTFlNWU0ZDqAAn1xAChVEl9hdXRoX3Vz\nZXJfYmFja2VuZHEBVSlkamFuZ28uY29udHJpYi5hdXRoLmJhY2tlbmRzLk1vZGVsQmFja2VuZHEC\nVQ1sYXN0X3NwYWNlX2lkcQNNAAFVDV9hdXRoX3VzZXJfaWRxBEvQVQ9fc2Vzc2lvbl9leHBpcnlx\nBUsAdS4=\n"
    }
  },
  {
    "pk": "5954734b7128eda40bddc9b2a501381f",
    "model": "sessions.session",
    "fields": {
      "expire_date": "2012-03-07 15:31:52",
      "session_data": "OWMwMjM4OWZhYjZkZjk1YWE0MWMxM2VjZWFkNDRjZDViZGQ3ZjczYzqAAn1xAChVD19zZXNzaW9u\nX2V4cGlyeXEBSwBVDWxhc3Rfc3BhY2VfaWRxAooCAwFVDV9hdXRoX3VzZXJfaWRxA0vNVRJfYXV0\naF91c2VyX2JhY2tlbmRxBFUpZGphbmdvLmNvbnRyaWIuYXV0aC5iYWNrZW5kcy5Nb2RlbEJhY2tl\nbmRxBXUu\n"
    }
  },
  {
    "pk": "6373674711f6219b873a779d5dcef223",
    "model": "sessions.session",
    "fields": {
      "expire_date": "2012-03-02 10:51:28",
      "session_data": "NThiNjBkZjM3MGFmNTQ4NTBlZWY3Yjc4MGZkOGU2ODJhZmI3MDA2OTqAAn1xAChVEl9hdXRoX3Vz\nZXJfYmFja2VuZHEBVSlkamFuZ28uY29udHJpYi5hdXRoLmJhY2tlbmRzLk1vZGVsQmFja2VuZHEC\nVQ1fYXV0aF91c2VyX2lkcQOKARBVD19zZXNzaW9uX2V4cGlyeXEESwB1Lg==\n"
    }
  },
  {
    "pk": "886b58b4e17687e1d8e7c495d3f1757a",
    "model": "sessions.session",
    "fields": {
      "expire_date": "2012-03-06 16:07:57",
      "session_data": "MjhhYmU0YzZkNGU0MDk4NmExNWViNWQ2ZDEwMDAwMzFkN2YwZjhmZjqAAn1xAChVEl9hdXRoX3Vz\nZXJfYmFja2VuZHEBVSlkamFuZ28uY29udHJpYi5hdXRoLmJhY2tlbmRzLk1vZGVsQmFja2VuZHEC\nVQ1sYXN0X3NwYWNlX2lkcQOKAgABVQ1fYXV0aF91c2VyX2lkcQSKAs0AVQ9fc2Vzc2lvbl9leHBp\ncnlxBUsAdS4=\n"
    }
  },
  {
    "pk": "8b800829d4474c8caed9cf17579348a8",
    "model": "sessions.session",
    "fields": {
      "expire_date": "2012-03-08 16:22:23",
      "session_data": "ZmUyYjlkZjAyMmIzODE1ZmZhM2Y5NjE4MzhkYjQxZWVmZDQwYWRmNzqAAn1xAChVEl9hdXRoX3Vz\nZXJfYmFja2VuZHEBVSlkamFuZ28uY29udHJpYi5hdXRoLmJhY2tlbmRzLk1vZGVsQmFja2VuZHEC\nVQ1fYXV0aF91c2VyX2lkcQNLzVUPX3Nlc3Npb25fZXhwaXJ5cQRLAHUu\n"
    }
  },
  {
    "pk": "9563df492f7271acd1b8db7349d7218b",
    "model": "sessions.session",
    "fields": {
      "expire_date": "2012-03-09 09:09:37",
      "session_data": "YTIxNjdmYjZjOTQ1NTczMmU2MTQxYzY0NzMzYWVjNTFmODE5MDdkZTqAAn1xAChVD19zZXNzaW9u\nX2V4cGlyeXEBSwBVDWxhc3Rfc3BhY2VfaWRxAooCAAFVDV9hdXRoX3VzZXJfaWRxA4oCzQBVEl9h\ndXRoX3VzZXJfYmFja2VuZHEEVSlkamFuZ28uY29udHJpYi5hdXRoLmJhY2tlbmRzLk1vZGVsQmFj\na2VuZHEFdS4=\n"
    }
  },
  {
    "pk": "a6558f2726ceadc38790ee4a051f055f",
    "model": "sessions.session",
    "fields": {
      "expire_date": "2012-02-29 10:01:45",
      "session_data": "NzE3NGEzZWE5NmQxOTA3MDhkOTdiMDFkNTgzMmYzZWE0MGQzNzhmYTqAAn1xAChVD19zZXNzaW9u\nX2V4cGlyeXEBSwBVDWxhc3Rfc3BhY2VfaWRxAooBTVUNX2F1dGhfdXNlcl9pZHEDigEQVRJfYXV0\naF91c2VyX2JhY2tlbmRxBFUpZGphbmdvLmNvbnRyaWIuYXV0aC5iYWNrZW5kcy5Nb2RlbEJhY2tl\nbmRxBXUu\n"
    }
  },
  {
    "pk": "a742f0a03e183b88f1f4053a60008f4d",
    "model": "sessions.session",
    "fields": {
      "expire_date": "2012-03-08 11:41:36",
      "session_data": "NThiNjBkZjM3MGFmNTQ4NTBlZWY3Yjc4MGZkOGU2ODJhZmI3MDA2OTqAAn1xAChVEl9hdXRoX3Vz\nZXJfYmFja2VuZHEBVSlkamFuZ28uY29udHJpYi5hdXRoLmJhY2tlbmRzLk1vZGVsQmFja2VuZHEC\nVQ1fYXV0aF91c2VyX2lkcQOKARBVD19zZXNzaW9uX2V4cGlyeXEESwB1Lg==\n"
    }
  },
  {
    "pk": "d4bc20d641cae61f607eac8049db274c",
    "model": "sessions.session",
    "fields": {
      "expire_date": "2012-03-02 10:14:33",
      "session_data": "NTU2YzU0ZjdiOGI2MmVmYmUzNDhiMzJhNWQwM2RiODE2ZjRiZWFjNDqAAn1xAChVEl9hdXRoX3Vz\nZXJfYmFja2VuZHEBVSlkamFuZ28uY29udHJpYi5hdXRoLmJhY2tlbmRzLk1vZGVsQmFja2VuZHEC\nVQ1fYXV0aF91c2VyX2lkcQNLu1UPX3Nlc3Npb25fZXhwaXJ5cQRLAHUu\n"
    }
  },
  {
    "pk": "d9f0374655fc41cce987776e6785816d",
    "model": "sessions.session",
    "fields": {
      "expire_date": "2012-03-06 12:00:00",
      "session_data": "ZTVlNzkwY2FlN2IxOWQwYzQ0NTZlYzVlY2VhYTcxN2NjYzEwYWMxNzqAAn1xAChVEl9hdXRoX3Vz\nZXJfYmFja2VuZHEBVSlkamFuZ28uY29udHJpYi5hdXRoLmJhY2tlbmRzLk1vZGVsQmFja2VuZHEC\nVQ1sYXN0X3NwYWNlX2lkcQOKAgABVQ1fYXV0aF91c2VyX2lkcQSKAtAAVQ9fc2Vzc2lvbl9leHBp\ncnlxBUsAdS4=\n"
    }
  },
  {
    "pk": "e1145fb92721db8da472c489c8c24d7d",
    "model": "sessions.session",
    "fields": {
      "expire_date": "2012-02-24 10:28:36",
      "session_data": "ZjBmZDhmNTAzY2I3OWI5OGNiNDk1NTVkNmU0OTU5NzE3ZTBjYTJhOTqAAn1xAChVD19zZXNzaW9u\nX2V4cGlyeXEBSwBVCnRlc3Rjb29raWVxAlUGd29ya2VkcQNVDV9hdXRoX3VzZXJfaWRxBIoBGFUS\nX2F1dGhfdXNlcl9iYWNrZW5kcQVVKWRqYW5nby5jb250cmliLmF1dGguYmFja2VuZHMuTW9kZWxC\nYWNrZW5kcQZ1Lg==\n"
    }
  },
  {
    "pk": "eae598a3cf5d6e074afabf9d759f97f4",
    "model": "sessions.session",
    "fields": {
      "expire_date": "2012-03-08 14:16:23",
      "session_data": "NTE5NDA2NDUzYWQ4N2Y0NDg0ZjRjNTZlZTVmMTZjY2RjOWQ5Njk1MDqAAn1xAC4=\n"
    }
  },
  {
    "pk": "f332424c5af04595511e3b067870662c",
    "model": "sessions.session",
    "fields": {
      "expire_date": "2012-03-06 10:51:02",
      "session_data": "ZjYwNDA4N2Y0YzM2ZmE1MzQyYmJkMjk5ZjI4ZTI0NDU2YjEzNDNjZDqAAn1xAChVEl9hdXRoX3Vz\nZXJfYmFja2VuZHEBVSlkamFuZ28uY29udHJpYi5hdXRoLmJhY2tlbmRzLk1vZGVsQmFja2VuZHEC\nVQ1sYXN0X3NwYWNlX2lkcQOKAgMBVQ1fYXV0aF91c2VyX2lkcQRLzVUPX3Nlc3Npb25fZXhwaXJ5\ncQVLAHUu\n"
    }
  },
  {
    "pk": "f9278a66a7367ae51853ea1bd88bf4a2",
    "model": "sessions.session",
    "fields": {
      "expire_date": "2012-03-06 12:31:22",
      "session_data": "MDQ1ZmQ5ODYxMjIyNmY2NDI3ZGM1YWRkZTc3M2M0NTU2YjlkMDdjNzqAAn1xAChVD19zZXNzaW9u\nX2V4cGlyeXEBSwBVDWxhc3Rfc3BhY2VfaWRxAooCTAFVDV9hdXRoX3VzZXJfaWRxA4oC3ABVEl9h\ndXRoX3VzZXJfYmFja2VuZHEEVSlkamFuZ28uY29udHJpYi5hdXRoLmJhY2tlbmRzLk1vZGVsQmFj\na2VuZHEFdS4=\n"
    }
  },
  {
    "pk": 113,
    "model": "search.relationindex_mycontent_content_search_index",
    "fields": {
      "modified_date": "2012-02-10 11:56:47",
      "is_featured": false,
      "big_icon_href": null,
      "is_deleted": false,
      "file": 112,
      "title": "Java",
      "author": 16,
      "icon_href": null,
      "view_count": 2,
      "search_index_search_list_field": [
        "java",
        "corpor",
        "java",
        "jee"
      ],
      "is_template": true,
      "content_type": 2,
      "created_date": "2012-02-10 11:55:57",
      "short_description": "",
      "is_public": true,
      "associated_content": null,
      "tags": "java, jee, java corporate",
      "description": ""
    }
  },
  {
    "pk": 152,
    "model": "search.relationindex_mycontent_content_search_index",
    "fields": {
      "modified_date": "2012-02-14 12:14:37",
      "is_featured": false,
      "big_icon_href": null,
      "is_deleted": false,
      "file": 167,
      "title": "testing",
      "author": 16,
      "icon_href": null,
      "view_count": 18,
      "search_index_search_list_field": [
        "test"
      ],
      "is_template": true,
      "content_type": 1,
      "created_date": "2012-02-13 12:30:58",
      "short_description": "",
      "is_public": true,
      "associated_content": null,
      "tags": "",
      "description": ""
    }
  },
  {
    "pk": 156,
    "model": "search.relationindex_mycontent_content_search_index",
    "fields": {
      "modified_date": "2012-02-13 12:31:37",
      "is_featured": false,
      "big_icon_href": null,
      "is_deleted": false,
      "file": 155,
      "title": "asd",
      "author": 16,
      "icon_href": null,
      "view_count": 5,
      "search_index_search_list_field": [
        "asd"
      ],
      "is_template": true,
      "content_type": 2,
      "created_date": "2012-02-13 12:31:37",
      "short_description": "",
      "is_public": true,
      "associated_content": null,
      "tags": "",
      "description": ""
    }
  },
  {
    "pk": 161,
    "model": "search.relationindex_mycontent_content_search_index",
    "fields": {
      "modified_date": "2012-02-14 12:14:43",
      "is_featured": false,
      "big_icon_href": null,
      "is_deleted": false,
      "file": 169,
      "title": "test",
      "author": 16,
      "icon_href": null,
      "view_count": 0,
      "search_index_search_list_field": [
        "test",
        "test"
      ],
      "is_template": false,
      "content_type": 3,
      "created_date": "2012-02-14 11:45:36",
      "short_description": "",
      "is_public": false,
      "associated_content": null,
      "tags": "test",
      "description": ""
    }
  },
  {
    "pk": 174,
    "model": "search.relationindex_mycontent_content_search_index",
    "fields": {
      "modified_date": "2012-02-15 09:56:11",
      "is_featured": false,
      "big_icon_href": null,
      "is_deleted": false,
      "file": 173,
      "title": "test",
      "author": 16,
      "icon_href": null,
      "view_count": 0,
      "search_index_search_list_field": [
        "test",
        "test"
      ],
      "is_template": false,
      "content_type": 3,
      "created_date": "2012-02-15 09:56:11",
      "short_description": "",
      "is_public": false,
      "associated_content": null,
      "tags": "test",
      "description": ""
    }
  },
  {
    "pk": 177,
    "model": "search.relationindex_mycontent_content_search_index",
    "fields": {
      "modified_date": "2012-02-17 11:27:21",
      "is_featured": false,
      "big_icon_href": null,
      "is_deleted": false,
      "file": 194,
      "title": "test2",
      "author": 16,
      "icon_href": null,
      "view_count": 0,
      "search_index_search_list_field": [
        "test2",
        "test"
      ],
      "is_template": false,
      "content_type": 3,
      "created_date": "2012-02-15 09:56:30",
      "short_description": "",
      "is_public": true,
      "associated_content": null,
      "tags": "test",
      "description": ""
    }
  },
  {
    "pk": 180,
    "model": "search.relationindex_mycontent_content_search_index",
    "fields": {
      "modified_date": "2012-02-15 09:56:42",
      "is_featured": false,
      "big_icon_href": null,
      "is_deleted": false,
      "file": 179,
      "title": "test3",
      "author": 16,
      "icon_href": null,
      "view_count": 0,
      "search_index_search_list_field": [
        "test3",
        "test"
      ],
      "is_template": false,
      "content_type": 3,
      "created_date": "2012-02-15 09:56:42",
      "short_description": "",
      "is_public": false,
      "associated_content": null,
      "tags": "test",
      "description": ""
    }
  },
  {
    "pk": 197,
    "model": "search.relationindex_mycontent_content_search_index",
    "fields": {
      "modified_date": "2012-02-17 11:27:34",
      "is_featured": false,
      "big_icon_href": null,
      "is_deleted": false,
      "file": 196,
      "title": "adsa",
      "author": 16,
      "icon_href": null,
      "view_count": 0,
      "search_index_search_list_field": [
        "adsa"
      ],
      "is_template": false,
      "content_type": 1,
      "created_date": "2012-02-17 11:27:34",
      "short_description": "",
      "is_public": false,
      "associated_content": null,
      "tags": "",
      "description": ""
    }
  },
  {
    "pk": 312,
    "model": "search.relationindex_mycontent_content_search_index",
    "fields": {
      "modified_date": "2012-02-20 10:59:47",
      "is_featured": false,
      "big_icon_href": null,
      "is_deleted": false,
      "file": 311,
      "title": "Java",
      "author": 208,
      "icon_href": null,
      "view_count": 0,
      "search_index_search_list_field": [
        "java"
      ],
      "is_template": false,
      "content_type": 1,
      "created_date": "2012-02-17 16:50:19",
      "short_description": "",
      "is_public": true,
      "associated_content": null,
      "tags": "",
      "description": ""
    }
  },
  {
    "pk": 344,
    "model": "search.relationindex_mycontent_content_search_index",
    "fields": {
      "modified_date": "2012-02-20 13:26:39",
      "is_featured": false,
      "big_icon_href": null,
      "is_deleted": false,
      "file": 343,
      "title": "asd",
      "author": 333,
      "icon_href": null,
      "view_count": 0,
      "search_index_search_list_field": [
        "asd"
      ],
      "is_template": false,
      "content_type": 1,
      "created_date": "2012-02-20 13:26:38",
      "short_description": "",
      "is_public": false,
      "associated_content": null,
      "tags": "",
      "description": ""
    }
  },
  {
    "pk": 354,
    "model": "search.relationindex_mycontent_content_search_index",
    "fields": {
      "modified_date": "2012-02-20 15:18:59",
      "is_featured": false,
      "big_icon_href": null,
      "is_deleted": false,
      "file": 358,
      "title": "12345678901234567890123456789012345678901234567890123456789012345678901234567890123456789012345678901234567890123456789012345678901234567890123456789012345678901234567890123456789012345678901234567890",
      "author": 333,
      "icon_href": null,
      "view_count": 0,
      "search_index_search_list_field": [
        "12345678901234567890123456789012345678901234567890123456789012345678901234567890123456789012345678901234567890123456789012345678901234567890123456789012345678901234567890123456789012345678901234567890",
        "asd",
        "#",
        "pogrubieni"
      ],
      "is_template": false,
      "content_type": 3,
      "created_date": "2012-02-20 13:40:13",
      "short_description": "this is example of short description which can be 100 characters long",
      "is_public": false,
      "associated_content": null,
      "tags": "asd",
      "description": "# pogrubienie"
    }
  },
  {
    "pk": 360,
    "model": "search.relationindex_mycontent_content_search_index",
    "fields": {
      "modified_date": "2012-02-20 16:22:55",
      "is_featured": false,
      "big_icon_href": null,
      "is_deleted": false,
      "file": 359,
      "title": "Some new addon",
      "author": 16,
      "icon_href": null,
      "view_count": 0,
      "search_index_search_list_field": [
        "new",
        "some",
        "addon"
      ],
      "is_template": false,
      "content_type": 3,
      "created_date": "2012-02-20 16:21:16",
      "short_description": "",
      "is_public": false,
      "associated_content": null,
      "tags": "",
      "description": ""
    }
  },
  {
    "pk": 363,
    "model": "search.relationindex_mycontent_content_search_index",
    "fields": {
      "modified_date": "2012-02-20 16:58:09",
      "is_featured": false,
      "big_icon_href": null,
      "is_deleted": false,
      "file": 362,
      "title": "Heniek",
      "author": 205,
      "icon_href": null,
      "view_count": 0,
      "search_index_search_list_field": [
        "heniek"
      ],
      "is_template": false,
      "content_type": 3,
      "created_date": "2012-02-20 16:58:09",
      "short_description": "",
      "is_public": true,
      "associated_content": null,
      "tags": "",
      "description": ""
    }
  },
  {
    "pk": 366,
    "model": "search.relationindex_mycontent_content_search_index",
    "fields": {
      "modified_date": "2012-02-24 14:21:14",
      "is_featured": false,
      "big_icon_href": null,
      "is_deleted": false,
      "file": 365,
      "title": "nowy",
      "author": 205,
      "icon_href": null,
      "view_count": 0,
      "search_index_search_list_field": [
        "nowi",
        "wygl\u0105daj\u0105",
        "bardzo",
        "jestem",
        "zadowoloni",
        "adni",
        "te",
        "tagi",
        "a",
        "#",
        "href",
        "link"
      ],
      "is_template": false,
      "content_type": 3,
      "created_date": "2012-02-20 17:03:42",
      "short_description": "nowy addonasdas",
      "is_public": false,
      "associated_content": null,
      "tags": "bardzo \u0142adnie, wygl\u0105daj\u0105 te tagi, jestem, zadowolony",
      "description": "<a href=\"#\">link</a>"
    }
  },
  {
    "pk": 370,
    "model": "search.relationindex_mycontent_content_search_index",
    "fields": {
      "modified_date": "2012-02-24 14:20:50",
      "is_featured": false,
      "big_icon_href": null,
      "is_deleted": false,
      "file": 369,
      "title": "Heniek",
      "author": 205,
      "icon_href": null,
      "view_count": 0,
      "search_index_search_list_field": [
        "heniek",
        "kilka",
        "dla",
        "pewno\u015bci",
        "przetestujmi",
        "tagow"
      ],
      "is_template": false,
      "content_type": 1,
      "created_date": "2012-02-20 17:07:14",
      "short_description": "short descasdasda",
      "is_public": true,
      "associated_content": null,
      "tags": "przetestujmy, kilka, tagow, dla pewno\u015bci",
      "description": ""
    }
  },
  {
    "pk": 380,
    "model": "search.relationindex_mycontent_content_search_index",
    "fields": {
      "modified_date": "2012-02-21 10:24:53",
      "is_featured": false,
      "big_icon_href": null,
      "is_deleted": false,
      "file": 379,
      "title": "Karol jest fajny no raczej",
      "author": 208,
      "icon_href": null,
      "view_count": 0,
      "search_index_search_list_field": [
        "fajni",
        "karol",
        "raczej",
        "jest",
        "no"
      ],
      "is_template": false,
      "content_type": 1,
      "created_date": "2012-02-21 10:24:53",
      "short_description": "",
      "is_public": false,
      "associated_content": null,
      "tags": "",
      "description": ""
    }
  },
  {
    "pk": 384,
    "model": "search.relationindex_mycontent_content_search_index",
    "fields": {
      "modified_date": "2012-02-21 10:28:58",
      "is_featured": false,
      "big_icon_href": null,
      "is_deleted": false,
      "file": 383,
      "title": "123123",
      "author": 208,
      "icon_href": null,
      "view_count": 0,
      "search_index_search_list_field": [
        "123123"
      ],
      "is_template": false,
      "content_type": 1,
      "created_date": "2012-02-21 10:28:57",
      "short_description": "",
      "is_public": false,
      "associated_content": null,
      "tags": "",
      "description": ""
    }
  },
  {
    "pk": 387,
    "model": "search.relationindex_mycontent_content_search_index",
    "fields": {
      "modified_date": "2012-02-21 11:38:01",
      "is_featured": false,
      "big_icon_href": null,
      "is_deleted": false,
      "file": 386,
      "title": "Heniek",
      "author": 208,
      "icon_href": null,
      "view_count": 0,
      "search_index_search_list_field": [
        "heniek",
        "_italic_",
        "b",
        "old",
        "__bold__",
        "normal"
      ],
      "is_template": false,
      "content_type": 3,
      "created_date": "2012-02-21 10:29:30",
      "short_description": "12313",
      "is_public": true,
      "associated_content": null,
      "tags": "",
      "description": "__bold__\r\n_italic_\r\nnormal\r\n**b**old"
    }
  },
  {
    "pk": 391,
    "model": "search.relationindex_mycontent_content_search_index",
    "fields": {
      "modified_date": "2012-02-21 10:29:42",
      "is_featured": false,
      "big_icon_href": null,
      "is_deleted": false,
      "file": 390,
      "title": "123",
      "author": 208,
      "icon_href": null,
      "view_count": 0,
      "search_index_search_list_field": [
        "123"
      ],
      "is_template": false,
      "content_type": 1,
      "created_date": "2012-02-21 10:29:42",
      "short_description": "123",
      "is_public": false,
      "associated_content": null,
      "tags": "",
      "description": ""
    }
  },
  {
    "pk": 395,
    "model": "search.relationindex_mycontent_content_search_index",
    "fields": {
      "modified_date": "2012-02-21 11:12:16",
      "is_featured": false,
      "big_icon_href": null,
      "is_deleted": false,
      "file": 394,
      "title": "Copy of 123",
      "author": 208,
      "icon_href": null,
      "view_count": 0,
      "search_index_search_list_field": [
        "of",
        "123",
        "copi"
      ],
      "is_template": false,
      "content_type": 1,
      "created_date": "2012-02-21 11:12:16",
      "short_description": "",
      "is_public": false,
      "associated_content": null,
      "tags": "",
      "description": ""
    }
  },
  {
    "pk": 398,
    "model": "search.relationindex_mycontent_content_search_index",
    "fields": {
      "modified_date": "2012-02-21 12:01:43",
      "is_featured": false,
      "big_icon_href": null,
      "is_deleted": false,
      "file": 397,
      "title": "asdtest",
      "author": 208,
      "icon_href": null,
      "view_count": 0,
      "search_index_search_list_field": [
        "asdtest",
        "trong",
        "b",
        "sprawdzam",
        "p",
        "s",
        "strong"
      ],
      "is_template": false,
      "content_type": 3,
      "created_date": "2012-02-21 12:00:56",
      "short_description": "",
      "is_public": false,
      "associated_content": null,
      "tags": "",
      "description": "<b>sprawdzam</b> <p><strong>s</strong>trong</p>"
    }
  },
  {
    "pk": 402,
    "model": "search.relationindex_mycontent_content_search_index",
    "fields": {
      "modified_date": "2012-02-21 12:28:35",
      "is_featured": false,
      "big_icon_href": null,
      "is_deleted": false,
      "file": 401,
      "title": "asd",
      "author": 220,
      "icon_href": null,
      "view_count": 0,
      "search_index_search_list_field": [
        "asd"
      ],
      "is_template": false,
      "content_type": 1,
      "created_date": "2012-02-21 12:28:35",
      "short_description": "",
      "is_public": false,
      "associated_content": null,
      "tags": "",
      "description": ""
    }
  },
  {
    "pk": 406,
    "model": "search.relationindex_mycontent_content_search_index",
    "fields": {
      "modified_date": "2012-02-21 12:28:55",
      "is_featured": false,
      "big_icon_href": null,
      "is_deleted": false,
      "file": 405,
      "title": "asdcr",
      "author": 220,
      "icon_href": null,
      "view_count": 0,
      "search_index_search_list_field": [
        "asdcr"
      ],
      "is_template": false,
      "content_type": 1,
      "created_date": "2012-02-21 12:28:54",
      "short_description": "",
      "is_public": true,
      "associated_content": null,
      "tags": "",
      "description": ""
    }
  },
  {
    "pk": 409,
    "model": "search.relationindex_mycontent_content_search_index",
    "fields": {
      "modified_date": "2012-02-21 12:29:51",
      "is_featured": false,
      "big_icon_href": null,
      "is_deleted": false,
      "file": 408,
      "title": "add",
      "author": 220,
      "icon_href": null,
      "view_count": 0,
      "search_index_search_list_field": [
        "add"
      ],
      "is_template": false,
      "content_type": 3,
      "created_date": "2012-02-21 12:29:51",
      "short_description": "",
      "is_public": false,
      "associated_content": null,
      "tags": "",
      "description": ""
    }
  },
  {
    "pk": 412,
    "model": "search.relationindex_mycontent_content_search_index",
    "fields": {
      "modified_date": "2012-02-21 12:31:07",
      "is_featured": false,
      "big_icon_href": null,
      "is_deleted": false,
      "file": 411,
      "title": "addcr",
      "author": 220,
      "icon_href": null,
      "view_count": 0,
      "search_index_search_list_field": [
        "addcr"
      ],
      "is_template": false,
      "content_type": 3,
      "created_date": "2012-02-21 12:31:07",
      "short_description": "",
      "is_public": false,
      "associated_content": null,
      "tags": "",
      "description": ""
    }
  },
  {
    "pk": 434,
    "model": "search.relationindex_mycontent_content_search_index",
    "fields": {
      "modified_date": "2012-02-23 13:31:55",
      "is_featured": false,
      "big_icon_href": null,
      "is_deleted": false,
      "file": 433,
      "title": "testDivi",
      "author": 205,
      "icon_href": null,
      "view_count": 0,
      "search_index_search_list_field": [
        "testdivi"
      ],
      "is_template": false,
      "content_type": 1,
      "created_date": "2012-02-23 13:31:54",
      "short_description": "",
      "is_public": true,
      "associated_content": null,
      "tags": "",
      "description": ""
    }
  },
  {
    "pk": 439,
    "model": "search.relationindex_mycontent_content_search_index",
    "fields": {
      "modified_date": "2012-02-24 09:09:50",
      "is_featured": false,
      "big_icon_href": null,
      "is_deleted": false,
      "file": 438,
      "title": "Heniek tutaj by\u0142",
      "author": 205,
      "icon_href": null,
      "view_count": 0,
      "search_index_search_list_field": [
        "by\u0142",
        "tutaj",
        "heniek"
      ],
      "is_template": false,
      "content_type": 1,
      "created_date": "2012-02-24 09:09:50",
      "short_description": "asda",
      "is_public": false,
      "associated_content": null,
      "tags": "",
      "description": ""
    }
  },
  {
    "pk": 443,
    "model": "search.relationindex_mycontent_content_search_index",
    "fields": {
      "modified_date": "2012-02-24 14:21:45",
      "is_featured": false,
      "big_icon_href": null,
      "is_deleted": false,
      "file": 442,
      "title": "testIKONKI",
      "author": 205,
      "icon_href": null,
      "view_count": 0,
      "search_index_search_list_field": [
        "testikonki",
        "pewni",
        "bo",
        "fajn",
        "tutaj",
        "inni",
        "nie",
        "dzia\u0142aj\u0105",
        "to",
        "widok",
        "te",
        "tagi"
      ],
      "is_template": false,
      "content_type": 1,
      "created_date": "2012-02-24 13:08:20",
      "short_description": "",
      "is_public": false,
      "associated_content": null,
      "tags": "tutaj pewnie, te, fajne, tagi, nie dzia\u0142aj\u0105, bo to inny, widok",
      "description": ""
    }
  },
  {
    "pk": 188,
    "model": "registration.registrationprofile",
    "fields": {
      "activation_key": "ALREADY_ACTIVATED",
      "user": 187
    }
  },
  {
    "pk": 334,
    "model": "registration.registrationprofile",
    "fields": {
      "activation_key": "ALREADY_ACTIVATED",
      "user": 333
    }
  },
  {
    "pk": 443,
    "model": "mycontent.content",
    "fields": {
      "modified_date": "2012-02-24 14:21:45",
      "is_featured": false,
      "big_icon_href": null,
      "is_deleted": false,
      "file": 442,
      "title": "testIKONKI",
      "author": 205,
      "icon_href": null,
      "view_count": 0,
      "is_template": false,
      "content_type": 1,
      "created_date": "2012-02-24 13:08:20",
      "short_description": "",
      "is_public": false,
      "associated_content": null,
      "tags": "tutaj pewnie, te, fajne, tagi, nie dzia\u0142aj\u0105, bo to inny, widok",
      "description": ""
    }
  },
  {
    "pk": 366,
    "model": "mycontent.content",
    "fields": {
      "modified_date": "2012-02-24 14:21:14",
      "is_featured": false,
      "big_icon_href": null,
      "is_deleted": false,
      "file": 365,
      "title": "nowy",
      "author": 205,
      "icon_href": null,
      "view_count": 0,
      "is_template": false,
      "content_type": 3,
      "created_date": "2012-02-20 17:03:42",
      "short_description": "nowy addonasdas",
      "is_public": false,
      "associated_content": null,
      "tags": "bardzo \u0142adnie, wygl\u0105daj\u0105 te tagi, jestem, zadowolony",
      "description": "<a href=\"#\">link</a>"
    }
  },
  {
    "pk": 370,
    "model": "mycontent.content",
    "fields": {
      "modified_date": "2012-02-24 14:20:50",
      "is_featured": false,
      "big_icon_href": null,
      "is_deleted": false,
      "file": 369,
      "title": "Heniek",
      "author": 205,
      "icon_href": null,
      "view_count": 0,
      "is_template": false,
      "content_type": 1,
      "created_date": "2012-02-20 17:07:14",
      "short_description": "short descasdasda",
      "is_public": true,
      "associated_content": null,
      "tags": "przetestujmy, kilka, tagow, dla pewno\u015bci",
      "description": ""
    }
  },
  {
    "pk": 439,
    "model": "mycontent.content",
    "fields": {
      "modified_date": "2012-02-24 09:09:50",
      "is_featured": false,
      "big_icon_href": null,
      "is_deleted": false,
      "file": 438,
      "title": "Heniek tutaj by\u0142",
      "author": 205,
      "icon_href": null,
      "view_count": 0,
      "is_template": false,
      "content_type": 1,
      "created_date": "2012-02-24 09:09:50",
      "short_description": "asda",
      "is_public": false,
      "associated_content": null,
      "tags": "",
      "description": ""
    }
  },
  {
    "pk": 434,
    "model": "mycontent.content",
    "fields": {
      "modified_date": "2012-02-23 13:31:55",
      "is_featured": false,
      "big_icon_href": null,
      "is_deleted": false,
      "file": 433,
      "title": "testDivi",
      "author": 205,
      "icon_href": null,
      "view_count": 0,
      "is_template": false,
      "content_type": 1,
      "created_date": "2012-02-23 13:31:54",
      "short_description": "",
      "is_public": true,
      "associated_content": null,
      "tags": "",
      "description": ""
    }
  },
  {
    "pk": 412,
    "model": "mycontent.content",
    "fields": {
      "modified_date": "2012-02-21 12:31:07",
      "is_featured": false,
      "big_icon_href": null,
      "is_deleted": false,
      "file": 411,
      "title": "addcr",
      "author": 220,
      "icon_href": null,
      "view_count": 0,
      "is_template": false,
      "content_type": 3,
      "created_date": "2012-02-21 12:31:07",
      "short_description": "",
      "is_public": false,
      "associated_content": null,
      "tags": "",
      "description": ""
    }
  },
  {
    "pk": 409,
    "model": "mycontent.content",
    "fields": {
      "modified_date": "2012-02-21 12:29:51",
      "is_featured": false,
      "big_icon_href": null,
      "is_deleted": false,
      "file": 408,
      "title": "add",
      "author": 220,
      "icon_href": null,
      "view_count": 0,
      "is_template": false,
      "content_type": 3,
      "created_date": "2012-02-21 12:29:51",
      "short_description": "",
      "is_public": false,
      "associated_content": null,
      "tags": "",
      "description": ""
    }
  },
  {
    "pk": 406,
    "model": "mycontent.content",
    "fields": {
      "modified_date": "2012-02-21 12:28:55",
      "is_featured": false,
      "big_icon_href": null,
      "is_deleted": false,
      "file": 405,
      "title": "asdcr",
      "author": 220,
      "icon_href": null,
      "view_count": 0,
      "is_template": false,
      "content_type": 1,
      "created_date": "2012-02-21 12:28:54",
      "short_description": "",
      "is_public": true,
      "associated_content": null,
      "tags": "",
      "description": ""
    }
  },
  {
    "pk": 402,
    "model": "mycontent.content",
    "fields": {
      "modified_date": "2012-02-21 12:28:35",
      "is_featured": false,
      "big_icon_href": null,
      "is_deleted": false,
      "file": 401,
      "title": "asd",
      "author": 220,
      "icon_href": null,
      "view_count": 0,
      "is_template": false,
      "content_type": 1,
      "created_date": "2012-02-21 12:28:35",
      "short_description": "",
      "is_public": false,
      "associated_content": null,
      "tags": "",
      "description": ""
    }
  },
  {
    "pk": 398,
    "model": "mycontent.content",
    "fields": {
      "modified_date": "2012-02-21 12:01:43",
      "is_featured": false,
      "big_icon_href": null,
      "is_deleted": false,
      "file": 397,
      "title": "asdtest",
      "author": 208,
      "icon_href": null,
      "view_count": 0,
      "is_template": false,
      "content_type": 3,
      "created_date": "2012-02-21 12:00:56",
      "short_description": "",
      "is_public": false,
      "associated_content": null,
      "tags": "",
      "description": "<b>sprawdzam</b> <p><strong>s</strong>trong</p>"
    }
  },
  {
    "pk": 387,
    "model": "mycontent.content",
    "fields": {
      "modified_date": "2012-02-21 11:38:01",
      "is_featured": false,
      "big_icon_href": null,
      "is_deleted": false,
      "file": 386,
      "title": "Heniek",
      "author": 208,
      "icon_href": null,
      "view_count": 0,
      "is_template": false,
      "content_type": 3,
      "created_date": "2012-02-21 10:29:30",
      "short_description": "12313",
      "is_public": true,
      "associated_content": null,
      "tags": "",
      "description": "__bold__\r\n_italic_\r\nnormal\r\n**b**old"
    }
  },
  {
    "pk": 395,
    "model": "mycontent.content",
    "fields": {
      "modified_date": "2012-02-21 11:12:16",
      "is_featured": false,
      "big_icon_href": null,
      "is_deleted": false,
      "file": 394,
      "title": "Copy of 123",
      "author": 208,
      "icon_href": null,
      "view_count": 0,
      "is_template": false,
      "content_type": 1,
      "created_date": "2012-02-21 11:12:16",
      "short_description": "",
      "is_public": false,
      "associated_content": null,
      "tags": "",
      "description": ""
    }
  },
  {
    "pk": 391,
    "model": "mycontent.content",
    "fields": {
      "modified_date": "2012-02-21 10:29:42",
      "is_featured": false,
      "big_icon_href": null,
      "is_deleted": false,
      "file": 390,
      "title": "123",
      "author": 208,
      "icon_href": null,
      "view_count": 0,
      "is_template": false,
      "content_type": 1,
      "created_date": "2012-02-21 10:29:42",
      "short_description": "123",
      "is_public": false,
      "associated_content": null,
      "tags": "",
      "description": ""
    }
  },
  {
    "pk": 384,
    "model": "mycontent.content",
    "fields": {
      "modified_date": "2012-02-21 10:28:58",
      "is_featured": false,
      "big_icon_href": null,
      "is_deleted": false,
      "file": 383,
      "title": "123123",
      "author": 208,
      "icon_href": null,
      "view_count": 0,
      "is_template": false,
      "content_type": 1,
      "created_date": "2012-02-21 10:28:57",
      "short_description": "",
      "is_public": false,
      "associated_content": null,
      "tags": "",
      "description": ""
    }
  },
  {
    "pk": 380,
    "model": "mycontent.content",
    "fields": {
      "modified_date": "2012-02-21 10:24:53",
      "is_featured": false,
      "big_icon_href": null,
      "is_deleted": false,
      "file": 379,
      "title": "Karol jest fajny no raczej",
      "author": 208,
      "icon_href": null,
      "view_count": 0,
      "is_template": false,
      "content_type": 1,
      "created_date": "2012-02-21 10:24:53",
      "short_description": "",
      "is_public": false,
      "associated_content": null,
      "tags": "",
      "description": ""
    }
  },
  {
    "pk": 363,
    "model": "mycontent.content",
    "fields": {
      "modified_date": "2012-02-20 16:58:09",
      "is_featured": false,
      "big_icon_href": null,
      "is_deleted": false,
      "file": 362,
      "title": "Heniek",
      "author": 205,
      "icon_href": null,
      "view_count": 0,
      "is_template": false,
      "content_type": 3,
      "created_date": "2012-02-20 16:58:09",
      "short_description": "",
      "is_public": true,
      "associated_content": null,
      "tags": "",
      "description": ""
    }
  },
  {
    "pk": 360,
    "model": "mycontent.content",
    "fields": {
      "modified_date": "2012-02-20 16:22:55",
      "is_featured": false,
      "big_icon_href": null,
      "is_deleted": false,
      "file": 359,
      "title": "Some new addon",
      "author": 16,
      "icon_href": null,
      "view_count": 0,
      "is_template": false,
      "content_type": 3,
      "created_date": "2012-02-20 16:21:16",
      "short_description": "",
      "is_public": false,
      "associated_content": null,
      "tags": "",
      "description": ""
    }
  },
  {
    "pk": 354,
    "model": "mycontent.content",
    "fields": {
      "modified_date": "2012-02-20 15:18:59",
      "is_featured": false,
      "big_icon_href": null,
      "is_deleted": false,
      "file": 358,
      "title": "12345678901234567890123456789012345678901234567890123456789012345678901234567890123456789012345678901234567890123456789012345678901234567890123456789012345678901234567890123456789012345678901234567890",
      "author": 333,
      "icon_href": null,
      "view_count": 0,
      "is_template": false,
      "content_type": 3,
      "created_date": "2012-02-20 13:40:13",
      "short_description": "this is example of short description which can be 100 characters long",
      "is_public": false,
      "associated_content": null,
      "tags": "asd",
      "description": "# pogrubienie"
    }
  },
  {
    "pk": 344,
    "model": "mycontent.content",
    "fields": {
      "modified_date": "2012-02-20 13:26:39",
      "is_featured": false,
      "big_icon_href": null,
      "is_deleted": false,
      "file": 343,
      "title": "asd",
      "author": 333,
      "icon_href": null,
      "view_count": 0,
      "is_template": false,
      "content_type": 1,
      "created_date": "2012-02-20 13:26:38",
      "short_description": "",
      "is_public": false,
      "associated_content": null,
      "tags": "",
      "description": ""
    }
  },
  {
    "pk": 312,
    "model": "mycontent.content",
    "fields": {
      "modified_date": "2012-02-20 10:59:47",
      "is_featured": false,
      "big_icon_href": null,
      "is_deleted": false,
      "file": 311,
      "title": "Java",
      "author": 208,
      "icon_href": null,
      "view_count": 0,
      "is_template": false,
      "content_type": 1,
      "created_date": "2012-02-17 16:50:19",
      "short_description": "",
      "is_public": true,
      "associated_content": null,
      "tags": "",
      "description": ""
    }
  },
  {
    "pk": 197,
    "model": "mycontent.content",
    "fields": {
      "modified_date": "2012-02-17 11:27:34",
      "is_featured": false,
      "big_icon_href": null,
      "is_deleted": false,
      "file": 196,
      "title": "adsa",
      "author": 16,
      "icon_href": null,
      "view_count": 0,
      "is_template": false,
      "content_type": 1,
      "created_date": "2012-02-17 11:27:34",
      "short_description": "",
      "is_public": false,
      "associated_content": null,
      "tags": "",
      "description": ""
    }
  },
  {
    "pk": 177,
    "model": "mycontent.content",
    "fields": {
      "modified_date": "2012-02-17 11:27:21",
      "is_featured": false,
      "big_icon_href": null,
      "is_deleted": false,
      "file": 194,
      "title": "test2",
      "author": 16,
      "icon_href": null,
      "view_count": 0,
      "is_template": false,
      "content_type": 3,
      "created_date": "2012-02-15 09:56:30",
      "short_description": "",
      "is_public": true,
      "associated_content": null,
      "tags": "test",
      "description": ""
    }
  },
  {
    "pk": 180,
    "model": "mycontent.content",
    "fields": {
      "modified_date": "2012-02-15 09:56:42",
      "is_featured": false,
      "big_icon_href": null,
      "is_deleted": false,
      "file": 179,
      "title": "test3",
      "author": 16,
      "icon_href": null,
      "view_count": 0,
      "is_template": false,
      "content_type": 3,
      "created_date": "2012-02-15 09:56:42",
      "short_description": "",
      "is_public": true,
      "associated_content": null,
      "tags": "test",
      "description": ""
    }
  },
  {
    "pk": 174,
    "model": "mycontent.content",
    "fields": {
      "modified_date": "2012-02-15 09:56:11",
      "is_featured": false,
      "big_icon_href": null,
      "is_deleted": false,
      "file": 173,
      "title": "test",
      "author": 16,
      "icon_href": null,
      "view_count": 0,
      "is_template": false,
      "content_type": 3,
      "created_date": "2012-02-15 09:56:11",
      "short_description": "",
      "is_public": true,
      "associated_content": null,
      "tags": "test",
      "description": ""
    }
  },
  {
    "pk": 161,
    "model": "mycontent.content",
    "fields": {
      "modified_date": "2012-02-14 12:14:43",
      "is_featured": false,
      "big_icon_href": null,
      "is_deleted": false,
      "file": 169,
      "title": "test",
      "author": 16,
      "icon_href": null,
      "view_count": 0,
      "is_template": false,
      "content_type": 3,
      "created_date": "2012-02-14 11:45:36",
      "short_description": "",
      "is_public": true,
      "associated_content": null,
      "tags": "test",
      "description": ""
    }
  },
  {
    "pk": 152,
    "model": "mycontent.content",
    "fields": {
      "modified_date": "2012-02-14 12:14:37",
      "is_featured": false,
      "big_icon_href": null,
      "is_deleted": false,
      "file": 167,
      "title": "testing",
      "author": 16,
      "icon_href": null,
      "view_count": 18,
      "is_template": true,
      "content_type": 1,
      "created_date": "2012-02-13 12:30:58",
      "short_description": "",
      "is_public": true,
      "associated_content": null,
      "tags": "",
      "description": ""
    }
  },
  {
    "pk": 156,
    "model": "mycontent.content",
    "fields": {
      "modified_date": "2012-02-13 12:31:37",
      "is_featured": false,
      "big_icon_href": null,
      "is_deleted": false,
      "file": 155,
      "title": "asd",
      "author": 16,
      "icon_href": null,
      "view_count": 5,
      "is_template": true,
      "content_type": 2,
      "created_date": "2012-02-13 12:31:37",
      "short_description": "",
      "is_public": true,
      "associated_content": null,
      "tags": "",
      "description": ""
    }
  },
  {
    "pk": 113,
    "model": "mycontent.content",
    "fields": {
      "modified_date": "2012-02-10 11:56:47",
      "is_featured": false,
      "big_icon_href": null,
      "is_deleted": false,
      "file": 112,
      "title": "Java",
      "author": 16,
      "icon_href": null,
      "view_count": 2,
      "is_template": true,
      "content_type": 2,
      "created_date": "2012-02-10 11:55:57",
      "short_description": "",
      "is_public": true,
      "associated_content": null,
      "tags": "java, jee, java corporate",
      "description": ""
    }
  },
  {
    "pk": 116,
    "model": "mycontent.contentspace",
    "fields": {
      "content": 113,
      "is_deleted": false,
      "space": 77
    }
  },
  {
    "pk": 153,
    "model": "mycontent.contentspace",
    "fields": {
      "content": 152,
      "is_deleted": false,
      "space": 77
    }
  },
  {
    "pk": 157,
    "model": "mycontent.contentspace",
    "fields": {
      "content": 156,
      "is_deleted": false,
      "space": 77
    }
  },
  {
    "pk": 162,
    "model": "mycontent.contentspace",
    "fields": {
      "content": 161,
      "is_deleted": false,
      "space": 77
    }
  },
  {
    "pk": 172,
    "model": "mycontent.contentspace",
    "fields": {
      "content": 152,
      "is_deleted": true,
      "space": 171
    }
  },
  {
    "pk": 175,
    "model": "mycontent.contentspace",
    "fields": {
      "content": 174,
      "is_deleted": false,
      "space": 77
    }
  },
  {
    "pk": 178,
    "model": "mycontent.contentspace",
    "fields": {
      "content": 177,
      "is_deleted": false,
      "space": 18
    }
  },
  {
    "pk": 181,
    "model": "mycontent.contentspace",
    "fields": {
      "content": 180,
      "is_deleted": false,
      "space": 77
    }
  },
  {
    "pk": 198,
    "model": "mycontent.contentspace",
    "fields": {
      "content": 197,
      "is_deleted": false,
      "space": 18
    }
  },
  {
    "pk": 323,
    "model": "mycontent.contentspace",
    "fields": {
      "content": 312,
      "is_deleted": false,
      "space": 232
    }
  },
  {
    "pk": 324,
    "model": "mycontent.contentspace",
    "fields": {
      "content": 312,
      "is_deleted": false,
      "space": 259
    }
  },
  {
    "pk": 345,
    "model": "mycontent.contentspace",
    "fields": {
      "content": 344,
      "is_deleted": false,
      "space": 335
    }
  },
  {
    "pk": 355,
    "model": "mycontent.contentspace",
    "fields": {
      "content": 354,
      "is_deleted": false,
      "space": 335
    }
  },
  {
    "pk": 361,
    "model": "mycontent.contentspace",
    "fields": {
      "content": 360,
      "is_deleted": false,
      "space": 18
    }
  },
  {
    "pk": 364,
    "model": "mycontent.contentspace",
    "fields": {
      "content": 363,
      "is_deleted": false,
      "space": 259
    }
  },
  {
    "pk": 367,
    "model": "mycontent.contentspace",
    "fields": {
      "content": 366,
      "is_deleted": false,
      "space": 259
    }
  },
  {
    "pk": 381,
    "model": "mycontent.contentspace",
    "fields": {
      "content": 380,
      "is_deleted": false,
      "space": 256
    }
  },
  {
    "pk": 385,
    "model": "mycontent.contentspace",
    "fields": {
      "content": 384,
      "is_deleted": false,
      "space": 256
    }
  },
  {
    "pk": 388,
    "model": "mycontent.contentspace",
    "fields": {
      "content": 387,
      "is_deleted": false,
      "space": 256
    }
  },
  {
    "pk": 392,
    "model": "mycontent.contentspace",
    "fields": {
      "content": 391,
      "is_deleted": false,
      "space": 256
    }
  },
  {
    "pk": 396,
    "model": "mycontent.contentspace",
    "fields": {
      "content": 395,
      "is_deleted": false,
      "space": 277
    }
  },
  {
    "pk": 399,
    "model": "mycontent.contentspace",
    "fields": {
      "content": 398,
      "is_deleted": false,
      "space": 277
    }
  },
  {
    "pk": 403,
    "model": "mycontent.contentspace",
    "fields": {
      "content": 402,
      "is_deleted": false,
      "space": 289
    }
  },
  {
    "pk": 407,
    "model": "mycontent.contentspace",
    "fields": {
      "content": 406,
      "is_deleted": false,
      "space": 332
    }
  },
  {
    "pk": 410,
    "model": "mycontent.contentspace",
    "fields": {
      "content": 409,
      "is_deleted": false,
      "space": 332
    }
  },
  {
    "pk": 413,
    "model": "mycontent.contentspace",
    "fields": {
      "content": 412,
      "is_deleted": false,
      "space": 289
    }
  },
  {
    "pk": 429,
    "model": "mycontent.contentspace",
    "fields": {
      "content": 406,
      "is_deleted": false,
      "space": 328
    }
  },
  {
    "pk": 430,
    "model": "mycontent.contentspace",
    "fields": {
      "content": 387,
      "is_deleted": false,
      "space": 223
    }
  },
  {
    "pk": 431,
    "model": "mycontent.contentspace",
    "fields": {
      "content": 363,
      "is_deleted": false,
      "space": 223
    }
  },
  {
    "pk": 435,
    "model": "mycontent.contentspace",
    "fields": {
      "content": 434,
      "is_deleted": false,
      "space": 376
    }
  },
  {
    "pk": 436,
    "model": "mycontent.contentspace",
    "fields": {
      "content": 434,
      "is_deleted": false,
      "space": 223
    }
  },
  {
    "pk": 440,
    "model": "mycontent.contentspace",
    "fields": {
      "content": 439,
      "is_deleted": false,
      "space": 256
    }
  },
  {
    "pk": 445,
    "model": "mycontent.contentspace",
    "fields": {
      "content": 370,
      "is_deleted": false,
      "space": 259
    }
  },
  {
    "pk": 446,
    "model": "mycontent.contentspace",
    "fields": {
      "content": 443,
      "is_deleted": false,
      "space": 274
    }
  },
  {
    "pk": 447,
    "model": "mycontent.contentspace",
    "fields": {
      "content": 370,
      "is_deleted": false,
      "space": 223
    }
  },
  {
    "pk": 18,
    "model": "spaces.space",
    "fields": {
      "modified_date": "2012-02-13 13:42:22",
      "right": 4,
      "parent": null,
      "title": "kgebert",
      "rank": 20,
      "top_level": 18,
      "created_date": "2012-02-09 13:06:10",
      "space_type": 1,
      "left": 1,
      "path" : [
      	18
      ]
    }
  },
  {
    "pk": 25,
    "model": "spaces.space",
    "fields": {
      "modified_date": "2012-02-09 13:25:40",
      "right": 2,
      "parent": null,
      "title": "karol",
      "rank": 20,
      "top_level": 25,
      "created_date": "2012-02-09 13:25:40",
      "space_type": 1,
      "left": 1,
      "path" : [
      	25
      ]
    }
  },
  {
    "pk": 77,
    "model": "spaces.space",
    "fields": {
      "modified_date": "2012-02-09 15:56:49",
      "right": 2,
      "parent": null,
      "title": "corpKgbert",
      "rank": 20,
      "top_level": 77,
      "created_date": "2012-02-09 15:56:49",
      "space_type": 3,
      "left": 1,
      "path" : [
      	77
      ]
    }
  },
  {
    "pk": 115,
    "model": "spaces.space",
    "fields": {
      "modified_date": "2012-02-10 11:56:33",
      "right": 3,
      "parent": 18,
      "title": "Programowanie",
      "rank": 20,
      "top_level": 18,
      "created_date": "2012-02-10 11:56:24",
      "space_type": 1,
      "left": 2,
      "path" : [
      	18,
      	115
      ]
    }
  },
  {
    "pk": 117,
    "model": "spaces.space",
    "fields": {
      "modified_date": "2012-02-10 12:52:12",
      "right": 2,
      "parent": null,
      "title": "corpKarol",
      "rank": 20,
      "top_level": 117,
      "created_date": "2012-02-10 12:52:12",
      "space_type": 3,
      "left": 1,
      "path" : [
      	117
      ]
    }
  },
  {
    "pk": 171,
    "model": "spaces.space",
    "fields": {
      "modified_date": "2012-02-14 16:07:52",
      "right": 2,
      "parent": null,
      "title": "Java",
      "rank": 20,
      "top_level": 171,
      "created_date": "2012-02-14 16:07:52",
      "space_type": 2,
      "left": 1,
      "path" : [
      	171
      ]
    }
  },
  {
    "pk": 189,
    "model": "spaces.space",
    "fields": {
      "modified_date": "2012-02-17 10:13:12",
      "right": 2,
      "parent": null,
      "title": "karolgebert",
      "rank": 20,
      "top_level": 189,
      "created_date": "2012-02-17 10:13:12",
      "space_type": 1,
      "left": 1,
      "path" : [
      	189
      ]
    }
  },
  {
    "pk": 223,
    "model": "spaces.space",
    "fields": {
      "modified_date": "2012-02-17 16:15:19",
      "right": 10,
      "parent": null,
      "title": "Solwit Public",
      "rank": 20,
      "top_level": 223,
      "created_date": "2012-02-17 16:13:15",
      "space_type": 2,
      "left": 1,
      "path" : [
      	223
      ]
    }
  },
  {
    "pk": 226,
    "model": "spaces.space",
    "fields": {
      "modified_date": "2012-02-17 16:15:19",
      "right": 7,
      "parent": 223,
      "title": "Solwit IT Public",
      "rank": 20,
      "top_level": 223,
      "created_date": "2012-02-17 16:13:39",
      "space_type": 2,
      "left": 2,
      "path" : [
      	223,
      	226
      ]
    }
  },
  {
    "pk": 229,
    "model": "spaces.space",
    "fields": {
      "modified_date": "2012-02-17 16:15:19",
      "right": 9,
      "parent": 223,
      "title": "Solwit HR Public",
      "rank": 20,
      "top_level": 223,
      "created_date": "2012-02-17 16:13:59",
      "space_type": 2,
      "left": 8,
      "path" : [
      	223,
      	229
      ]
    }
  },
  {
    "pk": 232,
    "model": "spaces.space",
    "fields": {
      "modified_date": "2012-02-17 16:14:44",
      "right": 4,
      "parent": 226,
      "title": "IT Programowanie",
      "rank": 20,
      "top_level": 223,
      "created_date": "2012-02-17 16:14:44",
      "space_type": 2,
      "left": 3,
      "path" : [
      	223,
      	226,
      	232
      ]
    }
  },
  {
    "pk": 235,
    "model": "spaces.space",
    "fields": {
      "modified_date": "2012-02-17 16:15:19",
      "right": 6,
      "parent": 226,
      "title": "IT Administracja",
      "rank": 20,
      "top_level": 223,
      "created_date": "2012-02-17 16:15:19",
      "space_type": 2,
      "left": 5,
      "path": [
      	223,
      	226,
      	235
      ]
    }
  },
  {
    "pk": 253,
    "model": "spaces.space",
    "fields": {
      "modified_date": "2012-02-24 16:52:56",
      "right": 14,
      "parent": null,
      "title": "Solwit",
      "rank": 20,
      "top_level": 253,
      "created_date": "2012-02-17 16:24:48",
      "space_type": 3,
      "left": 1,
      "path" : [
      	253
      ]
    }
  },
  {
    "pk": 256,
    "model": "spaces.space",
    "fields": {
      "modified_date": "2012-02-24 16:52:56",
      "right": 7,
      "parent": 253,
      "title": "Solwit IT",
      "rank": 20,
      "top_level": 253,
      "created_date": "2012-02-17 16:25:03",
      "space_type": 3,
      "left": 2,
      "path" : [
      	253,
      	256
      ]
    }
  },
  {
    "pk": 259,
    "model": "spaces.space",
    "fields": {
      "modified_date": "2012-02-24 16:52:56",
      "right": 9,
      "parent": 253,
      "title": "Solwit HR",
      "rank": 20,
      "top_level": 253,
      "created_date": "2012-02-17 16:25:28",
      "space_type": 3,
      "left": 8,
      "path" : [
      	253,
      	259
      ]
    }
  },
  {
    "pk": 274,
    "model": "spaces.space",
    "fields": {
      "modified_date": "2012-02-17 16:29:49",
      "right": 2,
      "parent": null,
      "title": "owner1",
      "rank": 20,
      "top_level": 274,
      "created_date": "2012-02-17 16:29:49",
      "space_type": 1,
      "left": 1,
      "path": [
      	274
      ]
    }
  },
  {
    "pk": 277,
    "model": "spaces.space",
    "fields": {
      "modified_date": "2012-02-17 16:30:01",
      "right": 2,
      "parent": null,
      "title": "owner2",
      "rank": 20,
      "top_level": 277,
      "created_date": "2012-02-17 16:30:01",
      "space_type": 1,
      "left": 1,
      "path": [
      	277
      ]
    }
  },
  {
    "pk": 280,
    "model": "spaces.space",
    "fields": {
      "modified_date": "2012-02-17 16:30:12",
      "right": 2,
      "parent": null,
      "title": "owner3",
      "rank": 20,
      "top_level": 280,
      "created_date": "2012-02-17 16:30:12",
      "space_type": 1,
      "left": 1,
      "path" : [
      	280
      ]
    }
  },
  {
    "pk": 283,
    "model": "spaces.space",
    "fields": {
      "modified_date": "2012-02-17 16:30:20",
      "right": 2,
      "parent": null,
      "title": "read",
      "rank": 20,
      "top_level": 283,
      "created_date": "2012-02-17 16:30:20",
      "space_type": 1,
      "left": 1,
      "path" : [
      	283
      ]
    }
  },
  {
    "pk": 286,
    "model": "spaces.space",
    "fields": {
      "modified_date": "2012-02-17 16:30:33",
      "right": 2,
      "parent": null,
      "title": "write",
      "rank": 20,
      "top_level": 286,
      "created_date": "2012-02-17 16:30:33",
      "space_type": 1,
      "left": 1,
      "path": [
      	286
      ]
    }
  },
  {
    "pk": 289,
    "model": "spaces.space",
    "fields": {
      "modified_date": "2012-02-17 16:30:42",
      "right": 2,
      "parent": null,
      "title": "user",
      "rank": 20,
      "top_level": 289,
      "created_date": "2012-02-17 16:30:42",
      "space_type": 1,
      "left": 1,
      "path": [
      	289
      ]
    }
  },
  {
    "pk": 327,
    "model": "spaces.space",
    "fields": {
      "modified_date": "2012-02-20 12:17:12",
      "right": 4,
      "parent": null,
      "title": "User Company",
      "rank": 20,
      "top_level": 327,
      "created_date": "2012-02-20 12:16:16",
      "space_type": 3,
      "left": 1,
      "path": [
      	327
      ]
    }
  },
  {
    "pk": 328,
    "model": "spaces.space",
    "fields": {
      "modified_date": "2012-02-20 12:16:59",
      "right": 4,
      "parent": null,
      "title": "User Company Public",
      "rank": 20,
      "top_level": 328,
      "created_date": "2012-02-20 12:16:16",
      "space_type": 2,
      "left": 1,
      "path": [
      	328
      ]
    }
  },
  {
    "pk": 331,
    "model": "spaces.space",
    "fields": {
      "modified_date": "2012-02-20 12:16:59",
      "right": 3,
      "parent": 328,
      "title": "Publiczna usera",
      "rank": 20,
      "top_level": 328,
      "created_date": "2012-02-20 12:16:59",
      "space_type": 2,
      "left": 2,
      "path": [
      	328,
      	331
      ]
    }
  },
  {
    "pk": 332,
    "model": "spaces.space",
    "fields": {
      "modified_date": "2012-02-20 12:17:12",
      "right": 3,
      "parent": 327,
      "title": "Dzia\u0142 1",
      "rank": 20,
      "top_level": 327,
      "created_date": "2012-02-20 12:17:12",
      "space_type": 3,
      "left": 2,
      "path": [
      	327,
      	332
      ]
    }
  },
  {
    "pk": 335,
    "model": "spaces.space",
    "fields": {
      "modified_date": "2012-02-20 12:41:01",
      "right": 2,
      "parent": null,
      "title": "user2",
      "rank": 20,
      "top_level": 335,
      "created_date": "2012-02-20 12:41:01",
      "space_type": 1,
      "left": 1,
      "path": [
      	335
      ]
    }
  },
  {
    "pk": 338,
    "model": "spaces.space",
    "fields": {
      "modified_date": "2012-02-20 13:18:33",
      "right": 2,
      "parent": null,
      "title": "User2 Company",
      "rank": 20,
      "top_level": 338,
      "created_date": "2012-02-20 13:18:33",
      "space_type": 3,
      "left": 1,
      "path": [
      	338
      ]
    }
  },
  {
    "pk": 339,
    "model": "spaces.space",
    "fields": {
      "modified_date": "2012-02-20 13:18:33",
      "right": 2,
      "parent": null,
      "title": "User2 Company Public",
      "rank": 20,
      "top_level": 339,
      "created_date": "2012-02-20 13:18:33",
      "space_type": 2,
      "left": 1,
      "path": [
      	339
      ]
    }
  },
  {
    "pk": 376,
    "model": "spaces.space",
    "fields": {
      "modified_date": "2012-02-24 16:52:56",
      "right": 13,
      "parent": 253,
      "title": "Solwit Administracja",
      "rank": 20,
      "top_level": 253,
      "created_date": "2012-02-21 10:13:16",
      "space_type": 3,
      "left": 10,
      "path": [
      	253,
      	376
      ]
    }
  },
  {
    "pk": 377,
    "model": "spaces.space",
    "fields": {
      "modified_date": "2012-02-24 16:52:56",
      "right": 12,
      "parent": 376,
      "title": "Solwit Sie",
      "rank": 20,
      "top_level": 253,
      "created_date": "2012-02-21 10:14:29",
      "space_type": 3,
      "left": 11,
      "path": [
      	253,
      	376,
      	377
      ]
    }
  },
  {
    "pk": 449,
    "model": "spaces.space",
    "fields": {
      "modified_date": "2012-02-24 16:52:48",
      "right": 4,
      "parent": 256,
      "title": "Project 1",
      "rank": 20,
      "top_level": 253,
      "created_date": "2012-02-24 16:52:48",
      "space_type": 3,
      "left": 3,
      "path": [
      	253,
      	256,
      	229
      ]
    }
  },
  {
    "pk": 450,
    "model": "spaces.space",
    "fields": {
      "modified_date": "2012-02-24 16:52:56",
      "right": 6,
      "parent": 256,
      "title": "Project 2",
      "rank": 20,
      "top_level": 253,
      "created_date": "2012-02-24 16:52:56",
      "space_type": 3,
      "left": 5,
      "path": [
      	253,
      	256,
      	450
      ]
    }
  },
  {
    "pk": 22,
    "model": "spaces.spaceaccess",
    "fields": {
      "modified_date": "2012-02-09 13:06:25",
      "is_deleted": false,
      "space": 18,
      "user": 16,
      "created_date": "2012-02-09 13:06:25",
      "access_right": 3
    }
  },
  {
    "pk": 999,
    "model": "spaces.spaceaccess",
    "fields": {
      "modified_date": "2012-02-09 13:06:25",
      "is_deleted": false,
      "space": 377,
      "user": 205,
      "created_date": "2012-02-09 13:06:25",
      "access_right": 3
    }
  },
  {
    "pk": 998,
    "model": "spaces.spaceaccess",
    "fields": {
      "modified_date": "2012-02-09 13:06:25",
      "is_deleted": false,
      "space": 376,
      "user": 205,
      "created_date": "2012-02-09 13:06:25",
      "access_right": 3
    }
  },
  {
    "pk": 30,
    "model": "spaces.spaceaccess",
    "fields": {
      "modified_date": "2012-02-09 13:26:05",
      "is_deleted": false,
      "space": 25,
      "user": 24,
      "created_date": "2012-02-09 13:26:05",
      "access_right": 3
    }
  },
  {
    "pk": 120,
    "model": "spaces.spaceaccess",
    "fields": {
      "modified_date": "2012-02-10 12:52:30",
      "is_deleted": false,
      "space": 117,
      "user": 24,
      "created_date": "2012-02-10 12:52:30",
      "access_right": 1
    }
  },
  {
    "pk": 190,
    "model": "spaces.spaceaccess",
    "fields": {
      "modified_date": "2012-02-17 10:13:12",
      "is_deleted": false,
      "space": 189,
      "user": 187,
      "created_date": "2012-02-17 10:13:12",
      "access_right": 3
    }
  },
  {
    "pk": 238,
    "model": "spaces.spaceaccess",
    "fields": {
      "modified_date": "2012-02-17 16:29:19",
      "is_deleted": false,
      "space": 253,
      "user": 205,
      "created_date": "2012-02-17 16:15:41",
      "access_right": 3
    }
  },
  {
    "pk": 241,
    "model": "spaces.spaceaccess",
    "fields": {
      "modified_date": "2012-02-17 16:28:47",
      "is_deleted": false,
      "space": 256,
      "user": 208,
      "created_date": "2012-02-17 16:15:57",
      "access_right": 3
    }
  },
  {
    "pk": 244,
    "model": "spaces.spaceaccess",
    "fields": {
      "modified_date": "2012-02-17 16:28:27",
      "is_deleted": false,
      "space": 259,
      "user": 211,
      "created_date": "2012-02-17 16:16:06",
      "access_right": 3
    }
  },
  {
    "pk": 247,
    "model": "spaces.spaceaccess",
    "fields": {
      "modified_date": "2012-02-17 16:27:59",
      "is_deleted": false,
      "space": 256,
      "user": 214,
      "created_date": "2012-02-17 16:16:41",
      "access_right": 1
    }
  },
  {
    "pk": 250,
    "model": "spaces.spaceaccess",
    "fields": {
      "modified_date": "2012-02-17 16:26:17",
      "is_deleted": false,
      "space": 259,
      "user": 217,
      "created_date": "2012-02-17 16:17:24",
      "access_right": 2
    }
  },
  {
    "pk": 292,
    "model": "spaces.spaceaccess",
    "fields": {
      "modified_date": "2012-02-17 16:36:50",
      "is_deleted": false,
      "space": 274,
      "user": 205,
      "created_date": "2012-02-17 16:36:50",
      "access_right": 3
    }
  },
  {
    "pk": 295,
    "model": "spaces.spaceaccess",
    "fields": {
      "modified_date": "2012-02-17 16:36:59",
      "is_deleted": false,
      "space": 277,
      "user": 208,
      "created_date": "2012-02-17 16:36:59",
      "access_right": 3
    }
  },
  {
    "pk": 298,
    "model": "spaces.spaceaccess",
    "fields": {
      "modified_date": "2012-02-17 16:37:07",
      "is_deleted": false,
      "space": 280,
      "user": 211,
      "created_date": "2012-02-17 16:37:07",
      "access_right": 3
    }
  },
  {
    "pk": 301,
    "model": "spaces.spaceaccess",
    "fields": {
      "modified_date": "2012-02-17 16:37:15",
      "is_deleted": false,
      "space": 283,
      "user": 214,
      "created_date": "2012-02-17 16:37:15",
      "access_right": 3
    }
  },
  {
    "pk": 304,
    "model": "spaces.spaceaccess",
    "fields": {
      "modified_date": "2012-02-17 16:37:25",
      "is_deleted": false,
      "space": 286,
      "user": 217,
      "created_date": "2012-02-17 16:37:25",
      "access_right": 3
    }
  },
  {
    "pk": 307,
    "model": "spaces.spaceaccess",
    "fields": {
      "modified_date": "2012-02-17 16:37:34",
      "is_deleted": false,
      "space": 289,
      "user": 220,
      "created_date": "2012-02-17 16:37:34",
      "access_right": 3
    }
  },
  {
    "pk": 315,
    "model": "spaces.spaceaccess",
    "fields": {
      "modified_date": "2012-02-20 09:43:35",
      "is_deleted": false,
      "space": 223,
      "user": 205,
      "created_date": "2012-02-20 09:43:35",
      "access_right": 3
    }
  },
  {
    "pk": 329,
    "model": "spaces.spaceaccess",
    "fields": {
      "modified_date": "2012-02-20 12:16:16",
      "is_deleted": false,
      "space": 327,
      "user": 220,
      "created_date": "2012-02-20 12:16:16",
      "access_right": 3
    }
  },
  {
    "pk": 336,
    "model": "spaces.spaceaccess",
    "fields": {
      "modified_date": "2012-02-20 12:41:01",
      "is_deleted": false,
      "space": 335,
      "user": 333,
      "created_date": "2012-02-20 12:41:01",
      "access_right": 3
    }
  },
  {
    "pk": 340,
    "model": "spaces.spaceaccess",
    "fields": {
      "modified_date": "2012-02-20 13:18:33",
      "is_deleted": false,
      "space": 338,
      "user": 333,
      "created_date": "2012-02-20 13:18:33",
      "access_right": 3
    }
  },
  {
    "pk": 111,
    "model": "filestorage.filestorage",
    "fields": {
      "modified_date": "2012-02-10 11:55:57",
      "history_for": null,
      "version": null,
      "content_type": "text/xml",
      "created_date": "2012-02-10 11:55:57",
      "owner": 16,
      "contents": "<?xml version='1.0' encoding='UTF-8' ?> \n\n<page>\n\t<modules> \n\t\n\t\t<textModule id=\"Title\" left=\"5\" top=\"3\" width=\"90\" height=\"7\" style=\"\">\n\t\t\t<text>&lt;div style=&quot;text-align: center;&quot;&gt;Title&lt;/div&gt;</text>\n\t\t</textModule>\t\n\t\t<buttonModule id=\"PrevPage\" left=\"0\" top=\"90\" width=\"10\" height=\"10\" style=\"\">\n\t\t\t<button type=\"prevPage\" text=\"\"/>\n\t\t</buttonModule>\n\t\t<buttonModule id=\"NextPage\" left=\"90\" top=\"90\" width=\"10\" height=\"10\" style=\"\">\n\t\t\t<button type=\"nextPage\" text=\"\"/>\n\t\t</buttonModule>\n    </modules> \n</page>\n"
    }
  },
  {
    "pk": 112,
    "model": "filestorage.filestorage",
    "fields": {
      "modified_date": "2012-02-10 11:55:57",
      "history_for": 113,
      "version": 1,
      "content_type": "text/xml",
      "created_date": "2012-02-10 11:55:57",
      "owner": 16,
      "contents": "<?xml version='1.0' encoding='UTF-8' ?>\n<interactiveContent>\n\n\t<style href=\"/media/content/styles/default/content.css\"/>\n\t\n\t<pages>\n    \t<page name='page 1' href='111'/> \n    </pages>\n</interactiveContent>"
    }
  },
  {
    "pk": 150,
    "model": "filestorage.filestorage",
    "fields": {
      "modified_date": "2012-02-13 12:30:58",
      "history_for": null,
      "version": null,
      "content_type": "text/xml",
      "created_date": "2012-02-13 12:30:58",
      "owner": 16,
      "contents": "<?xml version='1.0' encoding='UTF-8' ?> \n\n<page>\n\t<modules> \n\t\n\t\t<textModule id=\"Title\" left=\"5\" top=\"3\" width=\"90\" height=\"7\" style=\"\">\n\t\t\t<text>&lt;div style=&quot;text-align: center;&quot;&gt;Title&lt;/div&gt;</text>\n\t\t</textModule>\t\n\t\t<buttonModule id=\"PrevPage\" left=\"0\" top=\"90\" width=\"10\" height=\"10\" style=\"\">\n\t\t\t<button type=\"prevPage\" text=\"\"/>\n\t\t</buttonModule>\n\t\t<buttonModule id=\"NextPage\" left=\"90\" top=\"90\" width=\"10\" height=\"10\" style=\"\">\n\t\t\t<button type=\"nextPage\" text=\"\"/>\n\t\t</buttonModule>\n    </modules> \n</page>\n"
    }
  },
  {
    "pk": 151,
    "model": "filestorage.filestorage",
    "fields": {
      "modified_date": "2012-02-13 12:30:58",
      "history_for": 152,
      "version": 1,
      "content_type": "text/xml",
      "created_date": "2012-02-13 12:30:58",
      "owner": 16,
      "contents": "<?xml version='1.0' encoding='UTF-8' ?>\n<interactiveContent>\n\n\t<style href=\"/media/content/styles/default/content.css\"/>\n\t\n\t<pages>\n    \t<page name='page 1' href='150'/> \n    </pages>\n</interactiveContent>"
    }
  },
  {
    "pk": 154,
    "model": "filestorage.filestorage",
    "fields": {
      "modified_date": "2012-02-13 12:31:37",
      "history_for": null,
      "version": null,
      "content_type": "text/xml",
      "created_date": "2012-02-13 12:31:37",
      "owner": 16,
      "contents": "<?xml version='1.0' encoding='UTF-8' ?> \n\n<page>\n\t<modules> \n\t\n\t\t<textModule id=\"Title\" left=\"5\" top=\"3\" width=\"90\" height=\"7\" style=\"\">\n\t\t\t<text>&lt;div style=&quot;text-align: center;&quot;&gt;Title&lt;/div&gt;</text>\n\t\t</textModule>\t\n\t\t<buttonModule id=\"PrevPage\" left=\"0\" top=\"90\" width=\"10\" height=\"10\" style=\"\">\n\t\t\t<button type=\"prevPage\" text=\"\"/>\n\t\t</buttonModule>\n\t\t<buttonModule id=\"NextPage\" left=\"90\" top=\"90\" width=\"10\" height=\"10\" style=\"\">\n\t\t\t<button type=\"nextPage\" text=\"\"/>\n\t\t</buttonModule>\n    </modules> \n</page>\n"
    }
  },
  {
    "pk": 155,
    "model": "filestorage.filestorage",
    "fields": {
      "modified_date": "2012-02-13 12:31:37",
      "history_for": 156,
      "version": 1,
      "content_type": "text/xml",
      "created_date": "2012-02-13 12:31:37",
      "owner": 16,
      "contents": "<?xml version='1.0' encoding='UTF-8' ?>\n<interactiveContent>\n\n\t<style href=\"/media/content/styles/default/content.css\"/>\n\t\n\t<pages>\n    \t<page name='page 1' href='154'/> \n    </pages>\n</interactiveContent>"
    }
  },
  {
    "pk": 160,
    "model": "filestorage.filestorage",
    "fields": {
      "modified_date": "2012-02-14 11:45:36",
      "history_for": 161,
      "version": 1,
      "content_type": "text/xml",
      "created_date": "2012-02-14 11:45:36",
      "owner": 16,
      "contents": "<?xml version=\"1.0\" encoding=\"UTF-8\" ?> \n<addon id=\"161\">\n\n\t<metadata>\n\t\t<title>Hello world Addon</title>\n\t\t<description>\n\t\t\tEnter addon description here\n\t\t</description>\n\t</metadata>\n\t\n\t<model>\n\t\t<property name=\"Text\" type=\"string\"/>\n\t</model>\n\t\n\t<view>\n\t\t&lt;p&gt;test&lt;/p&gt;\n\t</view>\n\t\n\t<preview>\n\t\t&lt;p&gt;Addon 161&lt;/p&gt;\n\t</preview>\n\t\n\t<presenter>\n\t\tfunction Addon161_create(){\n\t\t\t\n\t\t\tvar presenter = function(){}\n\n\t\t\tvar element;\n\t\t\t\n\t\t\tpresenter.run = function(view, model){\n\t\t\t\t\n\t\t\t\telement = view.getElementsByTagName('p')[0];\n\t\t\t\telement.innerHTML = model['Text'];\n\t\t\t}\n\n\t\t\tpresenter.setShowErrorsMode = function(){\n\t\t\t\telement.innerHTML = 'setShowErrorsMode';\n\t\t\t}\n\t\t\t\n\t\t\tpresenter.setWorkMode = function(){\n\t\t\t\telement.innerHTML = 'setWorkMode';\n\t\t\t}\n\t\t\t\n\t\t\tpresenter.reset = function(){\n\t\t\t\telement.innerHTML = 'Reset';\n\t\t\t}\n\t\t\t\n\t\t\tpresenter.getErrorCount = function(){\n\t\t\t\treturn 7;\n\t\t\t}\n\t\t\t\n\t\t\tpresenter.getMaxScore = function(){\n\t\t\t\treturn 3;\n\t\t\t}\n\t\t\t\n\t\t\tpresenter.getScore = function(){\n\t\t\t\treturn 1;\n\t\t\t}\n\t\t\t\n\t\t\tpresenter.getState = function(){\n\t\t\t\telement.innerHTML = 'Get state';\n\t\t\t\treturn \"State saved\";\n\t\t\t}\n\n\t\t\tpresenter.setState = function(state){\n\t\t\t\telement.innerHTML = 'Set state';\n\t\t\t}\n\n\t\t\treturn presenter;\n\t\t}\n\t\t\n\t</presenter>\n\t\n</addon>\n"
    }
  },
  {
    "pk": 163,
    "model": "filestorage.filestorage",
    "fields": {
      "modified_date": "2012-02-14 12:13:49",
      "history_for": 161,
      "version": 2,
      "content_type": "text/xml",
      "created_date": "2012-02-14 12:13:49",
      "owner": 16,
      "contents": "<?xml version=\"1.0\" encoding=\"UTF-8\" ?> \n<addon id=\"161\">\n\n\t<metadata>\n\t\t<title>Hello world Addon</title>\n\t\t<description>\n\t\t\tEnter addon description here\n\t\t</description>\n\t</metadata>\n\t\n\t<model>\n\t\t<property name=\"Text\" type=\"string\"/>\n\t</model>\n\t\n\t<view>\n\t\t&lt;p&gt;test&lt;/p&gt;\n\t</view>\n\t\n\t<preview>\n\t\t&lt;p&gt;Addon 161&lt;/p&gt;\n\t</preview>\n\t\n\t<presenter>\n\t\tfunction Addon161_create(){\n\t\t\t\n\t\t\tvar presenter = function(){}\n\n\t\t\tvar element;\n\t\t\t\n\t\t\tpresenter.run = function(view, model){\n\t\t\t\t\n\t\t\t\telement = view.getElementsByTagName('p')[0];\n\t\t\t\telement.innerHTML = model['Text'];\n\t\t\t}\n\n\t\t\tpresenter.setShowErrorsMode = function(){\n\t\t\t\telement.innerHTML = 'setShowErrorsMode';\n\t\t\t}\n\t\t\t\n\t\t\tpresenter.setWorkMode = function(){\n\t\t\t\telement.innerHTML = 'setWorkMode';\n\t\t\t}\n\t\t\t\n\t\t\tpresenter.reset = function(){\n\t\t\t\telement.innerHTML = 'Reset';\n\t\t\t}\n\t\t\t\n\t\t\tpresenter.getErrorCount = function(){\n\t\t\t\treturn 7;\n\t\t\t}\n\t\t\t\n\t\t\tpresenter.getMaxScore = function(){\n\t\t\t\treturn 3;\n\t\t\t}\n\t\t\t\n\t\t\tpresenter.getScore = function(){\n\t\t\t\treturn 1;\n\t\t\t}\n\t\t\t\n\t\t\tpresenter.getState = function(){\n\t\t\t\telement.innerHTML = 'Get state';\n\t\t\t\treturn \"State saved\";\n\t\t\t}\n\n\t\t\tpresenter.setState = function(state){\n\t\t\t\telement.innerHTML = 'Set state';\n\t\t\t}\n\n\t\t\treturn presenter;\n\t\t}\n\t\t\n\t</presenter>\n\t\n</addon>\n"
    }
  },
  {
    "pk": 164,
    "model": "filestorage.filestorage",
    "fields": {
      "modified_date": "2012-02-14 12:14:04",
      "history_for": 161,
      "version": 3,
      "content_type": "text/xml",
      "created_date": "2012-02-14 12:14:04",
      "owner": 16,
      "contents": "<?xml version=\"1.0\" encoding=\"UTF-8\" ?> \n<addon id=\"161\">\n\n\t<metadata>\n\t\t<title>Hello world Addon</title>\n\t\t<description>\n\t\t\tEnter addon description here\n\t\t</description>\n\t</metadata>\n\t\n\t<model>\n\t\t<property name=\"Text\" type=\"string\"/>\n\t</model>\n\t\n\t<view>\n\t\t&lt;p&gt;test&lt;/p&gt;\n\t</view>\n\t\n\t<preview>\n\t\t&lt;p&gt;Addon 161&lt;/p&gt;\n\t</preview>\n\t\n\t<presenter>\n\t\tfunction Addon161_create(){\n\t\t\t\n\t\t\tvar presenter = function(){}\n\n\t\t\tvar element;\n\t\t\t\n\t\t\tpresenter.run = function(view, model){\n\t\t\t\t\n\t\t\t\telement = view.getElementsByTagName('p')[0];\n\t\t\t\telement.innerHTML = model['Text'];\n\t\t\t}\n\n\t\t\tpresenter.setShowErrorsMode = function(){\n\t\t\t\telement.innerHTML = 'setShowErrorsMode';\n\t\t\t}\n\t\t\t\n\t\t\tpresenter.setWorkMode = function(){\n\t\t\t\telement.innerHTML = 'setWorkMode';\n\t\t\t}\n\t\t\t\n\t\t\tpresenter.reset = function(){\n\t\t\t\telement.innerHTML = 'Reset';\n\t\t\t}\n\t\t\t\n\t\t\tpresenter.getErrorCount = function(){\n\t\t\t\treturn 7;\n\t\t\t}\n\t\t\t\n\t\t\tpresenter.getMaxScore = function(){\n\t\t\t\treturn 3;\n\t\t\t}\n\t\t\t\n\t\t\tpresenter.getScore = function(){\n\t\t\t\treturn 1;\n\t\t\t}\n\t\t\t\n\t\t\tpresenter.getState = function(){\n\t\t\t\telement.innerHTML = 'Get state';\n\t\t\t\treturn \"State saved\";\n\t\t\t}\n\n\t\t\tpresenter.setState = function(state){\n\t\t\t\telement.innerHTML = 'Set state';\n\t\t\t}\n\n\t\t\treturn presenter;\n\t\t}\n\t\t\n\t</presenter>\n\t\n</addon>\n"
    }
  },
  {
    "pk": 165,
    "model": "filestorage.filestorage",
    "fields": {
      "modified_date": "2012-02-14 12:14:21",
      "history_for": 152,
      "version": 2,
      "content_type": "text/xml",
      "created_date": "2012-02-14 12:14:21",
      "owner": 16,
      "contents": "<?xml version=\"1.0\" encoding=\"utf-8\"?><interactiveContent>\n\n\t<style href=\"/media/content/styles/default/content.css\"/>\n\t\n\t<pages>\n    \t<page href=\"166\" name=\"page 1\"/> \n    </pages>\n</interactiveContent>"
    }
  },
  {
    "pk": 166,
    "model": "filestorage.filestorage",
    "fields": {
      "modified_date": "2012-02-14 12:14:21",
      "history_for": null,
      "version": null,
      "content_type": "text/xml",
      "created_date": "2012-02-14 12:14:21",
      "owner": 16,
      "contents": "<?xml version='1.0' encoding='UTF-8' ?> \n\n<page>\n\t<modules> \n\t\n\t\t<textModule id=\"Title\" left=\"5\" top=\"3\" width=\"90\" height=\"7\" style=\"\">\n\t\t\t<text>&lt;div style=&quot;text-align: center;&quot;&gt;Title&lt;/div&gt;</text>\n\t\t</textModule>\t\n\t\t<buttonModule id=\"PrevPage\" left=\"0\" top=\"90\" width=\"10\" height=\"10\" style=\"\">\n\t\t\t<button type=\"prevPage\" text=\"\"/>\n\t\t</buttonModule>\n\t\t<buttonModule id=\"NextPage\" left=\"90\" top=\"90\" width=\"10\" height=\"10\" style=\"\">\n\t\t\t<button type=\"nextPage\" text=\"\"/>\n\t\t</buttonModule>\n    </modules> \n</page>\n"
    }
  },
  {
    "pk": 167,
    "model": "filestorage.filestorage",
    "fields": {
      "modified_date": "2012-02-14 12:14:37",
      "history_for": 152,
      "version": 3,
      "content_type": "text/xml",
      "created_date": "2012-02-14 12:14:37",
      "owner": 16,
      "contents": "<?xml version=\"1.0\" encoding=\"utf-8\"?><interactiveContent>\n\n\t<style href=\"/media/content/styles/default/content.css\"/>\n\t\n\t<pages>\n    \t<page href=\"168\" name=\"page 1\"/> \n    </pages>\n</interactiveContent>"
    }
  },
  {
    "pk": 168,
    "model": "filestorage.filestorage",
    "fields": {
      "modified_date": "2012-02-14 12:14:37",
      "history_for": null,
      "version": null,
      "content_type": "text/xml",
      "created_date": "2012-02-14 12:14:37",
      "owner": 16,
      "contents": "<?xml version='1.0' encoding='UTF-8' ?> \n\n<page>\n\t<modules> \n\t\n\t\t<textModule id=\"Title\" left=\"5\" top=\"3\" width=\"90\" height=\"7\" style=\"\">\n\t\t\t<text>&lt;div style=&quot;text-align: center;&quot;&gt;Title&lt;/div&gt;</text>\n\t\t</textModule>\t\n\t\t<buttonModule id=\"PrevPage\" left=\"0\" top=\"90\" width=\"10\" height=\"10\" style=\"\">\n\t\t\t<button type=\"prevPage\" text=\"\"/>\n\t\t</buttonModule>\n\t\t<buttonModule id=\"NextPage\" left=\"90\" top=\"90\" width=\"10\" height=\"10\" style=\"\">\n\t\t\t<button type=\"nextPage\" text=\"\"/>\n\t\t</buttonModule>\n    </modules> \n</page>\n"
    }
  },
  {
    "pk": 169,
    "model": "filestorage.filestorage",
    "fields": {
      "modified_date": "2012-02-14 12:14:43",
      "history_for": 161,
      "version": 4,
      "content_type": "text/xml",
      "created_date": "2012-02-14 12:14:43",
      "owner": 16,
      "contents": "<?xml version=\"1.0\" encoding=\"UTF-8\" ?> \n<addon id=\"161\">\n\n\t<metadata>\n\t\t<title>Hello world Addon</title>\n\t\t<description>\n\t\t\tEnter addon description here\n\t\t</description>\n\t</metadata>\n\t\n\t<model>\n\t\t<property name=\"Text\" type=\"string\"/>\n\t</model>\n\t\n\t<view>\n\t\t&lt;p&gt;test&lt;/p&gt;\n\t</view>\n\t\n\t<preview>\n\t\t&lt;p&gt;Addon 161&lt;/p&gt;\n\t</preview>\n\t\n\t<presenter>\n\t\tfunction Addon161_create(){\n\t\t\t\n\t\t\tvar presenter = function(){}\n\n\t\t\tvar element;\n\t\t\t\n\t\t\tpresenter.run = function(view, model){\n\t\t\t\t\n\t\t\t\telement = view.getElementsByTagName('p')[0];\n\t\t\t\telement.innerHTML = model['Text'];\n\t\t\t}\n\n\t\t\tpresenter.setShowErrorsMode = function(){\n\t\t\t\telement.innerHTML = 'setShowErrorsMode';\n\t\t\t}\n\t\t\t\n\t\t\tpresenter.setWorkMode = function(){\n\t\t\t\telement.innerHTML = 'setWorkMode';\n\t\t\t}\n\t\t\t\n\t\t\tpresenter.reset = function(){\n\t\t\t\telement.innerHTML = 'Reset';\n\t\t\t}\n\t\t\t\n\t\t\tpresenter.getErrorCount = function(){\n\t\t\t\treturn 7;\n\t\t\t}\n\t\t\t\n\t\t\tpresenter.getMaxScore = function(){\n\t\t\t\treturn 3;\n\t\t\t}\n\t\t\t\n\t\t\tpresenter.getScore = function(){\n\t\t\t\treturn 1;\n\t\t\t}\n\t\t\t\n\t\t\tpresenter.getState = function(){\n\t\t\t\telement.innerHTML = 'Get state';\n\t\t\t\treturn \"State saved\";\n\t\t\t}\n\n\t\t\tpresenter.setState = function(state){\n\t\t\t\telement.innerHTML = 'Set state';\n\t\t\t}\n\n\t\t\treturn presenter;\n\t\t}\n\t\t\n\t</presenter>\n\t\n</addon>\n"
    }
  },
  {
    "pk": 173,
    "model": "filestorage.filestorage",
    "fields": {
      "modified_date": "2012-02-15 09:56:11",
      "history_for": 174,
      "version": 1,
      "content_type": "text/xml",
      "created_date": "2012-02-15 09:56:11",
      "owner": 16,
      "contents": "<?xml version=\"1.0\" encoding=\"UTF-8\" ?> \n<addon id=\"174\">\n\n\t<metadata>\n\t\t<title>Hello world Addon</title>\n\t\t<description>\n\t\t\tEnter addon description here\n\t\t</description>\n\t</metadata>\n\t\n\t<model>\n\t\t<property name=\"Text\" type=\"string\"/>\n\t</model>\n\t\n\t<view>\n\t\t&lt;p&gt;test&lt;/p&gt;\n\t</view>\n\t\n\t<preview>\n\t\t&lt;p&gt;Addon 174&lt;/p&gt;\n\t</preview>\n\t\n\t<presenter>\n\t\tfunction Addon174_create(){\n\t\t\t\n\t\t\tvar presenter = function(){}\n\n\t\t\tvar element;\n\t\t\t\n\t\t\tpresenter.run = function(view, model){\n\t\t\t\t\n\t\t\t\telement = view.getElementsByTagName('p')[0];\n\t\t\t\telement.innerHTML = model['Text'];\n\t\t\t}\n\n\t\t\tpresenter.setShowErrorsMode = function(){\n\t\t\t\telement.innerHTML = 'setShowErrorsMode';\n\t\t\t}\n\t\t\t\n\t\t\tpresenter.setWorkMode = function(){\n\t\t\t\telement.innerHTML = 'setWorkMode';\n\t\t\t}\n\t\t\t\n\t\t\tpresenter.reset = function(){\n\t\t\t\telement.innerHTML = 'Reset';\n\t\t\t}\n\t\t\t\n\t\t\tpresenter.getErrorCount = function(){\n\t\t\t\treturn 7;\n\t\t\t}\n\t\t\t\n\t\t\tpresenter.getMaxScore = function(){\n\t\t\t\treturn 3;\n\t\t\t}\n\t\t\t\n\t\t\tpresenter.getScore = function(){\n\t\t\t\treturn 1;\n\t\t\t}\n\t\t\t\n\t\t\tpresenter.getState = function(){\n\t\t\t\telement.innerHTML = 'Get state';\n\t\t\t\treturn \"State saved\";\n\t\t\t}\n\n\t\t\tpresenter.setState = function(state){\n\t\t\t\telement.innerHTML = 'Set state';\n\t\t\t}\n\n\t\t\treturn presenter;\n\t\t}\n\t\t\n\t</presenter>\n\t\n</addon>\n"
    }
  },
  {
    "pk": 176,
    "model": "filestorage.filestorage",
    "fields": {
      "modified_date": "2012-02-15 09:56:30",
      "history_for": 177,
      "version": 1,
      "content_type": "text/xml",
      "created_date": "2012-02-15 09:56:30",
      "owner": 16,
      "contents": "<?xml version=\"1.0\" encoding=\"UTF-8\" ?> \n<addon id=\"177\">\n\n\t<metadata>\n\t\t<title>Hello world Addon</title>\n\t\t<description>\n\t\t\tEnter addon description here\n\t\t</description>\n\t</metadata>\n\t\n\t<model>\n\t\t<property name=\"Text\" type=\"string\"/>\n\t</model>\n\t\n\t<view>\n\t\t&lt;p&gt;test&lt;/p&gt;\n\t</view>\n\t\n\t<preview>\n\t\t&lt;p&gt;Addon 177&lt;/p&gt;\n\t</preview>\n\t\n\t<presenter>\n\t\tfunction Addon177_create(){\n\t\t\t\n\t\t\tvar presenter = function(){}\n\n\t\t\tvar element;\n\t\t\t\n\t\t\tpresenter.run = function(view, model){\n\t\t\t\t\n\t\t\t\telement = view.getElementsByTagName('p')[0];\n\t\t\t\telement.innerHTML = model['Text'];\n\t\t\t}\n\n\t\t\tpresenter.setShowErrorsMode = function(){\n\t\t\t\telement.innerHTML = 'setShowErrorsMode';\n\t\t\t}\n\t\t\t\n\t\t\tpresenter.setWorkMode = function(){\n\t\t\t\telement.innerHTML = 'setWorkMode';\n\t\t\t}\n\t\t\t\n\t\t\tpresenter.reset = function(){\n\t\t\t\telement.innerHTML = 'Reset';\n\t\t\t}\n\t\t\t\n\t\t\tpresenter.getErrorCount = function(){\n\t\t\t\treturn 7;\n\t\t\t}\n\t\t\t\n\t\t\tpresenter.getMaxScore = function(){\n\t\t\t\treturn 3;\n\t\t\t}\n\t\t\t\n\t\t\tpresenter.getScore = function(){\n\t\t\t\treturn 1;\n\t\t\t}\n\t\t\t\n\t\t\tpresenter.getState = function(){\n\t\t\t\telement.innerHTML = 'Get state';\n\t\t\t\treturn \"State saved\";\n\t\t\t}\n\n\t\t\tpresenter.setState = function(state){\n\t\t\t\telement.innerHTML = 'Set state';\n\t\t\t}\n\n\t\t\treturn presenter;\n\t\t}\n\t\t\n\t</presenter>\n\t\n</addon>\n"
    }
  },
  {
    "pk": 179,
    "model": "filestorage.filestorage",
    "fields": {
      "modified_date": "2012-02-15 09:56:42",
      "history_for": 180,
      "version": 1,
      "content_type": "text/xml",
      "created_date": "2012-02-15 09:56:42",
      "owner": 16,
      "contents": "<?xml version=\"1.0\" encoding=\"UTF-8\" ?> \n<addon id=\"180\">\n\n\t<metadata>\n\t\t<title>Hello world Addon</title>\n\t\t<description>\n\t\t\tEnter addon description here\n\t\t</description>\n\t</metadata>\n\t\n\t<model>\n\t\t<property name=\"Text\" type=\"string\"/>\n\t</model>\n\t\n\t<view>\n\t\t&lt;p&gt;test&lt;/p&gt;\n\t</view>\n\t\n\t<preview>\n\t\t&lt;p&gt;Addon 180&lt;/p&gt;\n\t</preview>\n\t\n\t<presenter>\n\t\tfunction Addon180_create(){\n\t\t\t\n\t\t\tvar presenter = function(){}\n\n\t\t\tvar element;\n\t\t\t\n\t\t\tpresenter.run = function(view, model){\n\t\t\t\t\n\t\t\t\telement = view.getElementsByTagName('p')[0];\n\t\t\t\telement.innerHTML = model['Text'];\n\t\t\t}\n\n\t\t\tpresenter.setShowErrorsMode = function(){\n\t\t\t\telement.innerHTML = 'setShowErrorsMode';\n\t\t\t}\n\t\t\t\n\t\t\tpresenter.setWorkMode = function(){\n\t\t\t\telement.innerHTML = 'setWorkMode';\n\t\t\t}\n\t\t\t\n\t\t\tpresenter.reset = function(){\n\t\t\t\telement.innerHTML = 'Reset';\n\t\t\t}\n\t\t\t\n\t\t\tpresenter.getErrorCount = function(){\n\t\t\t\treturn 7;\n\t\t\t}\n\t\t\t\n\t\t\tpresenter.getMaxScore = function(){\n\t\t\t\treturn 3;\n\t\t\t}\n\t\t\t\n\t\t\tpresenter.getScore = function(){\n\t\t\t\treturn 1;\n\t\t\t}\n\t\t\t\n\t\t\tpresenter.getState = function(){\n\t\t\t\telement.innerHTML = 'Get state';\n\t\t\t\treturn \"State saved\";\n\t\t\t}\n\n\t\t\tpresenter.setState = function(state){\n\t\t\t\telement.innerHTML = 'Set state';\n\t\t\t}\n\n\t\t\treturn presenter;\n\t\t}\n\t\t\n\t</presenter>\n\t\n</addon>\n"
    }
  },
  {
    "pk": 194,
    "model": "filestorage.filestorage",
    "fields": {
      "modified_date": "2012-02-17 11:27:21",
      "history_for": 177,
      "version": 2,
      "content_type": "text/xml",
      "created_date": "2012-02-17 11:27:21",
      "owner": 16,
      "contents": "<?xml version=\"1.0\" encoding=\"UTF-8\" ?> \n<addon id=\"177\">\n\n\t<metadata>\n\t\t<title>Hello world Addon</title>\n\t\t<description>\n\t\t\tEnter addon description here\n\t\t</description>\n\t</metadata>\n\t\n\t<model>\n\t\t<property name=\"Text\" type=\"string\"/>\n\t</model>\n\t\n\t<view>\n\t\t&lt;p&gt;test&lt;/p&gt;\n\t</view>\n\t\n\t<preview>\n\t\t&lt;p&gt;Addon 177&lt;/p&gt;\n\t</preview>\n\t\n\t<presenter>\n\t\tfunction Addon177_create(){\n\t\t\t\n\t\t\tvar presenter = function(){}\n\n\t\t\tvar element;\n\t\t\t\n\t\t\tpresenter.run = function(view, model){\n\t\t\t\t\n\t\t\t\telement = view.getElementsByTagName('p')[0];\n\t\t\t\telement.innerHTML = model['Text'];\n\t\t\t}\n\n\t\t\tpresenter.setShowErrorsMode = function(){\n\t\t\t\telement.innerHTML = 'setShowErrorsMode';\n\t\t\t}\n\t\t\t\n\t\t\tpresenter.setWorkMode = function(){\n\t\t\t\telement.innerHTML = 'setWorkMode';\n\t\t\t}\n\t\t\t\n\t\t\tpresenter.reset = function(){\n\t\t\t\telement.innerHTML = 'Reset';\n\t\t\t}\n\t\t\t\n\t\t\tpresenter.getErrorCount = function(){\n\t\t\t\treturn 7;\n\t\t\t}\n\t\t\t\n\t\t\tpresenter.getMaxScore = function(){\n\t\t\t\treturn 3;\n\t\t\t}\n\t\t\t\n\t\t\tpresenter.getScore = function(){\n\t\t\t\treturn 1;\n\t\t\t}\n\t\t\t\n\t\t\tpresenter.getState = function(){\n\t\t\t\telement.innerHTML = 'Get state';\n\t\t\t\treturn \"State saved\";\n\t\t\t}\n\n\t\t\tpresenter.setState = function(state){\n\t\t\t\telement.innerHTML = 'Set state';\n\t\t\t}\n\n\t\t\treturn presenter;\n\t\t}\n\t\t\n\t</presenter>\n\t\n</addon>\n"
    }
  },
  {
    "pk": 195,
    "model": "filestorage.filestorage",
    "fields": {
      "modified_date": "2012-02-17 11:27:34",
      "history_for": null,
      "version": null,
      "content_type": "text/xml",
      "created_date": "2012-02-17 11:27:34",
      "owner": 16,
      "contents": "<?xml version='1.0' encoding='UTF-8' ?> \n\n<page>\n\t<modules> \n\t\n\t\t<textModule id=\"Title\" left=\"5\" top=\"3\" width=\"90\" height=\"7\" style=\"\">\n\t\t\t<text>&lt;div style=&quot;text-align: center;&quot;&gt;Title&lt;/div&gt;</text>\n\t\t</textModule>\t\n\t\t<buttonModule id=\"PrevPage\" left=\"0\" top=\"90\" width=\"10\" height=\"10\" style=\"\">\n\t\t\t<button type=\"prevPage\" text=\"\"/>\n\t\t</buttonModule>\n\t\t<buttonModule id=\"NextPage\" left=\"90\" top=\"90\" width=\"10\" height=\"10\" style=\"\">\n\t\t\t<button type=\"nextPage\" text=\"\"/>\n\t\t</buttonModule>\n    </modules> \n</page>\n"
    }
  },
  {
    "pk": 196,
    "model": "filestorage.filestorage",
    "fields": {
      "modified_date": "2012-02-17 11:27:34",
      "history_for": 197,
      "version": 1,
      "content_type": "text/xml",
      "created_date": "2012-02-17 11:27:34",
      "owner": 16,
      "contents": "<?xml version='1.0' encoding='UTF-8' ?>\n<interactiveContent>\n\n\t<style href=\"/media/content/styles/default/content.css\"/>\n\t\n\t<pages>\n    \t<page name='page 1' href='195'/> \n    </pages>\n</interactiveContent>"
    }
  },
  {
    "pk": 310,
    "model": "filestorage.filestorage",
    "fields": {
      "modified_date": "2012-02-17 16:50:19",
      "history_for": null,
      "version": null,
      "content_type": "text/xml",
      "created_date": "2012-02-17 16:50:19",
      "owner": 208,
      "contents": "<?xml version='1.0' encoding='UTF-8' ?> \n\n<page>\n\t<modules> \n\t\n\t\t<textModule id=\"Title\" left=\"5\" top=\"3\" width=\"90\" height=\"7\" style=\"\">\n\t\t\t<text>&lt;div style=&quot;text-align: center;&quot;&gt;Title&lt;/div&gt;</text>\n\t\t</textModule>\t\n\t\t<buttonModule id=\"PrevPage\" left=\"0\" top=\"90\" width=\"10\" height=\"10\" style=\"\">\n\t\t\t<button type=\"prevPage\" text=\"\"/>\n\t\t</buttonModule>\n\t\t<buttonModule id=\"NextPage\" left=\"90\" top=\"90\" width=\"10\" height=\"10\" style=\"\">\n\t\t\t<button type=\"nextPage\" text=\"\"/>\n\t\t</buttonModule>\n    </modules> \n</page>\n"
    }
  },
  {
    "pk": 311,
    "model": "filestorage.filestorage",
    "fields": {
      "modified_date": "2012-02-17 16:50:19",
      "history_for": 312,
      "version": 1,
      "content_type": "text/xml",
      "created_date": "2012-02-17 16:50:19",
      "owner": 208,
      "contents": "<?xml version='1.0' encoding='UTF-8' ?>\n<interactiveContent>\n\n\t<style href=\"/media/content/styles/default/content.css\"/>\n\t\n\t<pages>\n    \t<page name='page 1' href='310'/> \n    </pages>\n</interactiveContent>"
    }
  },
  {
    "pk": 342,
    "model": "filestorage.filestorage",
    "fields": {
      "modified_date": "2012-02-20 13:26:38",
      "history_for": null,
      "version": null,
      "content_type": "text/xml",
      "created_date": "2012-02-20 13:26:38",
      "owner": 333,
      "contents": "<?xml version='1.0' encoding='UTF-8' ?> \n\n<page>\n\t<modules> \n\t\n\t\t<textModule id=\"Title\" left=\"5\" top=\"3\" width=\"90\" height=\"7\" style=\"\">\n\t\t\t<text>&lt;div style=&quot;text-align: center;&quot;&gt;Title&lt;/div&gt;</text>\n\t\t</textModule>\t\n\t\t<buttonModule id=\"PrevPage\" left=\"0\" top=\"90\" width=\"10\" height=\"10\" style=\"\">\n\t\t\t<button type=\"prevPage\" text=\"\"/>\n\t\t</buttonModule>\n\t\t<buttonModule id=\"NextPage\" left=\"90\" top=\"90\" width=\"10\" height=\"10\" style=\"\">\n\t\t\t<button type=\"nextPage\" text=\"\"/>\n\t\t</buttonModule>\n    </modules> \n</page>\n"
    }
  },
  {
    "pk": 343,
    "model": "filestorage.filestorage",
    "fields": {
      "modified_date": "2012-02-20 13:26:38",
      "history_for": 344,
      "version": 1,
      "content_type": "text/xml",
      "created_date": "2012-02-20 13:26:38",
      "owner": 333,
      "contents": "<?xml version='1.0' encoding='UTF-8' ?>\n<interactiveContent>\n\n\t<style href=\"/media/content/styles/default/content.css\"/>\n\t\n\t<pages>\n    \t<page name='page 1' href='342'/> \n    </pages>\n</interactiveContent>"
    }
  },
  {
    "pk": 353,
    "model": "filestorage.filestorage",
    "fields": {
      "modified_date": "2012-02-20 13:40:13",
      "history_for": 354,
      "version": 1,
      "content_type": "text/xml",
      "created_date": "2012-02-20 13:40:13",
      "owner": 333,
      "contents": "<?xml version=\"1.0\" encoding=\"UTF-8\" ?> \n<addon id=\"354\">\n\n\t<metadata>\n\t\t<title>Hello world Addon</title>\n\t\t<description>\n\t\t\tEnter addon description here\n\t\t</description>\n\t</metadata>\n\t\n\t<model>\n\t\t<property name=\"Text\" type=\"string\"/>\n\t</model>\n\t\n\t<view>\n\t\t&lt;p&gt;test&lt;/p&gt;\n\t</view>\n\t\n\t<preview>\n\t\t&lt;p&gt;Addon 354&lt;/p&gt;\n\t</preview>\n\t\n\t<presenter>\n\t\tfunction Addon354_create(){\n\t\t\t\n\t\t\tvar presenter = function(){}\n\n\t\t\tvar element;\n\t\t\t\n\t\t\tpresenter.run = function(view, model){\n\t\t\t\t\n\t\t\t\telement = view.getElementsByTagName('p')[0];\n\t\t\t\telement.innerHTML = model['Text'];\n\t\t\t}\n\n\t\t\tpresenter.setShowErrorsMode = function(){\n\t\t\t\telement.innerHTML = 'setShowErrorsMode';\n\t\t\t}\n\t\t\t\n\t\t\tpresenter.setWorkMode = function(){\n\t\t\t\telement.innerHTML = 'setWorkMode';\n\t\t\t}\n\t\t\t\n\t\t\tpresenter.reset = function(){\n\t\t\t\telement.innerHTML = 'Reset';\n\t\t\t}\n\t\t\t\n\t\t\tpresenter.getErrorCount = function(){\n\t\t\t\treturn 7;\n\t\t\t}\n\t\t\t\n\t\t\tpresenter.getMaxScore = function(){\n\t\t\t\treturn 3;\n\t\t\t}\n\t\t\t\n\t\t\tpresenter.getScore = function(){\n\t\t\t\treturn 1;\n\t\t\t}\n\t\t\t\n\t\t\tpresenter.getState = function(){\n\t\t\t\telement.innerHTML = 'Get state';\n\t\t\t\treturn \"State saved\";\n\t\t\t}\n\n\t\t\tpresenter.setState = function(state){\n\t\t\t\telement.innerHTML = 'Set state';\n\t\t\t}\n\n\t\t\treturn presenter;\n\t\t}\n\t\t\n\t</presenter>\n\t\n</addon>\n"
    }
  },
  {
    "pk": 356,
    "model": "filestorage.filestorage",
    "fields": {
      "modified_date": "2012-02-20 13:48:15",
      "history_for": 354,
      "version": 2,
      "content_type": "text/xml",
      "created_date": "2012-02-20 13:48:15",
      "owner": 333,
      "contents": "<?xml version=\"1.0\" encoding=\"UTF-8\" ?> \n<addon id=\"354\">\n\n\t<metadata>\n\t\t<title>Hello world Addon</title>\n\t\t<description>\n\t\t\tEnter addon description here\n\t\t</description>\n\t</metadata>\n\t\n\t<model>\n\t\t<property name=\"Text\" type=\"string\"/>\n\t</model>\n\t\n\t<view>\n\t\t&lt;p&gt;test&lt;/p&gt;\n\t</view>\n\t\n\t<preview>\n\t\t&lt;p&gt;Addon 354&lt;/p&gt;\n\t</preview>\n\t\n\t<presenter>\n\t\tfunction Addon354_create(){\n\t\t\t\n\t\t\tvar presenter = function(){}\n\n\t\t\tvar element;\n\t\t\t\n\t\t\tpresenter.run = function(view, model){\n\t\t\t\t\n\t\t\t\telement = view.getElementsByTagName('p')[0];\n\t\t\t\telement.innerHTML = model['Text'];\n\t\t\t}\n\n\t\t\tpresenter.setShowErrorsMode = function(){\n\t\t\t\telement.innerHTML = 'setShowErrorsMode';\n\t\t\t}\n\t\t\t\n\t\t\tpresenter.setWorkMode = function(){\n\t\t\t\telement.innerHTML = 'setWorkMode';\n\t\t\t}\n\t\t\t\n\t\t\tpresenter.reset = function(){\n\t\t\t\telement.innerHTML = 'Reset';\n\t\t\t}\n\t\t\t\n\t\t\tpresenter.getErrorCount = function(){\n\t\t\t\treturn 7;\n\t\t\t}\n\t\t\t\n\t\t\tpresenter.getMaxScore = function(){\n\t\t\t\treturn 3;\n\t\t\t}\n\t\t\t\n\t\t\tpresenter.getScore = function(){\n\t\t\t\treturn 1;\n\t\t\t}\n\t\t\t\n\t\t\tpresenter.getState = function(){\n\t\t\t\telement.innerHTML = 'Get state';\n\t\t\t\treturn \"State saved\";\n\t\t\t}\n\n\t\t\tpresenter.setState = function(state){\n\t\t\t\telement.innerHTML = 'Set state';\n\t\t\t}\n\n\t\t\treturn presenter;\n\t\t}\n\t\t\n\t</presenter>\n\t\n</addon>\n"
    }
  },
  {
    "pk": 357,
    "model": "filestorage.filestorage",
    "fields": {
      "modified_date": "2012-02-20 14:21:08",
      "history_for": 354,
      "version": 3,
      "content_type": "text/xml",
      "created_date": "2012-02-20 14:21:08",
      "owner": 333,
      "contents": "<?xml version=\"1.0\" encoding=\"UTF-8\" ?> \n<addon id=\"354\">\n\n\t<metadata>\n\t\t<title>Hello world Addon</title>\n\t\t<description>\n\t\t\tEnter addon description here\n\t\t</description>\n\t</metadata>\n\t\n\t<model>\n\t\t<property name=\"Text\" type=\"string\"/>\n\t</model>\n\t\n\t<view>\n\t\t&lt;p&gt;test&lt;/p&gt;\n\t</view>\n\t\n\t<preview>\n\t\t&lt;p&gt;Addon 354&lt;/p&gt;\n\t</preview>\n\t\n\t<presenter>\n\t\tfunction Addon354_create(){\n\t\t\t\n\t\t\tvar presenter = function(){}\n\n\t\t\tvar element;\n\t\t\t\n\t\t\tpresenter.run = function(view, model){\n\t\t\t\t\n\t\t\t\telement = view.getElementsByTagName('p')[0];\n\t\t\t\telement.innerHTML = model['Text'];\n\t\t\t}\n\n\t\t\tpresenter.setShowErrorsMode = function(){\n\t\t\t\telement.innerHTML = 'setShowErrorsMode';\n\t\t\t}\n\t\t\t\n\t\t\tpresenter.setWorkMode = function(){\n\t\t\t\telement.innerHTML = 'setWorkMode';\n\t\t\t}\n\t\t\t\n\t\t\tpresenter.reset = function(){\n\t\t\t\telement.innerHTML = 'Reset';\n\t\t\t}\n\t\t\t\n\t\t\tpresenter.getErrorCount = function(){\n\t\t\t\treturn 7;\n\t\t\t}\n\t\t\t\n\t\t\tpresenter.getMaxScore = function(){\n\t\t\t\treturn 3;\n\t\t\t}\n\t\t\t\n\t\t\tpresenter.getScore = function(){\n\t\t\t\treturn 1;\n\t\t\t}\n\t\t\t\n\t\t\tpresenter.getState = function(){\n\t\t\t\telement.innerHTML = 'Get state';\n\t\t\t\treturn \"State saved\";\n\t\t\t}\n\n\t\t\tpresenter.setState = function(state){\n\t\t\t\telement.innerHTML = 'Set state';\n\t\t\t}\n\n\t\t\treturn presenter;\n\t\t}\n\t\t\n\t</presenter>\n\t\n</addon>\n"
    }
  },
  {
    "pk": 358,
    "model": "filestorage.filestorage",
    "fields": {
      "modified_date": "2012-02-20 14:24:12",
      "history_for": 354,
      "version": 4,
      "content_type": "text/xml",
      "created_date": "2012-02-20 14:24:12",
      "owner": 333,
      "contents": "<?xml version=\"1.0\" encoding=\"UTF-8\" ?> \n<addon id=\"354\">\n\n\t<metadata>\n\t\t<title>Hello world Addon</title>\n\t\t<description>\n\t\t\tEnter addon description here\n\t\t</description>\n\t</metadata>\n\t\n\t<model>\n\t\t<property name=\"Text\" type=\"string\"/>\n\t</model>\n\t\n\t<view>\n\t\t&lt;p&gt;test&lt;/p&gt;\n\t</view>\n\t\n\t<preview>\n\t\t&lt;p&gt;Addon 354&lt;/p&gt;\n\t</preview>\n\t\n\t<presenter>\n\t\tfunction Addon354_create(){\n\t\t\t\n\t\t\tvar presenter = function(){}\n\n\t\t\tvar element;\n\t\t\t\n\t\t\tpresenter.run = function(view, model){\n\t\t\t\t\n\t\t\t\telement = view.getElementsByTagName('p')[0];\n\t\t\t\telement.innerHTML = model['Text'];\n\t\t\t}\n\n\t\t\tpresenter.setShowErrorsMode = function(){\n\t\t\t\telement.innerHTML = 'setShowErrorsMode';\n\t\t\t}\n\t\t\t\n\t\t\tpresenter.setWorkMode = function(){\n\t\t\t\telement.innerHTML = 'setWorkMode';\n\t\t\t}\n\t\t\t\n\t\t\tpresenter.reset = function(){\n\t\t\t\telement.innerHTML = 'Reset';\n\t\t\t}\n\t\t\t\n\t\t\tpresenter.getErrorCount = function(){\n\t\t\t\treturn 7;\n\t\t\t}\n\t\t\t\n\t\t\tpresenter.getMaxScore = function(){\n\t\t\t\treturn 3;\n\t\t\t}\n\t\t\t\n\t\t\tpresenter.getScore = function(){\n\t\t\t\treturn 1;\n\t\t\t}\n\t\t\t\n\t\t\tpresenter.getState = function(){\n\t\t\t\telement.innerHTML = 'Get state';\n\t\t\t\treturn \"State saved\";\n\t\t\t}\n\n\t\t\tpresenter.setState = function(state){\n\t\t\t\telement.innerHTML = 'Set state';\n\t\t\t}\n\n\t\t\treturn presenter;\n\t\t}\n\t\t\n\t</presenter>\n\t\n</addon>\n"
    }
  },
  {
    "pk": 359,
    "model": "filestorage.filestorage",
    "fields": {
      "modified_date": "2012-02-20 16:21:16",
      "history_for": 360,
      "version": 1,
      "content_type": "text/xml",
      "created_date": "2012-02-20 16:21:16",
      "owner": 16,
      "contents": "<?xml version=\"1.0\" encoding=\"UTF-8\" ?> \n<addon id=\"360\">\n\n\t<metadata>\n\t\t<title>Hello world Addon</title>\n\t\t<description>\n\t\t\tEnter addon description here\n\t\t</description>\n\t</metadata>\n\t\n\t<model>\n\t\t<property name=\"Text\" type=\"string\"/>\n\t</model>\n\t\n\t<view>\n\t\t&lt;p&gt;test&lt;/p&gt;\n\t</view>\n\t\n\t<preview>\n\t\t&lt;p&gt;Addon 360&lt;/p&gt;\n\t</preview>\n\t\n\t<presenter>\n\t\tfunction Addon360_create(){\n\t\t\t\n\t\t\tvar presenter = function(){}\n\n\t\t\tvar element;\n\t\t\t\n\t\t\tpresenter.run = function(view, model){\n\t\t\t\t\n\t\t\t\telement = view.getElementsByTagName('p')[0];\n\t\t\t\telement.innerHTML = model['Text'];\n\t\t\t}\n\n\t\t\tpresenter.setShowErrorsMode = function(){\n\t\t\t\telement.innerHTML = 'setShowErrorsMode';\n\t\t\t}\n\t\t\t\n\t\t\tpresenter.setWorkMode = function(){\n\t\t\t\telement.innerHTML = 'setWorkMode';\n\t\t\t}\n\t\t\t\n\t\t\tpresenter.reset = function(){\n\t\t\t\telement.innerHTML = 'Reset';\n\t\t\t}\n\t\t\t\n\t\t\tpresenter.getErrorCount = function(){\n\t\t\t\treturn 7;\n\t\t\t}\n\t\t\t\n\t\t\tpresenter.getMaxScore = function(){\n\t\t\t\treturn 3;\n\t\t\t}\n\t\t\t\n\t\t\tpresenter.getScore = function(){\n\t\t\t\treturn 1;\n\t\t\t}\n\t\t\t\n\t\t\tpresenter.getState = function(){\n\t\t\t\telement.innerHTML = 'Get state';\n\t\t\t\treturn \"State saved\";\n\t\t\t}\n\n\t\t\tpresenter.setState = function(state){\n\t\t\t\telement.innerHTML = 'Set state';\n\t\t\t}\n\n\t\t\treturn presenter;\n\t\t}\n\t\t\n\t</presenter>\n\t\n</addon>\n"
    }
  },
  {
    "pk": 362,
    "model": "filestorage.filestorage",
    "fields": {
      "modified_date": "2012-02-20 16:58:09",
      "history_for": 363,
      "version": 1,
      "content_type": "text/xml",
      "created_date": "2012-02-20 16:58:09",
      "owner": 205,
      "contents": "<?xml version=\"1.0\" encoding=\"UTF-8\" ?> \n<addon id=\"363\">\n\n\t<metadata>\n\t\t<title>Hello world Addon</title>\n\t\t<description>\n\t\t\tEnter addon description here\n\t\t</description>\n\t</metadata>\n\t\n\t<model>\n\t\t<property name=\"Text\" type=\"string\"/>\n\t</model>\n\t\n\t<view>\n\t\t&lt;p&gt;test&lt;/p&gt;\n\t</view>\n\t\n\t<preview>\n\t\t&lt;p&gt;Addon 363&lt;/p&gt;\n\t</preview>\n\t\n\t<presenter>\n\t\tfunction Addon363_create(){\n\t\t\t\n\t\t\tvar presenter = function(){}\n\n\t\t\tvar element;\n\t\t\t\n\t\t\tpresenter.run = function(view, model){\n\t\t\t\t\n\t\t\t\telement = view.getElementsByTagName('p')[0];\n\t\t\t\telement.innerHTML = model['Text'];\n\t\t\t}\n\n\t\t\tpresenter.setShowErrorsMode = function(){\n\t\t\t\telement.innerHTML = 'setShowErrorsMode';\n\t\t\t}\n\t\t\t\n\t\t\tpresenter.setWorkMode = function(){\n\t\t\t\telement.innerHTML = 'setWorkMode';\n\t\t\t}\n\t\t\t\n\t\t\tpresenter.reset = function(){\n\t\t\t\telement.innerHTML = 'Reset';\n\t\t\t}\n\t\t\t\n\t\t\tpresenter.getErrorCount = function(){\n\t\t\t\treturn 7;\n\t\t\t}\n\t\t\t\n\t\t\tpresenter.getMaxScore = function(){\n\t\t\t\treturn 3;\n\t\t\t}\n\t\t\t\n\t\t\tpresenter.getScore = function(){\n\t\t\t\treturn 1;\n\t\t\t}\n\t\t\t\n\t\t\tpresenter.getState = function(){\n\t\t\t\telement.innerHTML = 'Get state';\n\t\t\t\treturn \"State saved\";\n\t\t\t}\n\n\t\t\tpresenter.setState = function(state){\n\t\t\t\telement.innerHTML = 'Set state';\n\t\t\t}\n\n\t\t\treturn presenter;\n\t\t}\n\t\t\n\t</presenter>\n\t\n</addon>\n"
    }
  },
  {
    "pk": 365,
    "model": "filestorage.filestorage",
    "fields": {
      "modified_date": "2012-02-20 17:03:42",
      "history_for": 366,
      "version": 1,
      "content_type": "text/xml",
      "created_date": "2012-02-20 17:03:42",
      "owner": 205,
      "contents": "<?xml version=\"1.0\" encoding=\"UTF-8\" ?> \n<addon id=\"366\">\n\n\t<metadata>\n\t\t<title>Hello world Addon</title>\n\t\t<description>\n\t\t\tEnter addon description here\n\t\t</description>\n\t</metadata>\n\t\n\t<model>\n\t\t<property name=\"Text\" type=\"string\"/>\n\t</model>\n\t\n\t<view>\n\t\t&lt;p&gt;test&lt;/p&gt;\n\t</view>\n\t\n\t<preview>\n\t\t&lt;p&gt;Addon 366&lt;/p&gt;\n\t</preview>\n\t\n\t<presenter>\n\t\tfunction Addon366_create(){\n\t\t\t\n\t\t\tvar presenter = function(){}\n\n\t\t\tvar element;\n\t\t\t\n\t\t\tpresenter.run = function(view, model){\n\t\t\t\t\n\t\t\t\telement = view.getElementsByTagName('p')[0];\n\t\t\t\telement.innerHTML = model['Text'];\n\t\t\t}\n\n\t\t\tpresenter.setShowErrorsMode = function(){\n\t\t\t\telement.innerHTML = 'setShowErrorsMode';\n\t\t\t}\n\t\t\t\n\t\t\tpresenter.setWorkMode = function(){\n\t\t\t\telement.innerHTML = 'setWorkMode';\n\t\t\t}\n\t\t\t\n\t\t\tpresenter.reset = function(){\n\t\t\t\telement.innerHTML = 'Reset';\n\t\t\t}\n\t\t\t\n\t\t\tpresenter.getErrorCount = function(){\n\t\t\t\treturn 7;\n\t\t\t}\n\t\t\t\n\t\t\tpresenter.getMaxScore = function(){\n\t\t\t\treturn 3;\n\t\t\t}\n\t\t\t\n\t\t\tpresenter.getScore = function(){\n\t\t\t\treturn 1;\n\t\t\t}\n\t\t\t\n\t\t\tpresenter.getState = function(){\n\t\t\t\telement.innerHTML = 'Get state';\n\t\t\t\treturn \"State saved\";\n\t\t\t}\n\n\t\t\tpresenter.setState = function(state){\n\t\t\t\telement.innerHTML = 'Set state';\n\t\t\t}\n\n\t\t\treturn presenter;\n\t\t}\n\t\t\n\t</presenter>\n\t\n</addon>\n"
    }
  },
  {
    "pk": 368,
    "model": "filestorage.filestorage",
    "fields": {
      "modified_date": "2012-02-20 17:07:14",
      "history_for": null,
      "version": null,
      "content_type": "text/xml",
      "created_date": "2012-02-20 17:07:14",
      "owner": 205,
      "contents": "<?xml version='1.0' encoding='UTF-8' ?> \n\n<page>\n\t<modules> \n\t\n\t\t<textModule id=\"Title\" left=\"5\" top=\"3\" width=\"90\" height=\"7\" style=\"\">\n\t\t\t<text>&lt;div style=&quot;text-align: center;&quot;&gt;Title&lt;/div&gt;</text>\n\t\t</textModule>\t\n\t\t<buttonModule id=\"PrevPage\" left=\"0\" top=\"90\" width=\"10\" height=\"10\" style=\"\">\n\t\t\t<button type=\"prevPage\" text=\"\"/>\n\t\t</buttonModule>\n\t\t<buttonModule id=\"NextPage\" left=\"90\" top=\"90\" width=\"10\" height=\"10\" style=\"\">\n\t\t\t<button type=\"nextPage\" text=\"\"/>\n\t\t</buttonModule>\n    </modules> \n</page>\n"
    }
  },
  {
    "pk": 369,
    "model": "filestorage.filestorage",
    "fields": {
      "modified_date": "2012-02-20 17:07:14",
      "history_for": 370,
      "version": 1,
      "content_type": "text/xml",
      "created_date": "2012-02-20 17:07:14",
      "owner": 205,
      "contents": "<?xml version='1.0' encoding='UTF-8' ?>\n<interactiveContent>\n\n\t<style href=\"/media/content/styles/default/content.css\"/>\n\t\n\t<pages>\n    \t<page name='page 1' href='368'/> \n    </pages>\n</interactiveContent>"
    }
  },
  {
    "pk": 378,
    "model": "filestorage.filestorage",
    "fields": {
      "modified_date": "2012-02-21 10:24:53",
      "history_for": null,
      "version": null,
      "content_type": "text/xml",
      "created_date": "2012-02-21 10:24:53",
      "owner": 208,
      "contents": "<?xml version='1.0' encoding='UTF-8' ?> \n\n<page>\n\t<modules> \n\t\n\t\t<textModule id=\"Title\" left=\"5\" top=\"3\" width=\"90\" height=\"7\" style=\"\">\n\t\t\t<text>&lt;div style=&quot;text-align: center;&quot;&gt;Title&lt;/div&gt;</text>\n\t\t</textModule>\t\n\t\t<buttonModule id=\"PrevPage\" left=\"0\" top=\"90\" width=\"10\" height=\"10\" style=\"\">\n\t\t\t<button type=\"prevPage\" text=\"\"/>\n\t\t</buttonModule>\n\t\t<buttonModule id=\"NextPage\" left=\"90\" top=\"90\" width=\"10\" height=\"10\" style=\"\">\n\t\t\t<button type=\"nextPage\" text=\"\"/>\n\t\t</buttonModule>\n    </modules> \n</page>\n"
    }
  },
  {
    "pk": 379,
    "model": "filestorage.filestorage",
    "fields": {
      "modified_date": "2012-02-21 10:24:53",
      "history_for": 380,
      "version": 1,
      "content_type": "text/xml",
      "created_date": "2012-02-21 10:24:53",
      "owner": 208,
      "contents": "<?xml version='1.0' encoding='UTF-8' ?>\n<interactiveContent>\n\n\t<style href=\"/media/content/styles/default/content.css\"/>\n\t\n\t<pages>\n    \t<page name='page 1' href='378'/> \n    </pages>\n</interactiveContent>"
    }
  },
  {
    "pk": 382,
    "model": "filestorage.filestorage",
    "fields": {
      "modified_date": "2012-02-21 10:28:57",
      "history_for": null,
      "version": null,
      "content_type": "text/xml",
      "created_date": "2012-02-21 10:28:57",
      "owner": 208,
      "contents": "<?xml version='1.0' encoding='UTF-8' ?> \n\n<page>\n\t<modules> \n\t\n\t\t<textModule id=\"Title\" left=\"5\" top=\"3\" width=\"90\" height=\"7\" style=\"\">\n\t\t\t<text>&lt;div style=&quot;text-align: center;&quot;&gt;Title&lt;/div&gt;</text>\n\t\t</textModule>\t\n\t\t<buttonModule id=\"PrevPage\" left=\"0\" top=\"90\" width=\"10\" height=\"10\" style=\"\">\n\t\t\t<button type=\"prevPage\" text=\"\"/>\n\t\t</buttonModule>\n\t\t<buttonModule id=\"NextPage\" left=\"90\" top=\"90\" width=\"10\" height=\"10\" style=\"\">\n\t\t\t<button type=\"nextPage\" text=\"\"/>\n\t\t</buttonModule>\n    </modules> \n</page>\n"
    }
  },
  {
    "pk": 383,
    "model": "filestorage.filestorage",
    "fields": {
      "modified_date": "2012-02-21 10:28:57",
      "history_for": 384,
      "version": 1,
      "content_type": "text/xml",
      "created_date": "2012-02-21 10:28:57",
      "owner": 208,
      "contents": "<?xml version='1.0' encoding='UTF-8' ?>\n<interactiveContent>\n\n\t<style href=\"/media/content/styles/default/content.css\"/>\n\t\n\t<pages>\n    \t<page name='page 1' href='382'/> \n    </pages>\n</interactiveContent>"
    }
  },
  {
    "pk": 386,
    "model": "filestorage.filestorage",
    "fields": {
      "modified_date": "2012-02-21 10:29:30",
      "history_for": 387,
      "version": 1,
      "content_type": "text/xml",
      "created_date": "2012-02-21 10:29:30",
      "owner": 208,
      "contents": "<?xml version=\"1.0\" encoding=\"UTF-8\" ?> \n<addon id=\"387\">\n\n\t<metadata>\n\t\t<title>Hello world Addon</title>\n\t\t<description>\n\t\t\tEnter addon description here\n\t\t</description>\n\t</metadata>\n\t\n\t<model>\n\t\t<property name=\"Text\" type=\"string\"/>\n\t</model>\n\t\n\t<view>\n\t\t&lt;p&gt;test&lt;/p&gt;\n\t</view>\n\t\n\t<preview>\n\t\t&lt;p&gt;Addon 387&lt;/p&gt;\n\t</preview>\n\t\n\t<presenter>\n\t\tfunction Addon387_create(){\n\t\t\t\n\t\t\tvar presenter = function(){}\n\n\t\t\tvar element;\n\t\t\t\n\t\t\tpresenter.run = function(view, model){\n\t\t\t\t\n\t\t\t\telement = view.getElementsByTagName('p')[0];\n\t\t\t\telement.innerHTML = model['Text'];\n\t\t\t}\n\n\t\t\tpresenter.setShowErrorsMode = function(){\n\t\t\t\telement.innerHTML = 'setShowErrorsMode';\n\t\t\t}\n\t\t\t\n\t\t\tpresenter.setWorkMode = function(){\n\t\t\t\telement.innerHTML = 'setWorkMode';\n\t\t\t}\n\t\t\t\n\t\t\tpresenter.reset = function(){\n\t\t\t\telement.innerHTML = 'Reset';\n\t\t\t}\n\t\t\t\n\t\t\tpresenter.getErrorCount = function(){\n\t\t\t\treturn 7;\n\t\t\t}\n\t\t\t\n\t\t\tpresenter.getMaxScore = function(){\n\t\t\t\treturn 3;\n\t\t\t}\n\t\t\t\n\t\t\tpresenter.getScore = function(){\n\t\t\t\treturn 1;\n\t\t\t}\n\t\t\t\n\t\t\tpresenter.getState = function(){\n\t\t\t\telement.innerHTML = 'Get state';\n\t\t\t\treturn \"State saved\";\n\t\t\t}\n\n\t\t\tpresenter.setState = function(state){\n\t\t\t\telement.innerHTML = 'Set state';\n\t\t\t}\n\n\t\t\treturn presenter;\n\t\t}\n\t\t\n\t</presenter>\n\t\n</addon>\n"
    }
  },
  {
    "pk": 389,
    "model": "filestorage.filestorage",
    "fields": {
      "modified_date": "2012-02-21 10:29:42",
      "history_for": null,
      "version": null,
      "content_type": "text/xml",
      "created_date": "2012-02-21 10:29:42",
      "owner": 208,
      "contents": "<?xml version='1.0' encoding='UTF-8' ?> \n\n<page>\n\t<modules> \n\t\n\t\t<textModule id=\"Title\" left=\"5\" top=\"3\" width=\"90\" height=\"7\" style=\"\">\n\t\t\t<text>&lt;div style=&quot;text-align: center;&quot;&gt;Title&lt;/div&gt;</text>\n\t\t</textModule>\t\n\t\t<buttonModule id=\"PrevPage\" left=\"0\" top=\"90\" width=\"10\" height=\"10\" style=\"\">\n\t\t\t<button type=\"prevPage\" text=\"\"/>\n\t\t</buttonModule>\n\t\t<buttonModule id=\"NextPage\" left=\"90\" top=\"90\" width=\"10\" height=\"10\" style=\"\">\n\t\t\t<button type=\"nextPage\" text=\"\"/>\n\t\t</buttonModule>\n    </modules> \n</page>\n"
    }
  },
  {
    "pk": 390,
    "model": "filestorage.filestorage",
    "fields": {
      "modified_date": "2012-02-21 10:29:42",
      "history_for": 391,
      "version": 1,
      "content_type": "text/xml",
      "created_date": "2012-02-21 10:29:42",
      "owner": 208,
      "contents": "<?xml version='1.0' encoding='UTF-8' ?>\n<interactiveContent>\n\n\t<style href=\"/media/content/styles/default/content.css\"/>\n\t\n\t<pages>\n    \t<page name='page 1' href='389'/> \n    </pages>\n</interactiveContent>"
    }
  },
  {
    "pk": 393,
    "model": "filestorage.filestorage",
    "fields": {
      "modified_date": "2012-02-21 11:12:16",
      "history_for": null,
      "version": null,
      "content_type": "text/xml",
      "created_date": "2012-02-21 11:12:16",
      "owner": 208,
      "contents": "<?xml version='1.0' encoding='UTF-8' ?> \n\n<page>\n\t<modules> \n\t\n\t\t<textModule id=\"Title\" left=\"5\" top=\"3\" width=\"90\" height=\"7\" style=\"\">\n\t\t\t<text>&lt;div style=&quot;text-align: center;&quot;&gt;Title&lt;/div&gt;</text>\n\t\t</textModule>\t\n\t\t<buttonModule id=\"PrevPage\" left=\"0\" top=\"90\" width=\"10\" height=\"10\" style=\"\">\n\t\t\t<button type=\"prevPage\" text=\"\"/>\n\t\t</buttonModule>\n\t\t<buttonModule id=\"NextPage\" left=\"90\" top=\"90\" width=\"10\" height=\"10\" style=\"\">\n\t\t\t<button type=\"nextPage\" text=\"\"/>\n\t\t</buttonModule>\n    </modules> \n</page>\n"
    }
  },
  {
    "pk": 394,
    "model": "filestorage.filestorage",
    "fields": {
      "modified_date": "2012-02-21 11:12:16",
      "history_for": 395,
      "version": 1,
      "content_type": "text/xml",
      "created_date": "2012-02-21 11:12:16",
      "owner": 208,
      "contents": "<?xml version=\"1.0\" encoding=\"utf-8\"?><interactiveContent>\n\n\t<style href=\"/media/content/styles/default/content.css\"/>\n\t\n\t<pages>\n    \t<page href=\"393\" name=\"page 1\"/> \n    </pages>\n</interactiveContent>"
    }
  },
  {
    "pk": 397,
    "model": "filestorage.filestorage",
    "fields": {
      "modified_date": "2012-02-21 12:00:56",
      "history_for": 398,
      "version": 1,
      "content_type": "text/xml",
      "created_date": "2012-02-21 12:00:56",
      "owner": 208,
      "contents": "<?xml version=\"1.0\" encoding=\"UTF-8\" ?> \n<addon id=\"398\">\n\n\t<metadata>\n\t\t<title>Hello world Addon</title>\n\t\t<description>\n\t\t\tEnter addon description here\n\t\t</description>\n\t</metadata>\n\t\n\t<model>\n\t\t<property name=\"Text\" type=\"string\"/>\n\t</model>\n\t\n\t<view>\n\t\t&lt;p&gt;test&lt;/p&gt;\n\t</view>\n\t\n\t<preview>\n\t\t&lt;p&gt;Addon 398&lt;/p&gt;\n\t</preview>\n\t\n\t<presenter>\n\t\tfunction Addon398_create(){\n\t\t\t\n\t\t\tvar presenter = function(){}\n\n\t\t\tvar element;\n\t\t\t\n\t\t\tpresenter.run = function(view, model){\n\t\t\t\t\n\t\t\t\telement = view.getElementsByTagName('p')[0];\n\t\t\t\telement.innerHTML = model['Text'];\n\t\t\t}\n\n\t\t\tpresenter.setShowErrorsMode = function(){\n\t\t\t\telement.innerHTML = 'setShowErrorsMode';\n\t\t\t}\n\t\t\t\n\t\t\tpresenter.setWorkMode = function(){\n\t\t\t\telement.innerHTML = 'setWorkMode';\n\t\t\t}\n\t\t\t\n\t\t\tpresenter.reset = function(){\n\t\t\t\telement.innerHTML = 'Reset';\n\t\t\t}\n\t\t\t\n\t\t\tpresenter.getErrorCount = function(){\n\t\t\t\treturn 7;\n\t\t\t}\n\t\t\t\n\t\t\tpresenter.getMaxScore = function(){\n\t\t\t\treturn 3;\n\t\t\t}\n\t\t\t\n\t\t\tpresenter.getScore = function(){\n\t\t\t\treturn 1;\n\t\t\t}\n\t\t\t\n\t\t\tpresenter.getState = function(){\n\t\t\t\telement.innerHTML = 'Get state';\n\t\t\t\treturn \"State saved\";\n\t\t\t}\n\n\t\t\tpresenter.setState = function(state){\n\t\t\t\telement.innerHTML = 'Set state';\n\t\t\t}\n\n\t\t\treturn presenter;\n\t\t}\n\t\t\n\t</presenter>\n\t\n</addon>\n"
    }
  },
  {
    "pk": 400,
    "model": "filestorage.filestorage",
    "fields": {
      "modified_date": "2012-02-21 12:28:35",
      "history_for": null,
      "version": null,
      "content_type": "text/xml",
      "created_date": "2012-02-21 12:28:35",
      "owner": 220,
      "contents": "<?xml version='1.0' encoding='UTF-8' ?> \n\n<page>\n\t<modules> \n\t\n\t\t<textModule id=\"Title\" left=\"5\" top=\"3\" width=\"90\" height=\"7\" style=\"\">\n\t\t\t<text>&lt;div style=&quot;text-align: center;&quot;&gt;Title&lt;/div&gt;</text>\n\t\t</textModule>\t\n\t\t<buttonModule id=\"PrevPage\" left=\"0\" top=\"90\" width=\"10\" height=\"10\" style=\"\">\n\t\t\t<button type=\"prevPage\" text=\"\"/>\n\t\t</buttonModule>\n\t\t<buttonModule id=\"NextPage\" left=\"90\" top=\"90\" width=\"10\" height=\"10\" style=\"\">\n\t\t\t<button type=\"nextPage\" text=\"\"/>\n\t\t</buttonModule>\n    </modules> \n</page>\n"
    }
  },
  {
    "pk": 401,
    "model": "filestorage.filestorage",
    "fields": {
      "modified_date": "2012-02-21 12:28:35",
      "history_for": 402,
      "version": 1,
      "content_type": "text/xml",
      "created_date": "2012-02-21 12:28:35",
      "owner": 220,
      "contents": "<?xml version='1.0' encoding='UTF-8' ?>\n<interactiveContent>\n\n\t<style href=\"/media/content/styles/default/content.css\"/>\n\t\n\t<pages>\n    \t<page name='page 1' href='400'/> \n    </pages>\n</interactiveContent>"
    }
  },
  {
    "pk": 404,
    "model": "filestorage.filestorage",
    "fields": {
      "modified_date": "2012-02-21 12:28:54",
      "history_for": null,
      "version": null,
      "content_type": "text/xml",
      "created_date": "2012-02-21 12:28:54",
      "owner": 220,
      "contents": "<?xml version='1.0' encoding='UTF-8' ?> \n\n<page>\n\t<modules> \n\t\n\t\t<textModule id=\"Title\" left=\"5\" top=\"3\" width=\"90\" height=\"7\" style=\"\">\n\t\t\t<text>&lt;div style=&quot;text-align: center;&quot;&gt;Title&lt;/div&gt;</text>\n\t\t</textModule>\t\n\t\t<buttonModule id=\"PrevPage\" left=\"0\" top=\"90\" width=\"10\" height=\"10\" style=\"\">\n\t\t\t<button type=\"prevPage\" text=\"\"/>\n\t\t</buttonModule>\n\t\t<buttonModule id=\"NextPage\" left=\"90\" top=\"90\" width=\"10\" height=\"10\" style=\"\">\n\t\t\t<button type=\"nextPage\" text=\"\"/>\n\t\t</buttonModule>\n    </modules> \n</page>\n"
    }
  },
  {
    "pk": 405,
    "model": "filestorage.filestorage",
    "fields": {
      "modified_date": "2012-02-21 12:28:54",
      "history_for": 406,
      "version": 1,
      "content_type": "text/xml",
      "created_date": "2012-02-21 12:28:54",
      "owner": 220,
      "contents": "<?xml version='1.0' encoding='UTF-8' ?>\n<interactiveContent>\n\n\t<style href=\"/media/content/styles/default/content.css\"/>\n\t\n\t<pages>\n    \t<page name='page 1' href='404'/> \n    </pages>\n</interactiveContent>"
    }
  },
  {
    "pk": 408,
    "model": "filestorage.filestorage",
    "fields": {
      "modified_date": "2012-02-21 12:29:51",
      "history_for": 409,
      "version": 1,
      "content_type": "text/xml",
      "created_date": "2012-02-21 12:29:51",
      "owner": 220,
      "contents": "<?xml version=\"1.0\" encoding=\"UTF-8\" ?> \n<addon id=\"409\">\n\n\t<metadata>\n\t\t<title>Hello world Addon</title>\n\t\t<description>\n\t\t\tEnter addon description here\n\t\t</description>\n\t</metadata>\n\t\n\t<model>\n\t\t<property name=\"Text\" type=\"string\"/>\n\t</model>\n\t\n\t<view>\n\t\t&lt;p&gt;test&lt;/p&gt;\n\t</view>\n\t\n\t<preview>\n\t\t&lt;p&gt;Addon 409&lt;/p&gt;\n\t</preview>\n\t\n\t<presenter>\n\t\tfunction Addon409_create(){\n\t\t\t\n\t\t\tvar presenter = function(){}\n\n\t\t\tvar element;\n\t\t\t\n\t\t\tpresenter.run = function(view, model){\n\t\t\t\t\n\t\t\t\telement = view.getElementsByTagName('p')[0];\n\t\t\t\telement.innerHTML = model['Text'];\n\t\t\t}\n\n\t\t\tpresenter.setShowErrorsMode = function(){\n\t\t\t\telement.innerHTML = 'setShowErrorsMode';\n\t\t\t}\n\t\t\t\n\t\t\tpresenter.setWorkMode = function(){\n\t\t\t\telement.innerHTML = 'setWorkMode';\n\t\t\t}\n\t\t\t\n\t\t\tpresenter.reset = function(){\n\t\t\t\telement.innerHTML = 'Reset';\n\t\t\t}\n\t\t\t\n\t\t\tpresenter.getErrorCount = function(){\n\t\t\t\treturn 7;\n\t\t\t}\n\t\t\t\n\t\t\tpresenter.getMaxScore = function(){\n\t\t\t\treturn 3;\n\t\t\t}\n\t\t\t\n\t\t\tpresenter.getScore = function(){\n\t\t\t\treturn 1;\n\t\t\t}\n\t\t\t\n\t\t\tpresenter.getState = function(){\n\t\t\t\telement.innerHTML = 'Get state';\n\t\t\t\treturn \"State saved\";\n\t\t\t}\n\n\t\t\tpresenter.setState = function(state){\n\t\t\t\telement.innerHTML = 'Set state';\n\t\t\t}\n\n\t\t\treturn presenter;\n\t\t}\n\t\t\n\t</presenter>\n\t\n</addon>\n"
    }
  },
  {
    "pk": 411,
    "model": "filestorage.filestorage",
    "fields": {
      "modified_date": "2012-02-21 12:31:07",
      "history_for": 412,
      "version": 1,
      "content_type": "text/xml",
      "created_date": "2012-02-21 12:31:07",
      "owner": 220,
      "contents": "<?xml version=\"1.0\" encoding=\"UTF-8\" ?> \n<addon id=\"412\">\n\n\t<metadata>\n\t\t<title>Hello world Addon</title>\n\t\t<description>\n\t\t\tEnter addon description here\n\t\t</description>\n\t</metadata>\n\t\n\t<model>\n\t\t<property name=\"Text\" type=\"string\"/>\n\t</model>\n\t\n\t<view>\n\t\t&lt;p&gt;test&lt;/p&gt;\n\t</view>\n\t\n\t<preview>\n\t\t&lt;p&gt;Addon 412&lt;/p&gt;\n\t</preview>\n\t\n\t<presenter>\n\t\tfunction Addon412_create(){\n\t\t\t\n\t\t\tvar presenter = function(){}\n\n\t\t\tvar element;\n\t\t\t\n\t\t\tpresenter.run = function(view, model){\n\t\t\t\t\n\t\t\t\telement = view.getElementsByTagName('p')[0];\n\t\t\t\telement.innerHTML = model['Text'];\n\t\t\t}\n\n\t\t\tpresenter.setShowErrorsMode = function(){\n\t\t\t\telement.innerHTML = 'setShowErrorsMode';\n\t\t\t}\n\t\t\t\n\t\t\tpresenter.setWorkMode = function(){\n\t\t\t\telement.innerHTML = 'setWorkMode';\n\t\t\t}\n\t\t\t\n\t\t\tpresenter.reset = function(){\n\t\t\t\telement.innerHTML = 'Reset';\n\t\t\t}\n\t\t\t\n\t\t\tpresenter.getErrorCount = function(){\n\t\t\t\treturn 7;\n\t\t\t}\n\t\t\t\n\t\t\tpresenter.getMaxScore = function(){\n\t\t\t\treturn 3;\n\t\t\t}\n\t\t\t\n\t\t\tpresenter.getScore = function(){\n\t\t\t\treturn 1;\n\t\t\t}\n\t\t\t\n\t\t\tpresenter.getState = function(){\n\t\t\t\telement.innerHTML = 'Get state';\n\t\t\t\treturn \"State saved\";\n\t\t\t}\n\n\t\t\tpresenter.setState = function(state){\n\t\t\t\telement.innerHTML = 'Set state';\n\t\t\t}\n\n\t\t\treturn presenter;\n\t\t}\n\t\t\n\t</presenter>\n\t\n</addon>\n"
    }
  },
  {
    "pk": 432,
    "model": "filestorage.filestorage",
    "fields": {
      "modified_date": "2012-02-23 13:31:54",
      "history_for": null,
      "version": null,
      "content_type": "text/xml",
      "created_date": "2012-02-23 13:31:54",
      "owner": 205,
      "contents": "<?xml version='1.0' encoding='UTF-8' ?> \n\n<page>\n\t<modules> \n\t\n\t\t<textModule id=\"Title\" left=\"5\" top=\"3\" width=\"90\" height=\"7\" style=\"\">\n\t\t\t<text>&lt;div style=&quot;text-align: center;&quot;&gt;Title&lt;/div&gt;</text>\n\t\t</textModule>\t\n\t\t<buttonModule id=\"PrevPage\" left=\"0\" top=\"90\" width=\"10\" height=\"10\" style=\"\">\n\t\t\t<button type=\"prevPage\" text=\"\"/>\n\t\t</buttonModule>\n\t\t<buttonModule id=\"NextPage\" left=\"90\" top=\"90\" width=\"10\" height=\"10\" style=\"\">\n\t\t\t<button type=\"nextPage\" text=\"\"/>\n\t\t</buttonModule>\n    </modules> \n</page>\n"
    }
  },
  {
    "pk": 433,
    "model": "filestorage.filestorage",
    "fields": {
      "modified_date": "2012-02-23 13:31:54",
      "history_for": 434,
      "version": 1,
      "content_type": "text/xml",
      "created_date": "2012-02-23 13:31:54",
      "owner": 205,
      "contents": "<?xml version='1.0' encoding='UTF-8' ?>\n<interactiveContent>\n\n\t<style href=\"/media/content/styles/default/content.css\"/>\n\t\n\t<pages>\n    \t<page name='page 1' href='432'/> \n    </pages>\n</interactiveContent>"
    }
  },
  {
    "pk": 437,
    "model": "filestorage.filestorage",
    "fields": {
      "modified_date": "2012-02-24 09:09:50",
      "history_for": null,
      "version": null,
      "content_type": "text/xml",
      "created_date": "2012-02-24 09:09:50",
      "owner": 205,
      "contents": "<?xml version='1.0' encoding='UTF-8' ?> \n\n<page>\n\t<modules> \n\t\n\t\t<textModule id=\"Title\" left=\"5\" top=\"3\" width=\"90\" height=\"7\" style=\"\">\n\t\t\t<text>&lt;div style=&quot;text-align: center;&quot;&gt;Title&lt;/div&gt;</text>\n\t\t</textModule>\t\n\t\t<buttonModule id=\"PrevPage\" left=\"0\" top=\"90\" width=\"10\" height=\"10\" style=\"\">\n\t\t\t<button type=\"prevPage\" text=\"\"/>\n\t\t</buttonModule>\n\t\t<buttonModule id=\"NextPage\" left=\"90\" top=\"90\" width=\"10\" height=\"10\" style=\"\">\n\t\t\t<button type=\"nextPage\" text=\"\"/>\n\t\t</buttonModule>\n    </modules> \n</page>\n"
    }
  },
  {
    "pk": 438,
    "model": "filestorage.filestorage",
    "fields": {
      "modified_date": "2012-02-24 09:09:50",
      "history_for": 439,
      "version": 1,
      "content_type": "text/xml",
      "created_date": "2012-02-24 09:09:50",
      "owner": 205,
      "contents": "<?xml version='1.0' encoding='UTF-8' ?>\n<interactiveContent>\n\n\t<style href=\"/media/content/styles/default/content.css\"/>\n\t\n\t<pages>\n    \t<page name='page 1' href='437'/> \n    </pages>\n</interactiveContent>"
    }
  },
  {
    "pk": 441,
    "model": "filestorage.filestorage",
    "fields": {
      "modified_date": "2012-02-24 13:08:20",
      "history_for": null,
      "version": null,
      "content_type": "text/xml",
      "created_date": "2012-02-24 13:08:20",
      "owner": 205,
      "contents": "<?xml version='1.0' encoding='UTF-8' ?> \n\n<page>\n\t<modules> \n\t\n\t\t<textModule id=\"Title\" left=\"5\" top=\"3\" width=\"90\" height=\"7\" style=\"\">\n\t\t\t<text>&lt;div style=&quot;text-align: center;&quot;&gt;Title&lt;/div&gt;</text>\n\t\t</textModule>\t\n\t\t<buttonModule id=\"PrevPage\" left=\"0\" top=\"90\" width=\"10\" height=\"10\" style=\"\">\n\t\t\t<button type=\"prevPage\" text=\"\"/>\n\t\t</buttonModule>\n\t\t<buttonModule id=\"NextPage\" left=\"90\" top=\"90\" width=\"10\" height=\"10\" style=\"\">\n\t\t\t<button type=\"nextPage\" text=\"\"/>\n\t\t</buttonModule>\n    </modules> \n</page>\n"
    }
  },
  {
    "pk": 442,
    "model": "filestorage.filestorage",
    "fields": {
      "modified_date": "2012-02-24 13:08:20",
      "history_for": 443,
      "version": 1,
      "content_type": "text/xml",
      "created_date": "2012-02-24 13:08:20",
      "owner": 205,
      "contents": "<?xml version='1.0' encoding='UTF-8' ?>\n<interactiveContent>\n\n\t<style href=\"/media/content/styles/default/content.css\"/>\n\t\n\t<pages>\n    \t<page name='page 1' href='441'/> \n    </pages>\n</interactiveContent>"
    }
  },
  {
    "pk": 95,
    "model": "filestorage.uploadedfile",
    "fields": {
      "owner": 16,
      "content_type": "image/gif",
      "file": "fuPG6Sg4HX9gz-4Ug2o2sA==/uploads/2012/02/09/17/11/38/Husky-Logo-100x100_full.gif"
    }
  },
  {
    "pk": 103,
    "model": "filestorage.uploadedfile",
    "fields": {
      "owner": 16,
      "content_type": "image/png",
      "file": "tW4qs4IS1BYu-1UAMYueXQ==/uploads/2012/02/09/17/13/51/default_addon.png"
    }
  },
  {
    "pk": 107,
    "model": "filestorage.uploadedfile",
    "fields": {
      "owner": 16,
      "content_type": "image/png",
      "file": "q8n5-TPa9cW52DjGhntPvg==/uploads/2012/02/10/11/17/52/__Featured5.png"
    }
  },
  {
    "pk": 109,
    "model": "filestorage.uploadedfile",
    "fields": {
      "owner": 16,
      "content_type": "image/gif",
      "file": "HcTdyuehO4rz5U62DWzFGA==/uploads/2012/02/10/11/26/10/Husky-Logo-100x100_full.gif"
    }
  },
  {
    "pk": 124,
    "model": "filestorage.uploadedfile",
    "fields": {
      "owner": 16,
      "content_type": "image/png",
      "file": "TxOkpBNWB_vDK9zV3QJKnw==/uploads/2012/02/10/12/57/12/default_addon.png"
    }
  },
  {
    "pk": 126,
    "model": "filestorage.uploadedfile",
    "fields": {
      "owner": 16,
      "content_type": "image/gif",
      "file": "dje4Jk_ekyGiBhhxQEV5PQ==/uploads/2012/02/10/12/57/18/Husky-Logo-100x100_full.gif"
    }
  },
  {
    "pk": 131,
    "model": "filestorage.uploadedfile",
    "fields": {
      "owner": 16,
      "content_type": "image/png",
      "file": "zXAWWaaY-ynLSVBbCThVtg==/uploads/2012/02/10/13/41/19/default_addon.png"
    }
  },
  {
    "pk": 136,
    "model": "filestorage.uploadedfile",
    "fields": {
      "owner": 16,
      "content_type": "image/gif",
      "file": "0EB41LgVlrsR-YijKfs_5w==/uploads/2012/02/10/14/20/31/Husky-Logo-100x100_full.gif"
    }
  },
  {
    "pk": 139,
    "model": "filestorage.uploadedfile",
    "fields": {
      "owner": 16,
      "content_type": "image/gif",
      "file": "DllI4mBVhqfLlrHjzwQilw==/uploads/2012/02/10/14/40/13/Husky-Logo-100x100_full.gif"
    }
  },
  {
    "pk": 142,
    "model": "filestorage.uploadedfile",
    "fields": {
      "owner": 16,
      "content_type": "image/gif",
      "file": "EbceCiWYZ-Sn3IHj0fer7Q==/uploads/2012/02/10/16/40/05/Husky-Logo-100x100_full.gif"
    }
  },
  {
    "pk": 145,
    "model": "filestorage.uploadedfile",
    "fields": {
      "owner": 16,
      "content_type": "image/png",
      "file": "gmGGtegwPHSQUVMuHXbIOg==/uploads/2012/02/10/17/11/05/default_addon.png"
    }
  },
  {
    "pk": 147,
    "model": "filestorage.uploadedfile",
    "fields": {
      "owner": 16,
      "content_type": "image/gif",
      "file": "fDrBhlmAjTB02eQuMgQEDw==/uploads/2012/02/10/17/11/10/Husky-Logo-100x100_full.gif"
    }
  },
  {
    "pk": 202,
    "model": "filestorage.uploadedfile",
    "fields": {
      "owner": 16,
      "content_type": "image/gif",
      "file": "Bq82cODjTYnKINTdsdPOnA==/uploads/2012/02/17/11/45/43/Husky-Logo-100x100_full.gif"
    }
  },
  {
    "pk": 347,
    "model": "filestorage.uploadedfile",
    "fields": {
      "owner": 333,
      "content_type": "image/jpeg",
      "file": "f0CmlVXa-447yQnSSDPX8Q==/uploads/2012/02/20/13/30/11/Penguins.jpg"
    }
  },
  {
    "pk": 350,
    "model": "filestorage.uploadedfile",
    "fields": {
      "owner": 333,
      "content_type": "image/png",
      "file": "1_qKA5mbx2dXo6uE9gSXNg==/uploads/2012/02/20/13/30/55/lastnode.png"
    }
  },
  {
    "pk": 158,
    "model": "wiki.wikipage",
    "fields": {
      "modified_date": "2012-02-13 12:55:42",
      "is_toc": false,
      "author": 16,
      "url": "Help",
      "text": "You can get help here.",
      "title": "Help"
    }
  },
  {
    "pk": 159,
    "model": "wiki.wikipage",
    "fields": {
      "modified_date": "2012-02-13 13:33:42",
      "is_toc": false,
      "author": 16,
      "url": "test",
      "text": "test",
      "title": "test"
    }
  },
  {
    "pk": 96,
    "model": "corporate.corporatelogo",
    "fields": {
      "logo": 202,
      "space": 77
    }
  },
  {
    "pk": 348,
    "model": "corporate.corporatelogo",
    "fields": {
      "logo": 350,
      "space": 338
    }
  },
  {
    "pk": 319,
    "model": "corporate.corporatepublicspace",
    "fields": {
      "public_category": 223,
      "company": 253
    }
  },
  {
    "pk": 330,
    "model": "corporate.corporatepublicspace",
    "fields": {
      "public_category": 328,
      "company": 327
    }
  },
  {
    "pk": 341,
    "model": "corporate.corporatepublicspace",
    "fields": {
      "public_category": 339,
      "company": 338
    }
  },
  {
    "pk": 325,
    "model": "admin.logentry",
    "fields": {
      "action_flag": 3,
      "action_time": "2012-02-20 12:11:18",
      "object_repr": "kgebert:corpKgbert <owner>",
      "object_id": "80",
      "change_message": "",
      "user": 16,
      "content_type": 21
    }
  },
  {
    "pk": 320,
    "model": "admin.logentry",
    "fields": {
      "action_flag": 1,
      "action_time": "2012-02-20 09:45:16",
      "object_repr": "Solwit:Solwit Public",
      "object_id": "319",
      "change_message": "",
      "user": 16,
      "content_type": 318
    }
  },
  {
    "pk": 316,
    "model": "admin.logentry",
    "fields": {
      "action_flag": 1,
      "action_time": "2012-02-20 09:43:35",
      "object_repr": "owner1:Solwit Public <owner>",
      "object_id": "315",
      "change_message": "",
      "user": 16,
      "content_type": 21
    }
  },
  {
    "pk": 308,
    "model": "admin.logentry",
    "fields": {
      "action_flag": 1,
      "action_time": "2012-02-17 16:37:34",
      "object_repr": "user:user <owner>",
      "object_id": "307",
      "change_message": "",
      "user": 16,
      "content_type": 21
    }
  },
  {
    "pk": 305,
    "model": "admin.logentry",
    "fields": {
      "action_flag": 1,
      "action_time": "2012-02-17 16:37:25",
      "object_repr": "write:write <owner>",
      "object_id": "304",
      "change_message": "",
      "user": 16,
      "content_type": 21
    }
  },
  {
    "pk": 302,
    "model": "admin.logentry",
    "fields": {
      "action_flag": 1,
      "action_time": "2012-02-17 16:37:15",
      "object_repr": "read:read <owner>",
      "object_id": "301",
      "change_message": "",
      "user": 16,
      "content_type": 21
    }
  },
  {
    "pk": 299,
    "model": "admin.logentry",
    "fields": {
      "action_flag": 1,
      "action_time": "2012-02-17 16:37:07",
      "object_repr": "owner3:owner3 <owner>",
      "object_id": "298",
      "change_message": "",
      "user": 16,
      "content_type": 21
    }
  },
  {
    "pk": 296,
    "model": "admin.logentry",
    "fields": {
      "action_flag": 1,
      "action_time": "2012-02-17 16:36:59",
      "object_repr": "owner2:owner2 <owner>",
      "object_id": "295",
      "change_message": "",
      "user": 16,
      "content_type": 21
    }
  },
  {
    "pk": 293,
    "model": "admin.logentry",
    "fields": {
      "action_flag": 1,
      "action_time": "2012-02-17 16:36:50",
      "object_repr": "owner1:owner1 <owner>",
      "object_id": "292",
      "change_message": "",
      "user": 16,
      "content_type": 21
    }
  },
  {
    "pk": 290,
    "model": "admin.logentry",
    "fields": {
      "action_flag": 1,
      "action_time": "2012-02-17 16:30:42",
      "object_repr": "user",
      "object_id": "289",
      "change_message": "",
      "user": 16,
      "content_type": 17
    }
  },
  {
    "pk": 287,
    "model": "admin.logentry",
    "fields": {
      "action_flag": 1,
      "action_time": "2012-02-17 16:30:33",
      "object_repr": "write",
      "object_id": "286",
      "change_message": "",
      "user": 16,
      "content_type": 17
    }
  },
  {
    "pk": 284,
    "model": "admin.logentry",
    "fields": {
      "action_flag": 1,
      "action_time": "2012-02-17 16:30:20",
      "object_repr": "read",
      "object_id": "283",
      "change_message": "",
      "user": 16,
      "content_type": 17
    }
  },
  {
    "pk": 281,
    "model": "admin.logentry",
    "fields": {
      "action_flag": 1,
      "action_time": "2012-02-17 16:30:12",
      "object_repr": "owner3",
      "object_id": "280",
      "change_message": "",
      "user": 16,
      "content_type": 17
    }
  },
  {
    "pk": 278,
    "model": "admin.logentry",
    "fields": {
      "action_flag": 1,
      "action_time": "2012-02-17 16:30:01",
      "object_repr": "owner2",
      "object_id": "277",
      "change_message": "",
      "user": 16,
      "content_type": 17
    }
  },
  {
    "pk": 275,
    "model": "admin.logentry",
    "fields": {
      "action_flag": 1,
      "action_time": "2012-02-17 16:29:49",
      "object_repr": "owner1",
      "object_id": "274",
      "change_message": "",
      "user": 16,
      "content_type": 17
    }
  },
  {
    "pk": 272,
    "model": "admin.logentry",
    "fields": {
      "action_flag": 2,
      "action_time": "2012-02-17 16:29:19",
      "object_repr": "owner1:Solwit <owner>",
      "object_id": "238",
      "change_message": "Changed space.",
      "user": 16,
      "content_type": 21
    }
  },
  {
    "pk": 270,
    "model": "admin.logentry",
    "fields": {
      "action_flag": 2,
      "action_time": "2012-02-17 16:28:47",
      "object_repr": "owner2:Solwit IT <owner>",
      "object_id": "241",
      "change_message": "Changed space.",
      "user": 16,
      "content_type": 21
    }
  },
  {
    "pk": 268,
    "model": "admin.logentry",
    "fields": {
      "action_flag": 2,
      "action_time": "2012-02-17 16:28:27",
      "object_repr": "owner3:Solwit HR <owner>",
      "object_id": "244",
      "change_message": "Changed space.",
      "user": 16,
      "content_type": 21
    }
  },
  {
    "pk": 266,
    "model": "admin.logentry",
    "fields": {
      "action_flag": 2,
      "action_time": "2012-02-17 16:27:59",
      "object_repr": "read:Solwit IT <read>",
      "object_id": "247",
      "change_message": "Changed space.",
      "user": 16,
      "content_type": 21
    }
  },
  {
    "pk": 264,
    "model": "admin.logentry",
    "fields": {
      "action_flag": 2,
      "action_time": "2012-02-17 16:27:12",
      "object_repr": "Solwit IT",
      "object_id": "256",
      "change_message": "Changed title.",
      "user": 16,
      "content_type": 17
    }
  },
  {
    "pk": 262,
    "model": "admin.logentry",
    "fields": {
      "action_flag": 2,
      "action_time": "2012-02-17 16:26:17",
      "object_repr": "write:Solwit HR <write>",
      "object_id": "250",
      "change_message": "Changed space.",
      "user": 16,
      "content_type": 21
    }
  },
  {
    "pk": 260,
    "model": "admin.logentry",
    "fields": {
      "action_flag": 1,
      "action_time": "2012-02-17 16:25:28",
      "object_repr": "Solwit HR",
      "object_id": "259",
      "change_message": "",
      "user": 16,
      "content_type": 17
    }
  },
  {
    "pk": 257,
    "model": "admin.logentry",
    "fields": {
      "action_flag": 1,
      "action_time": "2012-02-17 16:25:03",
      "object_repr": "Solwit IT Public",
      "object_id": "256",
      "change_message": "",
      "user": 16,
      "content_type": 17
    }
  },
  {
    "pk": 254,
    "model": "admin.logentry",
    "fields": {
      "action_flag": 1,
      "action_time": "2012-02-17 16:24:48",
      "object_repr": "Solwit",
      "object_id": "253",
      "change_message": "",
      "user": 16,
      "content_type": 17
    }
  },
  {
    "pk": 251,
    "model": "admin.logentry",
    "fields": {
      "action_flag": 1,
      "action_time": "2012-02-17 16:17:24",
      "object_repr": "write:Solwit HR Public <write>",
      "object_id": "250",
      "change_message": "",
      "user": 16,
      "content_type": 21
    }
  },
  {
    "pk": 248,
    "model": "admin.logentry",
    "fields": {
      "action_flag": 1,
      "action_time": "2012-02-17 16:16:41",
      "object_repr": "read:Solwit IT Public <read>",
      "object_id": "247",
      "change_message": "",
      "user": 16,
      "content_type": 21
    }
  },
  {
    "pk": 245,
    "model": "admin.logentry",
    "fields": {
      "action_flag": 1,
      "action_time": "2012-02-17 16:16:06",
      "object_repr": "owner3:Solwit HR Public <owner>",
      "object_id": "244",
      "change_message": "",
      "user": 16,
      "content_type": 21
    }
  },
  {
    "pk": 242,
    "model": "admin.logentry",
    "fields": {
      "action_flag": 1,
      "action_time": "2012-02-17 16:15:57",
      "object_repr": "owner2:Solwit IT Public <owner>",
      "object_id": "241",
      "change_message": "",
      "user": 16,
      "content_type": 21
    }
  },
  {
    "pk": 239,
    "model": "admin.logentry",
    "fields": {
      "action_flag": 1,
      "action_time": "2012-02-17 16:15:41",
      "object_repr": "owner1:Solwit Public <owner>",
      "object_id": "238",
      "change_message": "",
      "user": 16,
      "content_type": 21
    }
  },
  {
    "pk": 236,
    "model": "admin.logentry",
    "fields": {
      "action_flag": 1,
      "action_time": "2012-02-17 16:15:19",
      "object_repr": "IT Administracja",
      "object_id": "235",
      "change_message": "",
      "user": 16,
      "content_type": 17
    }
  },
  {
    "pk": 233,
    "model": "admin.logentry",
    "fields": {
      "action_flag": 1,
      "action_time": "2012-02-17 16:14:44",
      "object_repr": "IT Programowanie",
      "object_id": "232",
      "change_message": "",
      "user": 16,
      "content_type": 17
    }
  },
  {
    "pk": 230,
    "model": "admin.logentry",
    "fields": {
      "action_flag": 1,
      "action_time": "2012-02-17 16:13:59",
      "object_repr": "Solwit HR Public",
      "object_id": "229",
      "change_message": "",
      "user": 16,
      "content_type": 17
    }
  },
  {
    "pk": 227,
    "model": "admin.logentry",
    "fields": {
      "action_flag": 1,
      "action_time": "2012-02-17 16:13:39",
      "object_repr": "Solwit IT Public",
      "object_id": "226",
      "change_message": "",
      "user": 16,
      "content_type": 17
    }
  },
  {
    "pk": 224,
    "model": "admin.logentry",
    "fields": {
      "action_flag": 1,
      "action_time": "2012-02-17 16:13:15",
      "object_repr": "Solwit Public",
      "object_id": "223",
      "change_message": "",
      "user": 16,
      "content_type": 17
    }
  },
  {
    "pk": 221,
    "model": "admin.logentry",
    "fields": {
      "action_flag": 1,
      "action_time": "2012-02-17 16:10:44",
      "object_repr": "user",
      "object_id": "220",
      "change_message": "",
      "user": 16,
      "content_type": 204
    }
  },
  {
    "pk": 218,
    "model": "admin.logentry",
    "fields": {
      "action_flag": 1,
      "action_time": "2012-02-17 16:10:35",
      "object_repr": "write",
      "object_id": "217",
      "change_message": "",
      "user": 16,
      "content_type": 204
    }
  },
  {
    "pk": 215,
    "model": "admin.logentry",
    "fields": {
      "action_flag": 1,
      "action_time": "2012-02-17 16:10:24",
      "object_repr": "read",
      "object_id": "214",
      "change_message": "",
      "user": 16,
      "content_type": 204
    }
  },
  {
    "pk": 212,
    "model": "admin.logentry",
    "fields": {
      "action_flag": 1,
      "action_time": "2012-02-17 16:10:08",
      "object_repr": "owner3",
      "object_id": "211",
      "change_message": "",
      "user": 16,
      "content_type": 204
    }
  },
  {
    "pk": 209,
    "model": "admin.logentry",
    "fields": {
      "action_flag": 1,
      "action_time": "2012-02-17 16:09:46",
      "object_repr": "owner2",
      "object_id": "208",
      "change_message": "",
      "user": 16,
      "content_type": 204
    }
  },
  {
    "pk": 206,
    "model": "admin.logentry",
    "fields": {
      "action_flag": 1,
      "action_time": "2012-02-17 16:09:29",
      "object_repr": "owner1",
      "object_id": "205",
      "change_message": "",
      "user": 16,
      "content_type": 204
    }
  },
  {
    "pk": 185,
    "model": "admin.logentry",
    "fields": {
      "action_flag": 3,
      "action_time": "2012-02-17 09:25:43",
      "object_repr": "Heniek",
      "object_id": "182",
      "change_message": "",
      "user": 16,
      "content_type": 17
    }
  },
  {
    "pk": 183,
    "model": "admin.logentry",
    "fields": {
      "action_flag": 1,
      "action_time": "2012-02-17 09:25:33",
      "object_repr": "Heniek",
      "object_id": "182",
      "change_message": "",
      "user": 16,
      "content_type": 17
    }
  },
  {
    "pk": 121,
    "model": "admin.logentry",
    "fields": {
      "action_flag": 1,
      "action_time": "2012-02-10 12:52:30",
      "object_repr": "corpKarol:karol",
      "object_id": "120",
      "change_message": "",
      "user": 16,
      "content_type": 21
    }
  },
  {
    "pk": 118,
    "model": "admin.logentry",
    "fields": {
      "action_flag": 1,
      "action_time": "2012-02-10 12:52:12",
      "object_repr": "corpKarol",
      "object_id": "117",
      "change_message": "",
      "user": 16,
      "content_type": 17
    }
  },
  {
    "pk": 100,
    "model": "admin.logentry",
    "fields": {
      "action_flag": 2,
      "action_time": "2012-02-09 17:13:30",
      "object_repr": "corpKgbert:kgebert",
      "object_id": "80",
      "change_message": "Changed access_right.",
      "user": 16,
      "content_type": 21
    }
  },
  {
    "pk": 98,
    "model": "admin.logentry",
    "fields": {
      "action_flag": 2,
      "action_time": "2012-02-09 17:13:04",
      "object_repr": "corpKgbert:kgebert",
      "object_id": "80",
      "change_message": "Changed access_right.",
      "user": 16,
      "content_type": 21
    }
  },
  {
    "pk": 81,
    "model": "admin.logentry",
    "fields": {
      "action_flag": 1,
      "action_time": "2012-02-09 15:57:36",
      "object_repr": "corpKgbert:kgebert",
      "object_id": "80",
      "change_message": "",
      "user": 16,
      "content_type": 21
    }
  },
  {
    "pk": 78,
    "model": "admin.logentry",
    "fields": {
      "action_flag": 1,
      "action_time": "2012-02-09 15:56:49",
      "object_repr": "corpKgbert",
      "object_id": "77",
      "change_message": "",
      "user": 16,
      "content_type": 17
    }
  },
  {
    "pk": 31,
    "model": "admin.logentry",
    "fields": {
      "action_flag": 1,
      "action_time": "2012-02-09 13:26:05",
      "object_repr": "karol:karol",
      "object_id": "30",
      "change_message": "",
      "user": 16,
      "content_type": 21
    }
  },
  {
    "pk": 28,
    "model": "admin.logentry",
    "fields": {
      "action_flag": 2,
      "action_time": "2012-02-09 13:25:51",
      "object_repr": "kgebert",
      "object_id": "18",
      "change_message": "Changed title.",
      "user": 16,
      "content_type": 17
    }
  },
  {
    "pk": 26,
    "model": "admin.logentry",
    "fields": {
      "action_flag": 1,
      "action_time": "2012-02-09 13:25:40",
      "object_repr": "karol",
      "object_id": "25",
      "change_message": "",
      "user": 16,
      "content_type": 17
    }
  },
  {
    "pk": 23,
    "model": "admin.logentry",
    "fields": {
      "action_flag": 1,
      "action_time": "2012-02-09 13:06:25",
      "object_repr": "s:kgebert",
      "object_id": "22",
      "change_message": "",
      "user": 16,
      "content_type": 21
    }
  },
  {
    "pk": 19,
    "model": "admin.logentry",
    "fields": {
      "action_flag": 1,
      "action_time": "2012-02-09 13:06:10",
      "object_repr": "s",
      "object_id": "18",
      "change_message": "",
      "user": 16,
      "content_type": 17
    }
  }
]