[
  {
    "pk": 68,
    "model": "contenttypes.contenttype",
    "fields": {
      "model": "content",
      "name": "content",
      "app_label": "mycontent"
    }
  },
  {
    "pk": 69,
    "model": "contenttypes.contenttype",
    "fields": {
      "model": "contentaccess",
      "name": "content access",
      "app_label": "mycontent"
    }
  },
  {
    "pk": 70,
    "model": "contenttypes.contenttype",
    "fields": {
      "model": "contentlabels",
      "name": "content labels",
      "app_label": "mycontent"
    }
  },
  {
    "pk": 73,
    "model": "contenttypes.contenttype",
    "fields": {
      "model": "contentlike",
      "name": "content like",
      "app_label": "mycontent"
    }
  },
  {
    "pk": 72,
    "model": "contenttypes.contenttype",
    "fields": {
      "model": "contentresult",
      "name": "content result",
      "app_label": "mycontent"
    }
  },
  {
    "pk": 71,
    "model": "contenttypes.contenttype",
    "fields": {
      "model": "contentspace",
      "name": "content space",
      "app_label": "mycontent"
    }
  },
  {
    "pk": 20,
    "model": "contenttypes.contenttype",
    "fields": {
      "model": "contenttype",
      "name": "content type",
      "app_label": "contenttypes"
    }
  },
  {
    "pk": 100,
    "model": "contenttypes.contenttype",
    "fields": {
      "model": "filestorage",
      "name": "file storage",
      "app_label": "filestorage"
    }
  },
  {
    "pk": 25,
    "model": "contenttypes.contenttype",
    "fields": {
      "model": "group",
      "name": "group",
      "app_label": "auth"
    }
  },
  {
    "pk": 64,
    "model": "contenttypes.contenttype",
    "fields": {
      "model": "label",
      "name": "label",
      "app_label": "labels"
    }
  },
  {
    "pk": 16,
    "model": "contenttypes.contenttype",
    "fields": {
      "model": "logentry",
      "name": "log entry",
      "app_label": "admin"
    }
  },
  {
    "pk": 27,
    "model": "contenttypes.contenttype",
    "fields": {
      "model": "message",
      "name": "message",
      "app_label": "auth"
    }
  },
  {
    "pk": 24,
    "model": "contenttypes.contenttype",
    "fields": {
      "model": "permission",
      "name": "permission",
      "app_label": "auth"
    }
  },
  {
    "pk": 57,
    "model": "contenttypes.contenttype",
    "fields": {
      "model": "post",
      "name": "post",
      "app_label": "forum"
    }
  },
  {
    "pk": 48,
    "model": "contenttypes.contenttype",
    "fields": {
      "model": "registrationprofile",
      "name": "registration profile",
      "app_label": "registration"
    }
  },
  {
    "pk": 44,
    "model": "contenttypes.contenttype",
    "fields": {
      "model": "relationindex_mycontent_content_search_index",
      "name": "relation index_mycontent_ content_search_index",
      "app_label": "search"
    }
  },
  {
    "pk": 40,
    "model": "contenttypes.contenttype",
    "fields": {
      "model": "session",
      "name": "session",
      "app_label": "sessions"
    }
  },
  {
    "pk": 92,
    "model": "contenttypes.contenttype",
    "fields": {
      "model": "space",
      "name": "space",
      "app_label": "spaces"
    }
  },
  {
    "pk": 93,
    "model": "contenttypes.contenttype",
    "fields": {
      "model": "spaceaccess",
      "name": "space access",
      "app_label": "spaces"
    }
  },
  {
    "pk": 56,
    "model": "contenttypes.contenttype",
    "fields": {
      "model": "topic",
      "name": "topic",
      "app_label": "forum"
    }
  },
  {
    "pk": 101,
    "model": "contenttypes.contenttype",
    "fields": {
      "model": "uploadedfile",
      "name": "uploaded file",
      "app_label": "filestorage"
    }
  },
  {
    "pk": 26,
    "model": "contenttypes.contenttype",
    "fields": {
      "model": "user",
      "name": "user",
      "app_label": "auth"
    }
  },
  {
    "pk": 52,
    "model": "contenttypes.contenttype",
    "fields": {
      "model": "userfeedback",
      "name": "user feedback",
      "app_label": "editor"
    }
  },
  {
    "pk": 108,
    "model": "contenttypes.contenttype",
    "fields": {
      "model": "wikipage",
      "name": "wiki page",
      "app_label": "wiki"
    }
  },
  {
    "pk": 74,
    "model": "auth.permission",
    "fields": {
      "codename": "add_content",
      "name": "Can add content",
      "content_type": 68
    }
  },
  {
    "pk": 77,
    "model": "auth.permission",
    "fields": {
      "codename": "add_contentaccess",
      "name": "Can add content access",
      "content_type": 69
    }
  },
  {
    "pk": 80,
    "model": "auth.permission",
    "fields": {
      "codename": "add_contentlabels",
      "name": "Can add content labels",
      "content_type": 70
    }
  },
  {
    "pk": 89,
    "model": "auth.permission",
    "fields": {
      "codename": "add_contentlike",
      "name": "Can add content like",
      "content_type": 73
    }
  },
  {
    "pk": 86,
    "model": "auth.permission",
    "fields": {
      "codename": "add_contentresult",
      "name": "Can add content result",
      "content_type": 72
    }
  },
  {
    "pk": 83,
    "model": "auth.permission",
    "fields": {
      "codename": "add_contentspace",
      "name": "Can add content space",
      "content_type": 71
    }
  },
  {
    "pk": 21,
    "model": "auth.permission",
    "fields": {
      "codename": "add_contenttype",
      "name": "Can add content type",
      "content_type": 20
    }
  },
  {
    "pk": 102,
    "model": "auth.permission",
    "fields": {
      "codename": "add_filestorage",
      "name": "Can add file storage",
      "content_type": 100
    }
  },
  {
    "pk": 31,
    "model": "auth.permission",
    "fields": {
      "codename": "add_group",
      "name": "Can add group",
      "content_type": 25
    }
  },
  {
    "pk": 65,
    "model": "auth.permission",
    "fields": {
      "codename": "add_label",
      "name": "Can add label",
      "content_type": 64
    }
  },
  {
    "pk": 17,
    "model": "auth.permission",
    "fields": {
      "codename": "add_logentry",
      "name": "Can add log entry",
      "content_type": 16
    }
  },
  {
    "pk": 37,
    "model": "auth.permission",
    "fields": {
      "codename": "add_message",
      "name": "Can add message",
      "content_type": 27
    }
  },
  {
    "pk": 28,
    "model": "auth.permission",
    "fields": {
      "codename": "add_permission",
      "name": "Can add permission",
      "content_type": 24
    }
  },
  {
    "pk": 61,
    "model": "auth.permission",
    "fields": {
      "codename": "add_post",
      "name": "Can add post",
      "content_type": 57
    }
  },
  {
    "pk": 49,
    "model": "auth.permission",
    "fields": {
      "codename": "add_registrationprofile",
      "name": "Can add registration profile",
      "content_type": 48
    }
  },
  {
    "pk": 45,
    "model": "auth.permission",
    "fields": {
      "codename": "add_relationindex_mycontent_content_search_index",
      "name": "Can add relation index_mycontent_ content_search_index",
      "content_type": 44
    }
  },
  {
    "pk": 41,
    "model": "auth.permission",
    "fields": {
      "codename": "add_session",
      "name": "Can add session",
      "content_type": 40
    }
  },
  {
    "pk": 94,
    "model": "auth.permission",
    "fields": {
      "codename": "add_space",
      "name": "Can add space",
      "content_type": 92
    }
  },
  {
    "pk": 97,
    "model": "auth.permission",
    "fields": {
      "codename": "add_spaceaccess",
      "name": "Can add space access",
      "content_type": 93
    }
  },
  {
    "pk": 58,
    "model": "auth.permission",
    "fields": {
      "codename": "add_topic",
      "name": "Can add topic",
      "content_type": 56
    }
  },
  {
    "pk": 105,
    "model": "auth.permission",
    "fields": {
      "codename": "add_uploadedfile",
      "name": "Can add uploaded file",
      "content_type": 101
    }
  },
  {
    "pk": 34,
    "model": "auth.permission",
    "fields": {
      "codename": "add_user",
      "name": "Can add user",
      "content_type": 26
    }
  },
  {
    "pk": 53,
    "model": "auth.permission",
    "fields": {
      "codename": "add_userfeedback",
      "name": "Can add user feedback",
      "content_type": 52
    }
  },
  {
    "pk": 109,
    "model": "auth.permission",
    "fields": {
      "codename": "add_wikipage",
      "name": "Can add wiki page",
      "content_type": 108
    }
  },
  {
    "pk": 75,
    "model": "auth.permission",
    "fields": {
      "codename": "change_content",
      "name": "Can change content",
      "content_type": 68
    }
  },
  {
    "pk": 78,
    "model": "auth.permission",
    "fields": {
      "codename": "change_contentaccess",
      "name": "Can change content access",
      "content_type": 69
    }
  },
  {
    "pk": 81,
    "model": "auth.permission",
    "fields": {
      "codename": "change_contentlabels",
      "name": "Can change content labels",
      "content_type": 70
    }
  },
  {
    "pk": 90,
    "model": "auth.permission",
    "fields": {
      "codename": "change_contentlike",
      "name": "Can change content like",
      "content_type": 73
    }
  },
  {
    "pk": 87,
    "model": "auth.permission",
    "fields": {
      "codename": "change_contentresult",
      "name": "Can change content result",
      "content_type": 72
    }
  },
  {
    "pk": 84,
    "model": "auth.permission",
    "fields": {
      "codename": "change_contentspace",
      "name": "Can change content space",
      "content_type": 71
    }
  },
  {
    "pk": 22,
    "model": "auth.permission",
    "fields": {
      "codename": "change_contenttype",
      "name": "Can change content type",
      "content_type": 20
    }
  },
  {
    "pk": 103,
    "model": "auth.permission",
    "fields": {
      "codename": "change_filestorage",
      "name": "Can change file storage",
      "content_type": 100
    }
  },
  {
    "pk": 32,
    "model": "auth.permission",
    "fields": {
      "codename": "change_group",
      "name": "Can change group",
      "content_type": 25
    }
  },
  {
    "pk": 66,
    "model": "auth.permission",
    "fields": {
      "codename": "change_label",
      "name": "Can change label",
      "content_type": 64
    }
  },
  {
    "pk": 18,
    "model": "auth.permission",
    "fields": {
      "codename": "change_logentry",
      "name": "Can change log entry",
      "content_type": 16
    }
  },
  {
    "pk": 38,
    "model": "auth.permission",
    "fields": {
      "codename": "change_message",
      "name": "Can change message",
      "content_type": 27
    }
  },
  {
    "pk": 29,
    "model": "auth.permission",
    "fields": {
      "codename": "change_permission",
      "name": "Can change permission",
      "content_type": 24
    }
  },
  {
    "pk": 62,
    "model": "auth.permission",
    "fields": {
      "codename": "change_post",
      "name": "Can change post",
      "content_type": 57
    }
  },
  {
    "pk": 50,
    "model": "auth.permission",
    "fields": {
      "codename": "change_registrationprofile",
      "name": "Can change registration profile",
      "content_type": 48
    }
  },
  {
    "pk": 46,
    "model": "auth.permission",
    "fields": {
      "codename": "change_relationindex_mycontent_content_search_index",
      "name": "Can change relation index_mycontent_ content_search_index",
      "content_type": 44
    }
  },
  {
    "pk": 42,
    "model": "auth.permission",
    "fields": {
      "codename": "change_session",
      "name": "Can change session",
      "content_type": 40
    }
  },
  {
    "pk": 95,
    "model": "auth.permission",
    "fields": {
      "codename": "change_space",
      "name": "Can change space",
      "content_type": 92
    }
  },
  {
    "pk": 98,
    "model": "auth.permission",
    "fields": {
      "codename": "change_spaceaccess",
      "name": "Can change space access",
      "content_type": 93
    }
  },
  {
    "pk": 59,
    "model": "auth.permission",
    "fields": {
      "codename": "change_topic",
      "name": "Can change topic",
      "content_type": 56
    }
  },
  {
    "pk": 106,
    "model": "auth.permission",
    "fields": {
      "codename": "change_uploadedfile",
      "name": "Can change uploaded file",
      "content_type": 101
    }
  },
  {
    "pk": 35,
    "model": "auth.permission",
    "fields": {
      "codename": "change_user",
      "name": "Can change user",
      "content_type": 26
    }
  },
  {
    "pk": 54,
    "model": "auth.permission",
    "fields": {
      "codename": "change_userfeedback",
      "name": "Can change user feedback",
      "content_type": 52
    }
  },
  {
    "pk": 110,
    "model": "auth.permission",
    "fields": {
      "codename": "change_wikipage",
      "name": "Can change wiki page",
      "content_type": 108
    }
  },
  {
    "pk": 76,
    "model": "auth.permission",
    "fields": {
      "codename": "delete_content",
      "name": "Can delete content",
      "content_type": 68
    }
  },
  {
    "pk": 79,
    "model": "auth.permission",
    "fields": {
      "codename": "delete_contentaccess",
      "name": "Can delete content access",
      "content_type": 69
    }
  },
  {
    "pk": 82,
    "model": "auth.permission",
    "fields": {
      "codename": "delete_contentlabels",
      "name": "Can delete content labels",
      "content_type": 70
    }
  },
  {
    "pk": 91,
    "model": "auth.permission",
    "fields": {
      "codename": "delete_contentlike",
      "name": "Can delete content like",
      "content_type": 73
    }
  },
  {
    "pk": 88,
    "model": "auth.permission",
    "fields": {
      "codename": "delete_contentresult",
      "name": "Can delete content result",
      "content_type": 72
    }
  },
  {
    "pk": 85,
    "model": "auth.permission",
    "fields": {
      "codename": "delete_contentspace",
      "name": "Can delete content space",
      "content_type": 71
    }
  },
  {
    "pk": 23,
    "model": "auth.permission",
    "fields": {
      "codename": "delete_contenttype",
      "name": "Can delete content type",
      "content_type": 20
    }
  },
  {
    "pk": 104,
    "model": "auth.permission",
    "fields": {
      "codename": "delete_filestorage",
      "name": "Can delete file storage",
      "content_type": 100
    }
  },
  {
    "pk": 33,
    "model": "auth.permission",
    "fields": {
      "codename": "delete_group",
      "name": "Can delete group",
      "content_type": 25
    }
  },
  {
    "pk": 67,
    "model": "auth.permission",
    "fields": {
      "codename": "delete_label",
      "name": "Can delete label",
      "content_type": 64
    }
  },
  {
    "pk": 19,
    "model": "auth.permission",
    "fields": {
      "codename": "delete_logentry",
      "name": "Can delete log entry",
      "content_type": 16
    }
  },
  {
    "pk": 39,
    "model": "auth.permission",
    "fields": {
      "codename": "delete_message",
      "name": "Can delete message",
      "content_type": 27
    }
  },
  {
    "pk": 30,
    "model": "auth.permission",
    "fields": {
      "codename": "delete_permission",
      "name": "Can delete permission",
      "content_type": 24
    }
  },
  {
    "pk": 63,
    "model": "auth.permission",
    "fields": {
      "codename": "delete_post",
      "name": "Can delete post",
      "content_type": 57
    }
  },
  {
    "pk": 51,
    "model": "auth.permission",
    "fields": {
      "codename": "delete_registrationprofile",
      "name": "Can delete registration profile",
      "content_type": 48
    }
  },
  {
    "pk": 47,
    "model": "auth.permission",
    "fields": {
      "codename": "delete_relationindex_mycontent_content_search_index",
      "name": "Can delete relation index_mycontent_ content_search_index",
      "content_type": 44
    }
  },
  {
    "pk": 43,
    "model": "auth.permission",
    "fields": {
      "codename": "delete_session",
      "name": "Can delete session",
      "content_type": 40
    }
  },
  {
    "pk": 96,
    "model": "auth.permission",
    "fields": {
      "codename": "delete_space",
      "name": "Can delete space",
      "content_type": 92
    }
  },
  {
    "pk": 99,
    "model": "auth.permission",
    "fields": {
      "codename": "delete_spaceaccess",
      "name": "Can delete space access",
      "content_type": 93
    }
  },
  {
    "pk": 60,
    "model": "auth.permission",
    "fields": {
      "codename": "delete_topic",
      "name": "Can delete topic",
      "content_type": 56
    }
  },
  {
    "pk": 107,
    "model": "auth.permission",
    "fields": {
      "codename": "delete_uploadedfile",
      "name": "Can delete uploaded file",
      "content_type": 101
    }
  },
  {
    "pk": 36,
    "model": "auth.permission",
    "fields": {
      "codename": "delete_user",
      "name": "Can delete user",
      "content_type": 26
    }
  },
  {
    "pk": 55,
    "model": "auth.permission",
    "fields": {
      "codename": "delete_userfeedback",
      "name": "Can delete user feedback",
      "content_type": 52
    }
  },
  {
    "pk": 111,
    "model": "auth.permission",
    "fields": {
      "codename": "delete_wikipage",
      "name": "Can delete wiki page",
      "content_type": 108
    }
  },
  {
    "pk": 1,
    "model": "auth.user",
    "fields": {
      "username": "mmrozews",
      "first_name": "",
      "last_name": "",
      "is_active": true,
      "idxf_email_l_iexact": "mateusz.mrozewski@solwit.pl",
      "idxf_username_l_iexact": "mmrozews",
      "is_superuser": true,
      "is_staff": true,
      "last_login": "2011-12-12 10:32:41",
      "groups": [],
      "user_permissions": [],
      "password": "sha1$2413a$22cf23c1a852d2bfaf4ec9e3752ce1299b4af345",
      "email": "mateusz.mrozewski@solwit.pl",
      "date_joined": "2011-12-12 10:31:11"
    }
  },
  {
    "pk": 6,
    "model": "auth.user",
    "fields": {
      "username": "kgebert",
      "first_name": "",
      "last_name": "",
      "is_active": true,
      "idxf_email_l_iexact": "karol.gebert@solwit.pl",
      "idxf_username_l_iexact": "kgebert",
      "is_superuser": true,
      "is_staff": true,
      "last_login": "2012-01-13 09:40:24",
      "groups": [],
      "user_permissions": [],
      "password": "sha1$ab7ef$b65d461917e6322afb0af3cd7348858a71c987d0",
      "email": "karol.gebert@solwit.pl",
      "date_joined": "2011-12-12 13:37:26"
    }
  },
  {
    "pk": 635,
    "model": "auth.user",
    "fields": {
      "username": "karol",
      "first_name": "",
      "last_name": "",
      "is_active": true,
      "idxf_email_l_iexact": "karol@karol.pl",
      "idxf_username_l_iexact": "karol",
      "is_superuser": false,
      "is_staff": false,
      "last_login": "2012-01-12 11:12:00",
      "groups": [],
      "user_permissions": [],
      "password": "sha1$cea5a$b29d70ce585f758b2ff28fd2da0278820549eb78",
      "email": "karol@karol.pl",
      "date_joined": "2012-01-09 10:06:38"
    }
  },
  {
    "pk": "17c9e5b832450ecc2a9017ae0cdb1640",
    "model": "sessions.session",
    "fields": {
      "session_data": "ZTQ5NWMwODZjMzA0MjQ2NDUzMGY2ZGZhODFkMzcyMGM3OWYxOTNmODqAAn1xAChVEl9hdXRoX3Vz\nZXJfYmFja2VuZHEBVSlkamFuZ28uY29udHJpYi5hdXRoLmJhY2tlbmRzLk1vZGVsQmFja2VuZHEC\nVQ1fYXV0aF91c2VyX2lkcQNLBlUPX3Nlc3Npb25fZXhwaXJ5cQRLAHUu\n",
      "expire_date": "2012-01-26 16:29:10"
    }
  },
  {
    "pk": "2f567a9f20963c350059e408671f5225",
    "model": "sessions.session",
    "fields": {
      "session_data": "YmYwMmU4YzFkNjY0YTYwMmRjZmY1NjM0YmMyYWViYTBmOTNmNGZjYTqAAn1xAChVEl9hdXRoX3Vz\nZXJfYmFja2VuZHEBVSlkamFuZ28uY29udHJpYi5hdXRoLmJhY2tlbmRzLk1vZGVsQmFja2VuZHEC\nVQ1fYXV0aF91c2VyX2lkcQOKAQZ1Lg==\n",
      "expire_date": "2011-12-26 13:38:36"
    }
  },
  {
    "pk": "3e62f0855d61e655f174697dc8ec4741",
    "model": "sessions.session",
    "fields": {
      "session_data": "ZTQ5NWMwODZjMzA0MjQ2NDUzMGY2ZGZhODFkMzcyMGM3OWYxOTNmODqAAn1xAChVEl9hdXRoX3Vz\nZXJfYmFja2VuZHEBVSlkamFuZ28uY29udHJpYi5hdXRoLmJhY2tlbmRzLk1vZGVsQmFja2VuZHEC\nVQ1fYXV0aF91c2VyX2lkcQNLBlUPX3Nlc3Npb25fZXhwaXJ5cQRLAHUu\n",
      "expire_date": "2012-01-24 13:53:37"
    }
  },
  {
    "pk": "43d086aca873c4deeabbca13c867e1f4",
    "model": "sessions.session",
    "fields": {
      "session_data": "ZTQ5NWMwODZjMzA0MjQ2NDUzMGY2ZGZhODFkMzcyMGM3OWYxOTNmODqAAn1xAChVEl9hdXRoX3Vz\nZXJfYmFja2VuZHEBVSlkamFuZ28uY29udHJpYi5hdXRoLmJhY2tlbmRzLk1vZGVsQmFja2VuZHEC\nVQ1fYXV0aF91c2VyX2lkcQNLBlUPX3Nlc3Npb25fZXhwaXJ5cQRLAHUu\n",
      "expire_date": "2012-01-24 12:18:31"
    }
  },
  {
    "pk": "458f16168ef539e043576cf9e7c51110",
    "model": "sessions.session",
    "fields": {
      "session_data": "YmYwMmU4YzFkNjY0YTYwMmRjZmY1NjM0YmMyYWViYTBmOTNmNGZjYTqAAn1xAChVEl9hdXRoX3Vz\nZXJfYmFja2VuZHEBVSlkamFuZ28uY29udHJpYi5hdXRoLmJhY2tlbmRzLk1vZGVsQmFja2VuZHEC\nVQ1fYXV0aF91c2VyX2lkcQOKAQZ1Lg==\n",
      "expire_date": "2012-01-06 15:16:04"
    }
  },
  {
    "pk": "56e1a3c6b4cd635ff21472dd8aebca0b",
    "model": "sessions.session",
    "fields": {
      "session_data": "NGEyYzkyMmI1YjA3NDRkOWYwNmUyODhlOTJjMTcxYWEzMjBmNDI0NjqAAn1xAChVEl9hdXRoX3Vz\nZXJfYmFja2VuZHEBVSlkamFuZ28uY29udHJpYi5hdXRoLmJhY2tlbmRzLk1vZGVsQmFja2VuZHEC\nVQ1fYXV0aF91c2VyX2lkcQNNdwJVD19zZXNzaW9uX2V4cGlyeXEESwB1Lg==\n",
      "expire_date": "2012-01-23 09:54:23"
    }
  },
  {
    "pk": "5a18c6ca31ba020db897b349f0e085f8",
    "model": "sessions.session",
    "fields": {
      "session_data": "ZTQ5NWMwODZjMzA0MjQ2NDUzMGY2ZGZhODFkMzcyMGM3OWYxOTNmODqAAn1xAChVEl9hdXRoX3Vz\nZXJfYmFja2VuZHEBVSlkamFuZ28uY29udHJpYi5hdXRoLmJhY2tlbmRzLk1vZGVsQmFja2VuZHEC\nVQ1fYXV0aF91c2VyX2lkcQNLBlUPX3Nlc3Npb25fZXhwaXJ5cQRLAHUu\n",
      "expire_date": "2012-01-24 13:19:27"
    }
  },
  {
    "pk": "6ccf2b0069d5199c304dc9411b9872ab",
    "model": "sessions.session",
    "fields": {
      "session_data": "ZTQ5NWMwODZjMzA0MjQ2NDUzMGY2ZGZhODFkMzcyMGM3OWYxOTNmODqAAn1xAChVEl9hdXRoX3Vz\nZXJfYmFja2VuZHEBVSlkamFuZ28uY29udHJpYi5hdXRoLmJhY2tlbmRzLk1vZGVsQmFja2VuZHEC\nVQ1fYXV0aF91c2VyX2lkcQNLBlUPX3Nlc3Npb25fZXhwaXJ5cQRLAHUu\n",
      "expire_date": "2012-01-24 12:18:11"
    }
  },
  {
    "pk": "7586f6bafdc56c82fc1bc8f54a4a5542",
    "model": "sessions.session",
    "fields": {
      "session_data": "ZGFkNDQ5MWVkMjA1ZDhjYTA4MDFjMDBlNTkzZDk3MGUyMTMzMWFlZTqAAn1xAChVEl9hdXRoX3Vz\nZXJfYmFja2VuZHEBVSlkamFuZ28uY29udHJpYi5hdXRoLmJhY2tlbmRzLk1vZGVsQmFja2VuZHEC\nVQ1fYXV0aF91c2VyX2lkcQNLBnUu\n",
      "expire_date": "2012-01-06 15:16:34"
    }
  },
  {
    "pk": "78f2c2fd785e70122dd63b3e0657421b",
    "model": "sessions.session",
    "fields": {
      "session_data": "NjNlMWRkMjJjNGIyMmQyYTdiNjNkMzVkN2NhNjQ5OGFiYmFhZDQ1OTqAAn1xAChVD19zZXNzaW9u\nX2V4cGlyeXEBSwBVDV9hdXRoX3VzZXJfaWRxAksGVRJfYXV0aF91c2VyX2JhY2tlbmRxA1UpZGph\nbmdvLmNvbnRyaWIuYXV0aC5iYWNrZW5kcy5Nb2RlbEJhY2tlbmRxBHUu\n",
      "expire_date": "2012-01-27 09:40:24"
    }
  },
  {
    "pk": "8213bb047b3c86a037f8042fce7d6271",
    "model": "sessions.session",
    "fields": {
      "session_data": "MzM3MTk5MzZiYjQ4Y2JiZWFiZTEwY2E1MmE3NWQ0YTUxNWZhZTViNTqAAn1xAFUKdGVzdGNvb2tp\nZXEBVQZ3b3JrZWRxAnMu\n",
      "expire_date": "2012-01-24 14:08:59"
    }
  },
  {
    "pk": "87fa8bf91910aa6c48c8b4b5098e3162",
    "model": "sessions.session",
    "fields": {
      "session_data": "ZTQ5NWMwODZjMzA0MjQ2NDUzMGY2ZGZhODFkMzcyMGM3OWYxOTNmODqAAn1xAChVEl9hdXRoX3Vz\nZXJfYmFja2VuZHEBVSlkamFuZ28uY29udHJpYi5hdXRoLmJhY2tlbmRzLk1vZGVsQmFja2VuZHEC\nVQ1fYXV0aF91c2VyX2lkcQNLBlUPX3Nlc3Npb25fZXhwaXJ5cQRLAHUu\n",
      "expire_date": "2012-01-24 16:20:12"
    }
  },
  {
    "pk": "8c69858eaf0e673f53c9f3ea1f7d929d",
    "model": "sessions.session",
    "fields": {
      "session_data": "ZTBjYzc4ZDlhZjU4ZDA1MjczZGJjYzg4MDdmM2VmNDlmYjBkZTk2ZjqAAn1xAChVEl9hdXRoX3Vz\nZXJfYmFja2VuZHEBVSlkamFuZ28uY29udHJpYi5hdXRoLmJhY2tlbmRzLk1vZGVsQmFja2VuZHEC\nVQ1fYXV0aF91c2VyX2lkcQNNewJVD19zZXNzaW9uX2V4cGlyeXEESwB1Lg==\n",
      "expire_date": "2012-01-23 10:11:49"
    }
  },
  {
    "pk": "9d42e47e3b3a84e640ba355f84f15a87",
    "model": "sessions.session",
    "fields": {
      "session_data": "MjkxNzU5YWNkZmQ1MjkyOTZmMzUyODY5NjkzNjY5YWVjNThlMjVkNDqAAn1xAChVEl9hdXRoX3Vz\nZXJfYmFja2VuZHEBVSlkamFuZ28uY29udHJpYi5hdXRoLmJhY2tlbmRzLk1vZGVsQmFja2VuZHEC\nVQ1sYXN0X3NwYWNlX2lkcQOKAosBVQ1fYXV0aF91c2VyX2lkcQRLBlUPX3Nlc3Npb25fZXhwaXJ5\ncQVLAHUu\n",
      "expire_date": "2012-01-24 16:46:10"
    }
  },
  {
    "pk": "a32290a9af78ded04d4416cfdd8c2c7f",
    "model": "sessions.session",
    "fields": {
      "session_data": "ZTQ5NWMwODZjMzA0MjQ2NDUzMGY2ZGZhODFkMzcyMGM3OWYxOTNmODqAAn1xAChVEl9hdXRoX3Vz\nZXJfYmFja2VuZHEBVSlkamFuZ28uY29udHJpYi5hdXRoLmJhY2tlbmRzLk1vZGVsQmFja2VuZHEC\nVQ1fYXV0aF91c2VyX2lkcQNLBlUPX3Nlc3Npb25fZXhwaXJ5cQRLAHUu\n",
      "expire_date": "2012-01-18 15:07:16"
    }
  },
  {
    "pk": "a77d6c985f1c529088631d9173ef1188",
    "model": "sessions.session",
    "fields": {
      "session_data": "NzUyMDkzZDNmNmMyM2JlOGMzZDZiYjBiMWE4OWY2MzNlOGMxOWM0MzqAAn1xAChVEl9hdXRoX3Vz\nZXJfYmFja2VuZHEBVSlkamFuZ28uY29udHJpYi5hdXRoLmJhY2tlbmRzLk1vZGVsQmFja2VuZHEC\nVQ1fYXV0aF91c2VyX2lkcQOKAQZVD19zZXNzaW9uX2V4cGlyeXEESwB1Lg==\n",
      "expire_date": "2012-01-24 11:27:46"
    }
  },
  {
    "pk": "af1f4e5446d48a6bd024c7c679440978",
    "model": "sessions.session",
    "fields": {
      "session_data": "YTAxYjZjYmJhNWQxM2Q3MjdiNzMxNDdmMjQ1NjJjYWZiNTgwNjMxZjqAAn1xAChVEl9hdXRoX3Vz\nZXJfYmFja2VuZHEBVSlkamFuZ28uY29udHJpYi5hdXRoLmJhY2tlbmRzLk1vZGVsQmFja2VuZHEC\nVQ1fYXV0aF91c2VyX2lkcQOKAQF1Lg==\n",
      "expire_date": "2011-12-26 10:32:41"
    }
  },
  {
    "pk": "b9aa29e2e02da8312711dadd08607d0f",
    "model": "sessions.session",
    "fields": {
      "session_data": "ZTQ5NWMwODZjMzA0MjQ2NDUzMGY2ZGZhODFkMzcyMGM3OWYxOTNmODqAAn1xAChVEl9hdXRoX3Vz\nZXJfYmFja2VuZHEBVSlkamFuZ28uY29udHJpYi5hdXRoLmJhY2tlbmRzLk1vZGVsQmFja2VuZHEC\nVQ1fYXV0aF91c2VyX2lkcQNLBlUPX3Nlc3Npb25fZXhwaXJ5cQRLAHUu\n",
      "expire_date": "2012-01-24 12:15:08"
    }
  },
  {
    "pk": "c59f54ad261447780925a48cf600719e",
    "model": "sessions.session",
    "fields": {
      "session_data": "ZTQ5NWMwODZjMzA0MjQ2NDUzMGY2ZGZhODFkMzcyMGM3OWYxOTNmODqAAn1xAChVEl9hdXRoX3Vz\nZXJfYmFja2VuZHEBVSlkamFuZ28uY29udHJpYi5hdXRoLmJhY2tlbmRzLk1vZGVsQmFja2VuZHEC\nVQ1fYXV0aF91c2VyX2lkcQNLBlUPX3Nlc3Npb25fZXhwaXJ5cQRLAHUu\n",
      "expire_date": "2012-01-18 15:10:03"
    }
  },
  {
    "pk": "c7dda3256e500e941acadb3ad302a450",
    "model": "sessions.session",
    "fields": {
      "session_data": "ZTQ5NWMwODZjMzA0MjQ2NDUzMGY2ZGZhODFkMzcyMGM3OWYxOTNmODqAAn1xAChVEl9hdXRoX3Vz\nZXJfYmFja2VuZHEBVSlkamFuZ28uY29udHJpYi5hdXRoLmJhY2tlbmRzLk1vZGVsQmFja2VuZHEC\nVQ1fYXV0aF91c2VyX2lkcQNLBlUPX3Nlc3Npb25fZXhwaXJ5cQRLAHUu\n",
      "expire_date": "2012-01-26 11:27:08"
    }
  },
  {
    "pk": "d215ba7afdc6bae9d6456c904bb9eba3",
    "model": "sessions.session",
    "fields": {
      "session_data": "ZTQ5NWMwODZjMzA0MjQ2NDUzMGY2ZGZhODFkMzcyMGM3OWYxOTNmODqAAn1xAChVEl9hdXRoX3Vz\nZXJfYmFja2VuZHEBVSlkamFuZ28uY29udHJpYi5hdXRoLmJhY2tlbmRzLk1vZGVsQmFja2VuZHEC\nVQ1fYXV0aF91c2VyX2lkcQNLBlUPX3Nlc3Npb25fZXhwaXJ5cQRLAHUu\n",
      "expire_date": "2012-01-19 14:14:36"
    }
  },
  {
    "pk": 447,
    "model": "search.relationindex_mycontent_content_search_index",
    "fields": {
      "modified_date": "2012-01-04 11:02:54",
      "is_featured": true,
      "is_deleted": false,
      "description": "csharp",
      "author": 6,
      "title": "C#",
      "view_count": 39,
      "search_index_search_list_field": [
        "c#",
        "c#",
        "csharp"
      ],
      "is_template": false,
      "file": 446,
      "created_date": "2011-12-23 14:27:33",
      "icon_href": "/media/content/default_preview.jpg",
      "tags": "c#"
    }
  },
  {
    "pk": 451,
    "model": "search.relationindex_mycontent_content_search_index",
    "fields": {
      "modified_date": "2011-12-29 15:19:28",
      "is_featured": false,
      "is_deleted": false,
      "description": "java",
      "author": 6,
      "title": "Java",
      "view_count": 0,
      "search_index_search_list_field": [
        "java",
        "java",
        "java"
      ],
      "is_template": false,
      "file": 450,
      "created_date": "2011-12-23 14:28:15",
      "icon_href": "/media/content/default_preview.jpg",
      "tags": "java"
    }
  },
  {
    "pk": 484,
    "model": "search.relationindex_mycontent_content_search_index",
    "fields": {
      "modified_date": "2011-12-27 10:16:21",
      "is_featured": false,
      "is_deleted": false,
      "description": "java",
      "author": 6,
      "title": "Copy of Java",
      "view_count": 0,
      "search_index_search_list_field": [
        "of",
        "copi",
        "java",
        "java",
        "java"
      ],
      "is_template": false,
      "file": 483,
      "created_date": "2011-12-27 10:16:16",
      "icon_href": "/media/content/default_preview.jpg",
      "tags": "java"
    }
  },
  {
    "pk": 488,
    "model": "search.relationindex_mycontent_content_search_index",
    "fields": {
      "modified_date": "2011-12-27 10:32:17",
      "is_featured": false,
      "is_deleted": false,
      "description": "java",
      "author": 6,
      "title": "Copy of Copy of Java",
      "view_count": 0,
      "search_index_search_list_field": [
        "of",
        "copi",
        "java",
        "java",
        "java"
      ],
      "is_template": false,
      "file": 487,
      "created_date": "2011-12-27 10:29:59",
      "icon_href": "/media/content/default_preview.jpg",
      "tags": "java"
    }
  },
  {
    "pk": 492,
    "model": "search.relationindex_mycontent_content_search_index",
    "fields": {
      "modified_date": "2011-12-27 10:32:13",
      "is_featured": false,
      "is_deleted": false,
      "description": "java",
      "author": 6,
      "title": "Copy of Java",
      "view_count": 0,
      "search_index_search_list_field": [
        "of",
        "copi",
        "java",
        "java",
        "java"
      ],
      "is_template": false,
      "file": 491,
      "created_date": "2011-12-27 10:32:10",
      "icon_href": "/media/content/default_preview.jpg",
      "tags": "java"
    }
  },
  {
    "pk": 497,
    "model": "search.relationindex_mycontent_content_search_index",
    "fields": {
      "modified_date": "2011-12-27 10:35:30",
      "is_featured": false,
      "is_deleted": false,
      "description": "java",
      "author": 6,
      "title": "Copy of Java",
      "view_count": 0,
      "search_index_search_list_field": [
        "of",
        "copi",
        "java",
        "java",
        "java"
      ],
      "is_template": false,
      "file": 496,
      "created_date": "2011-12-27 10:35:26",
      "icon_href": "/media/content/default_preview.jpg",
      "tags": "java"
    }
  },
  {
    "pk": 505,
    "model": "search.relationindex_mycontent_content_search_index",
    "fields": {
      "modified_date": "2011-12-28 09:14:04",
      "is_featured": false,
      "is_deleted": false,
      "description": "java",
      "author": 6,
      "title": "Copy of Java",
      "view_count": 0,
      "search_index_search_list_field": [
        "of",
        "copi",
        "java",
        "java",
        "java"
      ],
      "is_template": false,
      "file": 504,
      "created_date": "2011-12-28 09:14:04",
      "icon_href": "/media/content/default_preview.jpg",
      "tags": "java"
    }
  },
  {
    "pk": 563,
    "model": "search.relationindex_mycontent_content_search_index",
    "fields": {
      "modified_date": "2012-01-09 16:56:51",
      "is_featured": false,
      "is_deleted": false,
      "description": "this is a sample of long long description, this is a sample of long long description,\r\nthis is a sample of long long description, this is a sample of long long description,\r\nthis is a sample of long long description",
      "author": 6,
      "title": "this is example of the long long long title",
      "view_count": 11,
      "search_index_search_list_field": [
        "titl",
        "this",
        "of",
        "is",
        "long",
        "the",
        "exampl",
        "jee",
        "a",
        "descript",
        "this",
        "of",
        "is",
        "long",
        "sampl"
      ],
      "is_template": false,
      "file": 562,
      "created_date": "2011-12-30 12:02:07",
      "icon_href": "/media/content/default_preview.jpg",
      "tags": "jee"
    }
  },
  {
    "pk": 581,
    "model": "search.relationindex_mycontent_content_search_index",
    "fields": {
      "modified_date": "2012-01-10 16:32:55",
      "is_featured": false,
      "is_deleted": false,
      "description": "java",
      "author": 6,
      "title": "Copy of Java",
      "view_count": 0,
      "search_index_search_list_field": [
        "of",
        "copi",
        "java",
        "java",
        "java"
      ],
      "is_template": false,
      "file": 580,
      "created_date": "2012-01-02 14:28:48",
      "icon_href": "/media/content/default_preview.jpg",
      "tags": "java"
    }
  },
  {
    "pk": 591,
    "model": "search.relationindex_mycontent_content_search_index",
    "fields": {
      "modified_date": "2012-01-03 14:46:50",
      "is_featured": false,
      "is_deleted": false,
      "description": "ado.net",
      "author": 6,
      "title": "ADO",
      "view_count": 6,
      "search_index_search_list_field": [
        "ado",
        "ado",
        "ado",
        "net"
      ],
      "is_template": false,
      "file": 590,
      "created_date": "2012-01-03 14:46:31",
      "icon_href": "/media/content/default_preview.jpg",
      "tags": "ado"
    }
  },
  {
    "pk": 597,
    "model": "search.relationindex_mycontent_content_search_index",
    "fields": {
      "modified_date": "2012-01-03 14:47:20",
      "is_featured": true,
      "is_deleted": false,
      "description": "asp.net",
      "author": 6,
      "title": "ASP",
      "view_count": 24,
      "search_index_search_list_field": [
        "asp",
        "asp",
        "net",
        "asp"
      ],
      "is_template": false,
      "file": 596,
      "created_date": "2012-01-03 14:47:03",
      "icon_href": "/media/content/default_preview.jpg",
      "tags": "asp"
    }
  },
  {
    "pk": 603,
    "model": "search.relationindex_mycontent_content_search_index",
    "fields": {
      "modified_date": "2012-01-04 11:02:12",
      "is_featured": false,
      "is_deleted": false,
      "description": "asp.net",
      "author": 6,
      "title": "Copy of ASP",
      "view_count": 16,
      "search_index_search_list_field": [
        "of",
        "copi",
        "asp",
        "asp",
        "net",
        "asp"
      ],
      "is_template": false,
      "file": 602,
      "created_date": "2012-01-03 14:48:05",
      "icon_href": "/media/content/default_preview.jpg",
      "tags": "asp"
    }
  },
  {
    "pk": 619,
    "model": "search.relationindex_mycontent_content_search_index",
    "fields": {
      "modified_date": "2012-01-10 16:32:11",
      "is_featured": false,
      "is_deleted": false,
      "description": "asa",
      "author": 6,
      "title": "test",
      "view_count": 1,
      "search_index_search_list_field": [
        "test",
        "tag",
        "asa"
      ],
      "is_template": false,
      "file": 618,
      "created_date": "2012-01-05 09:30:26",
      "icon_href": "/media/content/default_preview.jpg",
      "tags": "tag, tag, tag, tag, tag, tag, tag, tag, tag, tag, tag, tag, tag, tag, tag"
    }
  },
  {
    "pk": 625,
    "model": "search.relationindex_mycontent_content_search_index",
    "fields": {
      "modified_date": "2012-01-12 09:42:38",
      "is_featured": false,
      "is_deleted": false,
      "description": "asa",
      "author": 6,
      "title": "corporate",
      "view_count": 15,
      "search_index_search_list_field": [
        "corpor",
        "tag",
        "asa"
      ],
      "is_template": false,
      "file": 624,
      "created_date": "2012-01-09 09:33:30",
      "icon_href": "/media/content/default_preview.jpg",
      "tags": "tag"
    }
  },
  {
    "pk": 663,
    "model": "search.relationindex_mycontent_content_search_index",
    "fields": {
      "modified_date": "2012-01-10 16:33:31",
      "is_featured": false,
      "is_deleted": false,
      "description": "csharp",
      "author": 6,
      "title": "Copy of C#",
      "view_count": 2,
      "search_index_search_list_field": [
        "c#",
        "of",
        "copi",
        "c#",
        "csharp"
      ],
      "is_template": false,
      "file": 662,
      "created_date": "2012-01-10 16:33:31",
      "icon_href": "/media/content/default_preview.jpg",
      "tags": "c#"
    }
  },
  {
    "pk": 667,
    "model": "search.relationindex_mycontent_content_search_index",
    "fields": {
      "modified_date": "2012-01-10 16:33:40",
      "is_featured": false,
      "is_deleted": false,
      "description": "asp.net",
      "author": 6,
      "title": "Copy of Copy of ASP",
      "view_count": 0,
      "search_index_search_list_field": [
        "of",
        "copi",
        "asp",
        "asp",
        "net",
        "asp"
      ],
      "is_template": false,
      "file": 666,
      "created_date": "2012-01-10 16:33:40",
      "icon_href": "/media/content/default_preview.jpg",
      "tags": "asp"
    }
  },
  {
    "pk": 671,
    "model": "search.relationindex_mycontent_content_search_index",
    "fields": {
      "modified_date": "2012-01-10 16:45:58",
      "is_featured": false,
      "is_deleted": false,
      "description": "java",
      "author": 6,
      "title": "Java copy",
      "view_count": 1,
      "search_index_search_list_field": [
        "copi",
        "java",
        "java",
        "java"
      ],
      "is_template": false,
      "file": 670,
      "created_date": "2012-01-10 16:45:18",
      "icon_href": "/media/content/default_preview.jpg",
      "tags": "java"
    }
  },
  {
    "pk": 675,
    "model": "search.relationindex_mycontent_content_search_index",
    "fields": {
      "modified_date": "2012-01-10 16:46:10",
      "is_featured": false,
      "is_deleted": false,
      "description": "java",
      "author": 6,
      "title": "Copy of Copy Java",
      "view_count": 4,
      "search_index_search_list_field": [
        "of",
        "copi",
        "java",
        "java",
        "java"
      ],
      "is_template": false,
      "file": 674,
      "created_date": "2012-01-10 16:45:26",
      "icon_href": "/media/content/default_preview.jpg",
      "tags": "java"
    }
  },
  {
    "pk": 685,
    "model": "search.relationindex_mycontent_content_search_index",
    "fields": {
      "modified_date": "2012-01-12 14:28:25",
      "is_featured": false,
      "is_deleted": true,
      "description": "java",
      "author": 6,
      "title": "Copy of Copy of Copy Java",
      "view_count": 3,
      "search_index_search_list_field": [
        "of",
        "copi",
        "java",
        "tytul",
        "java"
      ],
      "is_template": false,
      "file": 684,
      "created_date": "2012-01-10 16:46:30",
      "icon_href": "/media/content/default_preview.jpg",
      "tags": "tytul"
    }
  },
  {
    "pk": 689,
    "model": "search.relationindex_mycontent_content_search_index",
    "fields": {
      "modified_date": "2012-01-11 10:34:08",
      "is_featured": false,
      "is_deleted": false,
      "description": "java",
      "author": 6,
      "title": "tytul",
      "view_count": 8,
      "search_index_search_list_field": [
        "tytul",
        "java",
        "java"
      ],
      "is_template": false,
      "file": 688,
      "created_date": "2012-01-10 16:46:37",
      "icon_href": "/media/content/default_preview.jpg",
      "tags": "java"
    }
  },
  {
    "pk": 726,
    "model": "search.relationindex_mycontent_content_search_index",
    "fields": {
      "modified_date": "2012-01-12 11:37:38",
      "is_featured": false,
      "is_deleted": false,
      "description": "asa",
      "author": 6,
      "title": "Copy of corporate",
      "view_count": 1,
      "search_index_search_list_field": [
        "of",
        "copi",
        "corpor",
        "tag",
        "asa"
      ],
      "is_template": false,
      "file": 725,
      "created_date": "2012-01-12 11:34:12",
      "icon_href": "/media/content/default_preview.jpg",
      "tags": "tag"
    }
  },
  {
    "pk": 733,
    "model": "search.relationindex_mycontent_content_search_index",
    "fields": {
      "modified_date": "2012-01-12 13:58:11",
      "is_featured": false,
      "is_deleted": false,
      "description": "asa",
      "author": 6,
      "title": "Copy of Copy of corporate",
      "view_count": 0,
      "search_index_search_list_field": [
        "of",
        "copi",
        "corpor",
        "tag",
        "asa"
      ],
      "is_template": false,
      "file": 732,
      "created_date": "2012-01-12 11:58:07",
      "icon_href": "/media/content/default_preview.jpg",
      "tags": "tag"
    }
  },
  {
    "pk": 636,
    "model": "registration.registrationprofile",
    "fields": {
      "activation_key": "ALREADY_ACTIVATED",
      "user": 635
    }
  },
  {
    "pk": 685,
    "model": "mycontent.content",
    "fields": {
      "modified_date": "2012-01-12 14:28:25",
      "is_featured": false,
      "is_deleted": true,
      "description": "java",
      "author": 6,
      "title": "Copy of Copy of Copy Java",
      "view_count": 3,
      "is_template": false,
      "file": 684,
      "created_date": "2012-01-10 16:46:30",
      "icon_href": "/media/content/default_preview.jpg",
      "tags": "tytul"
    }
  },
  {
    "pk": 733,
    "model": "mycontent.content",
    "fields": {
      "modified_date": "2012-01-12 13:58:11",
      "is_featured": false,
      "is_deleted": false,
      "description": "asa",
      "author": 6,
      "title": "Copy of Copy of corporate",
      "view_count": 0,
      "is_template": false,
      "file": 732,
      "created_date": "2012-01-12 11:58:07",
      "icon_href": "/media/content/default_preview.jpg",
      "tags": "tag"
    }
  },
  {
    "pk": 726,
    "model": "mycontent.content",
    "fields": {
      "modified_date": "2012-01-12 11:37:38",
      "is_featured": false,
      "is_deleted": false,
      "description": "asa",
      "author": 6,
      "title": "Copy of corporate",
      "public_version": 725,
      "view_count": 1,
      "is_template": false,
      "file": 725,
      "created_date": "2012-01-12 11:34:12",
      "icon_href": "/media/content/default_preview.jpg",
      "tags": "tag"
    }
  },
  {
    "pk": 625,
    "model": "mycontent.content",
    "fields": {
      "modified_date": "2012-01-12 09:42:38",
      "is_featured": false,
      "is_deleted": false,
      "description": "asa",
      "author": 6,
      "title": "corporate",
      "public_version": 624,
      "view_count": 15,
      "is_template": false,
      "file": 624,
      "created_date": "2012-01-09 09:33:30",
      "icon_href": "/media/content/default_preview.jpg",
      "tags": "tag"
    }
  },
  {
    "pk": 689,
    "model": "mycontent.content",
    "fields": {
      "modified_date": "2012-01-11 10:34:08",
      "is_featured": false,
      "is_deleted": false,
      "description": "java",
      "author": 6,
      "title": "tytul",
      "view_count": 8,
      "is_template": false,
      "file": 688,
      "created_date": "2012-01-10 16:46:37",
      "icon_href": "/media/content/default_preview.jpg",
      "tags": "java"
    }
  },
  {
    "pk": 675,
    "model": "mycontent.content",
    "fields": {
      "modified_date": "2012-01-10 16:46:10",
      "is_featured": false,
      "is_deleted": false,
      "description": "java",
      "author": 6,
      "title": "Copy of Copy Java",
      "public_version": 674,
      "view_count": 4,
      "is_template": false,
      "file": 674,
      "created_date": "2012-01-10 16:45:26",
      "icon_href": "/media/content/default_preview.jpg",
      "tags": "java"
    }
  },
  {
    "pk": 671,
    "model": "mycontent.content",
    "fields": {
      "modified_date": "2012-01-10 16:45:58",
      "is_featured": false,
      "is_deleted": false,
      "description": "java",
      "author": 6,
      "title": "Java copy",
      "public_version": 670,
      "view_count": 1,
      "is_template": false,
      "file": 670,
      "created_date": "2012-01-10 16:45:18",
      "icon_href": "/media/content/default_preview.jpg",
      "tags": "java"
    }
  },
  {
    "pk": 667,
    "model": "mycontent.content",
    "fields": {
      "modified_date": "2012-01-10 16:33:40",
      "is_featured": false,
      "is_deleted": false,
      "description": "asp.net",
      "author": 6,
      "title": "Copy of Copy of ASP",
      "public_version": 666,
      "view_count": 0,
      "is_template": false,
      "file": 666,
      "created_date": "2012-01-10 16:33:40",
      "icon_href": "/media/content/default_preview.jpg",
      "tags": "asp"
    }
  },
  {
    "pk": 663,
    "model": "mycontent.content",
    "fields": {
      "modified_date": "2012-01-10 16:33:31",
      "is_featured": false,
      "is_deleted": false,
      "description": "csharp",
      "author": 6,
      "title": "Copy of C#",
      "public_version": 662,
      "view_count": 2,
      "is_template": false,
      "file": 662,
      "created_date": "2012-01-10 16:33:31",
      "icon_href": "/media/content/default_preview.jpg",
      "tags": "c#"
    }
  },
  {
    "pk": 581,
    "model": "mycontent.content",
    "fields": {
      "modified_date": "2012-01-10 16:32:55",
      "is_featured": false,
      "is_deleted": false,
      "description": "java",
      "author": 6,
      "title": "Copy of Java",
      "public_version": 580,
      "view_count": 0,
      "is_template": false,
      "file": 580,
      "created_date": "2012-01-02 14:28:48",
      "icon_href": "/media/content/default_preview.jpg",
      "tags": "java"
    }
  },
  {
    "pk": 619,
    "model": "mycontent.content",
    "fields": {
      "modified_date": "2012-01-10 16:32:11",
      "is_featured": false,
      "is_deleted": false,
      "description": "asa",
      "author": 6,
      "title": "test",
      "public_version": 618,
      "view_count": 1,
      "is_template": false,
      "file": 618,
      "created_date": "2012-01-05 09:30:26",
      "icon_href": "/media/content/default_preview.jpg",
      "tags": "tag, tag, tag, tag, tag, tag, tag, tag, tag, tag, tag, tag, tag, tag, tag"
    }
  },
  {
    "pk": 563,
    "model": "mycontent.content",
    "fields": {
      "modified_date": "2012-01-09 16:56:51",
      "is_featured": false,
      "is_deleted": false,
      "description": "this is a sample of long long description, this is a sample of long long description,\r\nthis is a sample of long long description, this is a sample of long long description,\r\nthis is a sample of long long description",
      "author": 6,
      "title": "this is example of the long long long title",
      "public_version": 562,
      "view_count": 11,
      "is_template": false,
      "file": 562,
      "created_date": "2011-12-30 12:02:07",
      "icon_href": "/media/content/default_preview.jpg",
      "tags": "jee"
    }
  },
  {
    "pk": 447,
    "model": "mycontent.content",
    "fields": {
      "modified_date": "2012-01-04 11:02:54",
      "is_featured": true,
      "is_deleted": false,
      "description": "csharp",
      "author": 6,
      "title": "C#",
      "public_version": 446,
      "view_count": 39,
      "is_template": false,
      "file": 446,
      "created_date": "2011-12-23 14:27:33",
      "icon_href": "/media/content/default_preview.jpg",
      "tags": "c#"
    }
  },
  {
    "pk": 603,
    "model": "mycontent.content",
    "fields": {
      "modified_date": "2012-01-04 11:02:12",
      "is_featured": false,
      "is_deleted": false,
      "description": "asp.net",
      "author": 6,
      "title": "Copy of ASP",
      "public_version": 602,
      "view_count": 16,
      "is_template": false,
      "file": 602,
      "created_date": "2012-01-03 14:48:05",
      "icon_href": "/media/content/default_preview.jpg",
      "tags": "asp"
    }
  },
  {
    "pk": 597,
    "model": "mycontent.content",
    "fields": {
      "modified_date": "2012-01-03 14:47:20",
      "is_featured": true,
      "is_deleted": false,
      "description": "asp.net",
      "author": 6,
      "title": "ASP",
      "public_version": 596,
      "view_count": 24,
      "is_template": false,
      "file": 596,
      "created_date": "2012-01-03 14:47:03",
      "icon_href": "/media/content/default_preview.jpg",
      "tags": "asp"
    }
  },
  {
    "pk": 591,
    "model": "mycontent.content",
    "fields": {
      "modified_date": "2012-01-03 14:46:50",
      "is_featured": false,
      "is_deleted": false,
      "description": "ado.net",
      "author": 6,
      "title": "ADO",
      "public_version": 590,
      "view_count": 6,
      "is_template": false,
      "file": 590,
      "created_date": "2012-01-03 14:46:31",
      "icon_href": "/media/content/default_preview.jpg",
      "tags": "ado"
    }
  },
  {
    "pk": 451,
    "model": "mycontent.content",
    "fields": {
      "modified_date": "2011-12-29 15:19:28",
      "is_featured": false,
      "is_deleted": false,
      "description": "java",
      "author": 6,
      "title": "Java",
      "public_version": 450,
      "view_count": 0,
      "is_template": false,
      "file": 450,
      "created_date": "2011-12-23 14:28:15",
      "icon_href": "/media/content/default_preview.jpg",
      "tags": "java"
    }
  },
  {
    "pk": 505,
    "model": "mycontent.content",
    "fields": {
      "modified_date": "2011-12-28 09:14:04",
      "is_featured": false,
      "is_deleted": false,
      "description": "java",
      "author": 6,
      "title": "Copy of Java",
      "view_count": 0,
      "is_template": false,
      "file": 504,
      "created_date": "2011-12-28 09:14:04",
      "icon_href": "/media/content/default_preview.jpg",
      "tags": "java"
    }
  },
  {
    "pk": 497,
    "model": "mycontent.content",
    "fields": {
      "modified_date": "2011-12-27 10:35:30",
      "is_featured": false,
      "is_deleted": false,
      "description": "java",
      "author": 6,
      "title": "Copy of Java",
      "view_count": 0,
      "is_template": false,
      "file": 496,
      "created_date": "2011-12-27 10:35:26",
      "icon_href": "/media/content/default_preview.jpg",
      "tags": "java"
    }
  },
  {
    "pk": 488,
    "model": "mycontent.content",
    "fields": {
      "modified_date": "2011-12-27 10:32:17",
      "is_featured": false,
      "is_deleted": false,
      "description": "java",
      "author": 6,
      "title": "Copy of Copy of Java",
      "view_count": 0,
      "is_template": false,
      "file": 487,
      "created_date": "2011-12-27 10:29:59",
      "icon_href": "/media/content/default_preview.jpg",
      "tags": "java"
    }
  },
  {
    "pk": 492,
    "model": "mycontent.content",
    "fields": {
      "modified_date": "2011-12-27 10:32:13",
      "is_featured": false,
      "is_deleted": false,
      "description": "java",
      "author": 6,
      "title": "Copy of Java",
      "view_count": 0,
      "is_template": false,
      "file": 491,
      "created_date": "2011-12-27 10:32:10",
      "icon_href": "/media/content/default_preview.jpg",
      "tags": "java"
    }
  },
  {
    "pk": 484,
    "model": "mycontent.content",
    "fields": {
      "modified_date": "2011-12-27 10:16:21",
      "is_featured": false,
      "is_deleted": false,
      "description": "java",
      "author": 6,
      "title": "Copy of Java",
      "view_count": 0,
      "is_template": false,
      "file": 483,
      "created_date": "2011-12-27 10:16:16",
      "icon_href": "/media/content/default_preview.jpg",
      "tags": "java"
    }
  },
  {
    "pk": 558,
    "model": "mycontent.contentspace",
    "fields": {
      "content": 451,
      "is_deleted": false,
      "space": 542
    }
  },
  {
    "pk": 559,
    "model": "mycontent.contentspace",
    "fields": {
      "content": 451,
      "is_deleted": false,
      "space": 395
    }
  },
  {
    "pk": 593,
    "model": "mycontent.contentspace",
    "fields": {
      "content": 591,
      "is_deleted": false,
      "space": 508
    }
  },
  {
    "pk": 594,
    "model": "mycontent.contentspace",
    "fields": {
      "content": 591,
      "is_deleted": false,
      "space": 395
    }
  },
  {
    "pk": 599,
    "model": "mycontent.contentspace",
    "fields": {
      "content": 597,
      "is_deleted": false,
      "space": 508
    }
  },
  {
    "pk": 600,
    "model": "mycontent.contentspace",
    "fields": {
      "content": 597,
      "is_deleted": false,
      "space": 395
    }
  },
  {
    "pk": 612,
    "model": "mycontent.contentspace",
    "fields": {
      "content": 603,
      "is_deleted": false,
      "space": 508
    }
  },
  {
    "pk": 613,
    "model": "mycontent.contentspace",
    "fields": {
      "content": 603,
      "is_deleted": false,
      "space": 395
    }
  },
  {
    "pk": 614,
    "model": "mycontent.contentspace",
    "fields": {
      "content": 447,
      "is_deleted": false,
      "space": 508
    }
  },
  {
    "pk": 615,
    "model": "mycontent.contentspace",
    "fields": {
      "content": 447,
      "is_deleted": false,
      "space": 395
    }
  },
  {
    "pk": 655,
    "model": "mycontent.contentspace",
    "fields": {
      "content": 563,
      "is_deleted": false,
      "space": 560
    }
  },
  {
    "pk": 656,
    "model": "mycontent.contentspace",
    "fields": {
      "content": 563,
      "is_deleted": false,
      "space": 395
    }
  },
  {
    "pk": 657,
    "model": "mycontent.contentspace",
    "fields": {
      "content": 619,
      "is_deleted": false,
      "space": 507
    }
  },
  {
    "pk": 658,
    "model": "mycontent.contentspace",
    "fields": {
      "content": 619,
      "is_deleted": false,
      "space": 395
    }
  },
  {
    "pk": 659,
    "model": "mycontent.contentspace",
    "fields": {
      "content": 581,
      "is_deleted": false,
      "space": 542
    }
  },
  {
    "pk": 660,
    "model": "mycontent.contentspace",
    "fields": {
      "content": 581,
      "is_deleted": false,
      "space": 395
    }
  },
  {
    "pk": 664,
    "model": "mycontent.contentspace",
    "fields": {
      "content": 663,
      "is_deleted": false,
      "space": 395
    }
  },
  {
    "pk": 668,
    "model": "mycontent.contentspace",
    "fields": {
      "content": 667,
      "is_deleted": false,
      "space": 395
    }
  },
  {
    "pk": 679,
    "model": "mycontent.contentspace",
    "fields": {
      "content": 671,
      "is_deleted": false,
      "space": 542
    }
  },
  {
    "pk": 680,
    "model": "mycontent.contentspace",
    "fields": {
      "content": 671,
      "is_deleted": false,
      "space": 395
    }
  },
  {
    "pk": 681,
    "model": "mycontent.contentspace",
    "fields": {
      "content": 675,
      "is_deleted": false,
      "space": 542
    }
  },
  {
    "pk": 682,
    "model": "mycontent.contentspace",
    "fields": {
      "content": 675,
      "is_deleted": false,
      "space": 395
    }
  },
  {
    "pk": 691,
    "model": "mycontent.contentspace",
    "fields": {
      "content": 689,
      "is_deleted": false,
      "space": 395
    }
  },
  {
    "pk": 722,
    "model": "mycontent.contentspace",
    "fields": {
      "content": 625,
      "is_deleted": false,
      "space": 507
    }
  },
  {
    "pk": 723,
    "model": "mycontent.contentspace",
    "fields": {
      "content": 625,
      "is_deleted": false,
      "space": 606
    }
  },
  {
    "pk": 729,
    "model": "mycontent.contentspace",
    "fields": {
      "content": 726,
      "is_deleted": false,
      "space": 507
    }
  },
  {
    "pk": 730,
    "model": "mycontent.contentspace",
    "fields": {
      "content": 726,
      "is_deleted": false,
      "space": 728
    }
  },
  {
    "pk": 734,
    "model": "mycontent.contentspace",
    "fields": {
      "content": 733,
      "is_deleted": false,
      "space": 398
    }
  },
  {
    "pk": 739,
    "model": "mycontent.contentspace",
    "fields": {
      "content": 685,
      "is_deleted": true,
      "space": 395
    }
  },
  {
    "pk": 475,
    "model": "mycontent.contentlike",
    "fields": {
      "content": 447,
      "ip": "127.0.0.1",
      "date": "2011-12-23 15:26:14",
      "like": true
    }
  },
  {
    "pk": 476,
    "model": "mycontent.contentlike",
    "fields": {
      "content": 451,
      "ip": "127.0.0.1",
      "date": "2011-12-23 15:43:34",
      "like": false
    }
  },
  {
    "pk": 577,
    "model": "mycontent.contentlike",
    "fields": {
      "content": 563,
      "ip": "127.0.0.1",
      "date": "2011-12-30 13:52:37",
      "like": false
    }
  },
  {
    "pk": 605,
    "model": "mycontent.contentlike",
    "fields": {
      "content": 603,
      "ip": "127.0.0.1",
      "date": "2012-01-03 16:01:09",
      "like": true
    }
  },
  {
    "pk": 616,
    "model": "mycontent.contentlike",
    "fields": {
      "content": 591,
      "ip": "127.0.0.1",
      "date": "2012-01-04 11:10:01",
      "like": false
    }
  },
  {
    "pk": 621,
    "model": "mycontent.contentlike",
    "fields": {
      "content": 619,
      "ip": "127.0.0.1",
      "date": "2012-01-05 10:29:13",
      "like": false
    }
  },
  {
    "pk": 622,
    "model": "mycontent.contentlike",
    "fields": {
      "content": 597,
      "ip": "127.0.0.1",
      "date": "2012-01-05 16:39:39",
      "like": true
    }
  },
  {
    "pk": 693,
    "model": "mycontent.contentlike",
    "fields": {
      "content": 685,
      "ip": "127.0.0.1",
      "date": "2012-01-11 14:14:54",
      "like": true
    }
  },
  {
    "pk": 740,
    "model": "mycontent.contentlike",
    "fields": {
      "content": 663,
      "ip": "127.0.0.1",
      "date": "2012-01-12 14:51:16",
      "like": true
    }
  },
  {
    "pk": 395,
    "model": "spaces.space",
    "fields": {
      "modified_date": "2012-01-09 14:51:18",
      "right": 8,
      "parent": null,
      "title": "PrivateSpaceTop",
      "rank": 20,
      "top_level": 395,
      "created_date": "2011-12-23 14:18:35",
      "space_type": 1,
      "left": 1
    }
  },
  {
    "pk": 398,
    "model": "spaces.space",
    "fields": {
      "modified_date": "2012-01-12 11:37:15",
      "right": 6,
      "parent": null,
      "title": "CorporateSpaceTop",
      "rank": 20,
      "top_level": 398,
      "created_date": "2011-12-23 14:19:07",
      "space_type": 3,
      "left": 1
    }
  },
  {
    "pk": 507,
    "model": "spaces.space",
    "fields": {
      "modified_date": "2011-12-30 11:59:15",
      "right": 14,
      "parent": null,
      "title": "Programowanie",
      "rank": 20,
      "top_level": 507,
      "created_date": "2011-12-28 10:35:53",
      "space_type": 2,
      "left": 1
    }
  },
  {
    "pk": 508,
    "model": "spaces.space",
    "fields": {
      "modified_date": "2011-12-29 15:16:13",
      "right": 7,
      "parent": 507,
      "title": ".NET",
      "rank": 20,
      "top_level": 507,
      "created_date": "2011-12-28 10:38:08",
      "space_type": 2,
      "left": 2
    }
  },
  {
    "pk": 509,
    "model": "spaces.space",
    "fields": {
      "modified_date": "2011-12-29 15:16:11",
      "right": 4,
      "parent": 508,
      "title": "Basic",
      "rank": 20,
      "top_level": 507,
      "created_date": "2011-12-28 10:38:13",
      "space_type": 2,
      "left": 3
    }
  },
  {
    "pk": 537,
    "model": "spaces.space",
    "fields": {
      "modified_date": "2012-01-09 14:05:10",
      "right": 5,
      "parent": 395,
      "title": "MySpaceSub",
      "rank": 20,
      "top_level": 395,
      "created_date": "2011-12-28 15:37:15",
      "space_type": 1,
      "left": 4
    }
  },
  {
    "pk": 542,
    "model": "spaces.space",
    "fields": {
      "modified_date": "2012-01-12 13:02:00",
      "right": 11,
      "parent": 507,
      "title": "Java",
      "rank": 19,
      "top_level": 507,
      "created_date": "2011-12-29 09:30:49",
      "space_type": 2,
      "left": 8
    }
  },
  {
    "pk": 543,
    "model": "spaces.space",
    "fields": {
      "modified_date": "2011-12-30 11:59:15",
      "right": 13,
      "parent": 507,
      "title": "C++",
      "rank": 20,
      "top_level": 507,
      "created_date": "2011-12-29 09:31:09",
      "space_type": 2,
      "left": 12
    }
  },
  {
    "pk": 549,
    "model": "spaces.space",
    "fields": {
      "modified_date": "2011-12-29 15:16:24",
      "right": 6,
      "parent": 508,
      "title": "C#",
      "rank": 20,
      "top_level": 507,
      "created_date": "2011-12-29 15:16:13",
      "space_type": 2,
      "left": 5
    }
  },
  {
    "pk": 560,
    "model": "spaces.space",
    "fields": {
      "modified_date": "2011-12-30 11:59:21",
      "right": 10,
      "parent": 542,
      "title": "Java EE",
      "rank": 20,
      "top_level": 507,
      "created_date": "2011-12-30 11:59:15",
      "space_type": 2,
      "left": 9
    }
  },
  {
    "pk": 606,
    "model": "spaces.space",
    "fields": {
      "modified_date": "2012-01-04 10:56:21",
      "right": 2,
      "parent": null,
      "title": "Corporate",
      "rank": 20,
      "top_level": 606,
      "created_date": "2012-01-04 10:56:21",
      "space_type": 3,
      "left": 1
    }
  },
  {
    "pk": 629,
    "model": "spaces.space",
    "fields": {
      "modified_date": "2012-01-09 09:43:28",
      "right": 2,
      "parent": null,
      "title": "karol",
      "rank": 20,
      "top_level": 629,
      "created_date": "2012-01-09 09:43:28",
      "space_type": 1,
      "left": 1
    }
  },
  {
    "pk": 633,
    "model": "spaces.space",
    "fields": {
      "modified_date": "2012-01-09 09:53:26",
      "right": 2,
      "parent": null,
      "title": "karol",
      "rank": 20,
      "top_level": 633,
      "created_date": "2012-01-09 09:53:26",
      "space_type": 1,
      "left": 1
    }
  },
  {
    "pk": 637,
    "model": "spaces.space",
    "fields": {
      "modified_date": "2012-01-09 10:06:38",
      "right": 2,
      "parent": null,
      "title": "karol",
      "rank": 20,
      "top_level": 637,
      "created_date": "2012-01-09 10:06:38",
      "space_type": 1,
      "left": 1
    }
  },
  {
    "pk": 643,
    "model": "spaces.space",
    "fields": {
      "modified_date": "2012-01-09 12:08:54",
      "right": 7,
      "parent": 395,
      "title": "Myspace",
      "rank": 20,
      "top_level": 395,
      "created_date": "2012-01-09 11:58:20",
      "space_type": 1,
      "left": 6
    }
  },
  {
    "pk": 728,
    "model": "spaces.space",
    "fields": {
      "modified_date": "2012-01-12 11:37:15",
      "right": 5,
      "parent": 398,
      "title": "corp",
      "rank": 20,
      "top_level": 398,
      "created_date": "2012-01-12 11:37:15",
      "space_type": 3,
      "left": 4
    }
  },
  {
    "pk": 401,
    "model": "spaces.spaceaccess",
    "fields": {
      "modified_date": "2011-12-23 14:19:33",
      "is_deleted": false,
      "space": 395,
      "user": 6,
      "created_date": "2011-12-23 14:19:33",
      "access_right": 3
    }
  },
  {
    "pk": 404,
    "model": "spaces.spaceaccess",
    "fields": {
      "modified_date": "2011-12-23 14:19:48",
      "is_deleted": false,
      "space": 398,
      "user": 6,
      "created_date": "2011-12-23 14:19:48",
      "access_right": 3
    }
  },
  {
    "pk": 609,
    "model": "spaces.spaceaccess",
    "fields": {
      "modified_date": "2012-01-04 10:56:36",
      "is_deleted": false,
      "space": 606,
      "user": 6,
      "created_date": "2012-01-04 10:56:36",
      "access_right": 3
    }
  },
  {
    "pk": 638,
    "model": "spaces.spaceaccess",
    "fields": {
      "modified_date": "2012-01-09 10:06:38",
      "is_deleted": false,
      "space": 637,
      "user": 635,
      "created_date": "2012-01-09 10:06:38",
      "access_right": 3
    }
  },
  {
    "pk": 2,
    "model": "filestorage.filestorage",
    "fields": {
      "owner": 1,
      "modified_date": "2011-12-12 12:45:20",
      "content_type": "text/xml",
      "contents": "<?xml version='1.0' encoding='UTF-8' ?><page layout='pixels'><modules><textModule id='C8ZzKp' left='28' top='11' width='520' height='27' style=''><text>&lt;div style=&quot;text-align: center;&quot;&gt;Title&lt;/div&gt;</text></textModule><buttonModule id='T0Wjzn' left='0' top='358' width='57' height='39' style=''><button type='prevPage' text='' onclick=''/></buttonModule><buttonModule id='smlvh2' left='520' top='358' width='57' height='39' style=''><button type='nextPage' text='' onclick=''/></buttonModule><imageModule id='pLuXuo' left='243' top='104' width='100' height='100' style=''><image src=''/></imageModule><shapeModule id='pgOMd7' left='86' top='116' width='100' height='100' style='dsa'></shapeModule><textModule id='8wAmZA' left='389' top='100' width='100' height='100' style=''><text>dsadsadsa</text></textModule><feedbackModule id='P62DQi' left='275' top='222' width='100' height='100' style=''><scope type='page'/></feedbackModule></modules></page>",
      "created_date": "2011-12-12 10:33:05"
    }
  },
  {
    "pk": 3,
    "model": "filestorage.filestorage",
    "fields": {
      "owner": 1,
      "modified_date": "2011-12-12 10:33:16",
      "content_type": "text/xml",
      "contents": "<?xml version='1.0' encoding='UTF-8' ?><interactiveContent><metadata></metadata><libs></libs><pages><page name='page 1' href='2'/></pages><assets></assets></interactiveContent>",
      "created_date": "2011-12-12 10:33:05"
    }
  },
  {
    "pk": 7,
    "model": "filestorage.filestorage",
    "fields": {
      "owner": 6,
      "modified_date": "2011-12-12 13:39:27",
      "content_type": "text/xml",
      "contents": "<?xml version='1.0' encoding='UTF-8' ?><page layout='pixels'><modules><textModule id='C8ZzKp' left='28' top='11' width='520' height='27' style=''><text>&lt;div style=&quot;text-align: center;&quot;&gt;Title&lt;/div&gt;</text></textModule><buttonModule id='T0Wjzn' left='0' top='358' width='57' height='39' style=''><button type='prevPage' text='' onclick=''/></buttonModule><buttonModule id='smlvh2' left='520' top='358' width='57' height='39' style=''><button type='nextPage' text='' onclick=''/></buttonModule><imageModule id='pLuXuo' left='243' top='104' width='100' height='100' style=''><image src=''/></imageModule><shapeModule id='pgOMd7' left='86' top='116' width='100' height='100' style='dsa'></shapeModule><textModule id='8wAmZA' left='389' top='100' width='100' height='100' style=''><text>dsadsadsa</text></textModule><feedbackModule id='P62DQi' left='275' top='222' width='100' height='100' style=''><scope type='page'/></feedbackModule></modules></page>",
      "created_date": "2011-12-12 13:39:27"
    }
  },
  {
    "pk": 8,
    "model": "filestorage.filestorage",
    "fields": {
      "owner": 6,
      "modified_date": "2011-12-12 13:39:27",
      "content_type": "text/xml",
      "contents": "<?xml version=\"1.0\" encoding=\"utf-8\"?><interactiveContent><metadata/><libs/><pages><page href=\"7\" name=\"page 1\"/></pages><assets/></interactiveContent>",
      "created_date": "2011-12-12 13:39:27"
    }
  },
  {
    "pk": 11,
    "model": "filestorage.filestorage",
    "fields": {
      "owner": 6,
      "modified_date": "2011-12-13 11:09:33",
      "content_type": "text/xml",
      "contents": "<?xml version='1.0' encoding='UTF-8' ?><page layout='pixels'><modules><textModule id='1nS2ek' left='28' top='11' width='520' height='27' style=''><text>&lt;div style=&quot;text-align: center;&quot;&gt;Title&lt;/div&gt;</text></textModule><buttonModule id='hWSO73' left='0' top='358' width='57' height='39' style=''><button type='prevPage' text='' onclick=''/></buttonModule><buttonModule id='D14SR4' left='520' top='358' width='57' height='39' style=''><button type='nextPage' text='' onclick=''/></buttonModule></modules></page>",
      "created_date": "2011-12-13 11:08:33"
    }
  },
  {
    "pk": 12,
    "model": "filestorage.filestorage",
    "fields": {
      "owner": 6,
      "modified_date": "2011-12-13 11:08:33",
      "content_type": "text/xml",
      "contents": "<?xml version='1.0' encoding='UTF-8' ?>\n<interactiveContent>\n\n\t<style href=\"/media/content/styles/default/content.css\"/>\n\t\n\t<pages>\n    \t<page name='page 1' href='11'/> \n    </pages>\n</interactiveContent>",
      "created_date": "2011-12-13 11:08:33"
    }
  },
  {
    "pk": 112,
    "model": "filestorage.filestorage",
    "fields": {
      "owner": 6,
      "modified_date": "2011-12-14 09:37:29",
      "content_type": "text/xml",
      "contents": "<?xml version='1.0' encoding='UTF-8' ?> \n\n<page>\n\t<modules> \n\t\n\t\t<textModule left=\"5\" top=\"3\" width=\"90\" height=\"7\" style=\"\">\n\t\t\t<text>&lt;div style=&quot;text-align: center;&quot;&gt;Title&lt;/div&gt;</text>\n\t\t</textModule>\t\n\t\t<buttonModule left=\"0\" top=\"90\" width=\"10\" height=\"10\" style=\"\">\n\t\t\t<button type=\"prevPage\" text=\"\"/>\n\t\t</buttonModule>\n\t\t<buttonModule left=\"90\" top=\"90\" width=\"10\" height=\"10\" style=\"\">\n\t\t\t<button type=\"nextPage\" text=\"\"/>\n\t\t</buttonModule>\n    </modules> \n</page>\n",
      "created_date": "2011-12-14 09:37:29"
    }
  },
  {
    "pk": 113,
    "model": "filestorage.filestorage",
    "fields": {
      "owner": 6,
      "modified_date": "2011-12-14 09:37:29",
      "content_type": "text/xml",
      "contents": "<?xml version='1.0' encoding='UTF-8' ?>\n<interactiveContent>\n\n\t<style href=\"/media/content/styles/default/content.css\"/>\n\t\n\t<pages>\n    \t<page name='page 1' href='112'/> \n    </pages>\n</interactiveContent>",
      "created_date": "2011-12-14 09:37:29"
    }
  },
  {
    "pk": 172,
    "model": "filestorage.filestorage",
    "fields": {
      "owner": 6,
      "modified_date": "2011-12-14 13:14:33",
      "content_type": "text/xml",
      "contents": "<?xml version='1.0' encoding='UTF-8' ?> \n\n<page>\n\t<modules> \n\t\n\t\t<textModule left=\"5\" top=\"3\" width=\"90\" height=\"7\" style=\"\">\n\t\t\t<text>&lt;div style=&quot;text-align: center;&quot;&gt;Title&lt;/div&gt;</text>\n\t\t</textModule>\t\n\t\t<buttonModule left=\"0\" top=\"90\" width=\"10\" height=\"10\" style=\"\">\n\t\t\t<button type=\"prevPage\" text=\"\"/>\n\t\t</buttonModule>\n\t\t<buttonModule left=\"90\" top=\"90\" width=\"10\" height=\"10\" style=\"\">\n\t\t\t<button type=\"nextPage\" text=\"\"/>\n\t\t</buttonModule>\n    </modules> \n</page>\n",
      "created_date": "2011-12-14 13:14:33"
    }
  },
  {
    "pk": 173,
    "model": "filestorage.filestorage",
    "fields": {
      "owner": 6,
      "modified_date": "2011-12-14 13:14:33",
      "content_type": "text/xml",
      "contents": "<?xml version='1.0' encoding='UTF-8' ?>\n<interactiveContent>\n\n\t<style href=\"/media/content/styles/default/content.css\"/>\n\t\n\t<pages>\n    \t<page name='page 1' href='172'/> \n    </pages>\n</interactiveContent>",
      "created_date": "2011-12-14 13:14:33"
    }
  },
  {
    "pk": 176,
    "model": "filestorage.filestorage",
    "fields": {
      "owner": 6,
      "modified_date": "2011-12-14 13:14:46",
      "content_type": "text/xml",
      "contents": "<?xml version='1.0' encoding='UTF-8' ?> \n\n<page>\n\t<modules> \n\t\n\t\t<textModule left=\"5\" top=\"3\" width=\"90\" height=\"7\" style=\"\">\n\t\t\t<text>&lt;div style=&quot;text-align: center;&quot;&gt;Title&lt;/div&gt;</text>\n\t\t</textModule>\t\n\t\t<buttonModule left=\"0\" top=\"90\" width=\"10\" height=\"10\" style=\"\">\n\t\t\t<button type=\"prevPage\" text=\"\"/>\n\t\t</buttonModule>\n\t\t<buttonModule left=\"90\" top=\"90\" width=\"10\" height=\"10\" style=\"\">\n\t\t\t<button type=\"nextPage\" text=\"\"/>\n\t\t</buttonModule>\n    </modules> \n</page>\n",
      "created_date": "2011-12-14 13:14:46"
    }
  },
  {
    "pk": 177,
    "model": "filestorage.filestorage",
    "fields": {
      "owner": 6,
      "modified_date": "2011-12-14 13:14:46",
      "content_type": "text/xml",
      "contents": "<?xml version='1.0' encoding='UTF-8' ?>\n<interactiveContent>\n\n\t<style href=\"/media/content/styles/default/content.css\"/>\n\t\n\t<pages>\n    \t<page name='page 1' href='176'/> \n    </pages>\n</interactiveContent>",
      "created_date": "2011-12-14 13:14:46"
    }
  },
  {
    "pk": 199,
    "model": "filestorage.filestorage",
    "fields": {
      "owner": 6,
      "modified_date": "2011-12-15 10:56:01",
      "content_type": "text/xml",
      "contents": "<?xml version='1.0' encoding='UTF-8' ?> \n\n<page>\n\t<modules> \n\t\n\t\t<textModule left=\"5\" top=\"3\" width=\"90\" height=\"7\" style=\"\">\n\t\t\t<text>&lt;div style=&quot;text-align: center;&quot;&gt;Title&lt;/div&gt;</text>\n\t\t</textModule>\t\n\t\t<buttonModule left=\"0\" top=\"90\" width=\"10\" height=\"10\" style=\"\">\n\t\t\t<button type=\"prevPage\" text=\"\"/>\n\t\t</buttonModule>\n\t\t<buttonModule left=\"90\" top=\"90\" width=\"10\" height=\"10\" style=\"\">\n\t\t\t<button type=\"nextPage\" text=\"\"/>\n\t\t</buttonModule>\n    </modules> \n</page>\n",
      "created_date": "2011-12-15 10:56:01"
    }
  },
  {
    "pk": 200,
    "model": "filestorage.filestorage",
    "fields": {
      "owner": 6,
      "modified_date": "2011-12-15 10:56:01",
      "content_type": "text/xml",
      "contents": "<?xml version='1.0' encoding='UTF-8' ?>\n<interactiveContent>\n\n\t<style href=\"/media/content/styles/default/content.css\"/>\n\t\n\t<pages>\n    \t<page name='page 1' href='199'/> \n    </pages>\n</interactiveContent>",
      "created_date": "2011-12-15 10:56:01"
    }
  },
  {
    "pk": 214,
    "model": "filestorage.filestorage",
    "fields": {
      "owner": 6,
      "modified_date": "2011-12-22 12:47:02",
      "content_type": "text/xml",
      "contents": "<?xml version='1.0' encoding='UTF-8' ?><page layout='pixels'><modules><textModule id='8mARhm' left='30' top='136' width='520' height='27' style=''><text>&lt;div style=&quot;text-align: center;&quot;&gt;Title&lt;/div&gt;</text></textModule><buttonModule id='341ZaN' left='0' top='358' width='57' height='39' style=''><button type='prevPage' text='' onclick=''/></buttonModule><buttonModule id='CPnOfi' left='520' top='358' width='57' height='39' style=''><button type='nextPage' text='' onclick=''/></buttonModule><choiceModule id='CinoxX' left='172' top='198' width='100' height='100' style=''></choiceModule><feedbackModule id='Jgc5Ak' left='309' top='196' width='100' height='100' style=''><scope type='page'/></feedbackModule></modules></page>",
      "created_date": "2011-12-15 12:55:05"
    }
  },
  {
    "pk": 215,
    "model": "filestorage.filestorage",
    "fields": {
      "owner": 6,
      "modified_date": "2011-12-15 12:55:05",
      "content_type": "text/xml",
      "contents": "<?xml version='1.0' encoding='UTF-8' ?>\n<interactiveContent>\n\n\t<style href=\"/media/content/styles/default/content.css\"/>\n\t\n\t<pages>\n    \t<page name='page 1' href='214'/> \n    </pages>\n</interactiveContent>",
      "created_date": "2011-12-15 12:55:05"
    }
  },
  {
    "pk": 317,
    "model": "filestorage.filestorage",
    "fields": {
      "owner": 6,
      "modified_date": "2011-12-22 11:36:51",
      "content_type": "text/xml",
      "contents": "<?xml version='1.0' encoding='UTF-8' ?> \n\n<page>\n\t<modules> \n\t\n\t\t<textModule left=\"5\" top=\"3\" width=\"90\" height=\"7\" style=\"\">\n\t\t\t<text>&lt;div style=&quot;text-align: center;&quot;&gt;Title&lt;/div&gt;</text>\n\t\t</textModule>\t\n\t\t<buttonModule left=\"0\" top=\"90\" width=\"10\" height=\"10\" style=\"\">\n\t\t\t<button type=\"prevPage\" text=\"\"/>\n\t\t</buttonModule>\n\t\t<buttonModule left=\"90\" top=\"90\" width=\"10\" height=\"10\" style=\"\">\n\t\t\t<button type=\"nextPage\" text=\"\"/>\n\t\t</buttonModule>\n    </modules> \n</page>\n",
      "created_date": "2011-12-22 11:36:51"
    }
  },
  {
    "pk": 318,
    "model": "filestorage.filestorage",
    "fields": {
      "owner": 6,
      "modified_date": "2011-12-22 11:36:51",
      "content_type": "text/xml",
      "contents": "<?xml version=\"1.0\" encoding=\"utf-8\"?><interactiveContent>\n\n\t<style href=\"/media/content/styles/default/content.css\"/>\n\t\n\t<pages>\n    \t<page href=\"317\" name=\"page 1\"/> \n    </pages>\n</interactiveContent>",
      "created_date": "2011-12-22 11:36:51"
    }
  },
  {
    "pk": 323,
    "model": "filestorage.filestorage",
    "fields": {
      "owner": 6,
      "modified_date": "2011-12-22 12:48:04",
      "content_type": "text/xml",
      "contents": "<?xml version='1.0' encoding='UTF-8' ?> \n\n<page>\n\t<modules> \n\t\n\t\t<textModule left=\"5\" top=\"3\" width=\"90\" height=\"7\" style=\"\">\n\t\t\t<text>&lt;div style=&quot;text-align: center;&quot;&gt;Title&lt;/div&gt;</text>\n\t\t</textModule>\t\n\t\t<buttonModule left=\"0\" top=\"90\" width=\"10\" height=\"10\" style=\"\">\n\t\t\t<button type=\"prevPage\" text=\"\"/>\n\t\t</buttonModule>\n\t\t<buttonModule left=\"90\" top=\"90\" width=\"10\" height=\"10\" style=\"\">\n\t\t\t<button type=\"nextPage\" text=\"\"/>\n\t\t</buttonModule>\n    </modules> \n</page>\n",
      "created_date": "2011-12-22 12:48:04"
    }
  },
  {
    "pk": 324,
    "model": "filestorage.filestorage",
    "fields": {
      "owner": 6,
      "modified_date": "2011-12-22 12:48:04",
      "content_type": "text/xml",
      "contents": "<?xml version=\"1.0\" encoding=\"utf-8\"?><interactiveContent>\n\n\t<style href=\"/media/content/styles/default/content.css\"/>\n\t\n\t<pages>\n    \t<page href=\"323\" name=\"page 1\"/> \n    </pages>\n</interactiveContent>",
      "created_date": "2011-12-22 12:48:04"
    }
  },
  {
    "pk": 339,
    "model": "filestorage.filestorage",
    "fields": {
      "owner": 6,
      "modified_date": "2011-12-22 13:07:37",
      "content_type": "text/xml",
      "contents": "<?xml version='1.0' encoding='UTF-8' ?> \n\n<page>\n\t<modules> \n\t\n\t\t<textModule left=\"5\" top=\"3\" width=\"90\" height=\"7\" style=\"\">\n\t\t\t<text>&lt;div style=&quot;text-align: center;&quot;&gt;Title&lt;/div&gt;</text>\n\t\t</textModule>\t\n\t\t<buttonModule left=\"0\" top=\"90\" width=\"10\" height=\"10\" style=\"\">\n\t\t\t<button type=\"prevPage\" text=\"\"/>\n\t\t</buttonModule>\n\t\t<buttonModule left=\"90\" top=\"90\" width=\"10\" height=\"10\" style=\"\">\n\t\t\t<button type=\"nextPage\" text=\"\"/>\n\t\t</buttonModule>\n    </modules> \n</page>\n",
      "created_date": "2011-12-22 13:07:37"
    }
  },
  {
    "pk": 340,
    "model": "filestorage.filestorage",
    "fields": {
      "owner": 6,
      "modified_date": "2011-12-22 13:07:37",
      "content_type": "text/xml",
      "contents": "<?xml version=\"1.0\" encoding=\"utf-8\"?><interactiveContent>\n\n\t<style href=\"/media/content/styles/default/content.css\"/>\n\t\n\t<pages>\n    \t<page href=\"339\" name=\"page 1\"/> \n    </pages>\n</interactiveContent>",
      "created_date": "2011-12-22 13:07:37"
    }
  },
  {
    "pk": 351,
    "model": "filestorage.filestorage",
    "fields": {
      "owner": 6,
      "modified_date": "2011-12-22 14:22:28",
      "content_type": "text/xml",
      "contents": "<?xml version='1.0' encoding='UTF-8' ?> \n\n<page>\n\t<modules> \n\t\n\t\t<textModule left=\"5\" top=\"3\" width=\"90\" height=\"7\" style=\"\">\n\t\t\t<text>&lt;div style=&quot;text-align: center;&quot;&gt;Title&lt;/div&gt;</text>\n\t\t</textModule>\t\n\t\t<buttonModule left=\"0\" top=\"90\" width=\"10\" height=\"10\" style=\"\">\n\t\t\t<button type=\"prevPage\" text=\"\"/>\n\t\t</buttonModule>\n\t\t<buttonModule left=\"90\" top=\"90\" width=\"10\" height=\"10\" style=\"\">\n\t\t\t<button type=\"nextPage\" text=\"\"/>\n\t\t</buttonModule>\n    </modules> \n</page>\n",
      "created_date": "2011-12-22 14:22:28"
    }
  },
  {
    "pk": 352,
    "model": "filestorage.filestorage",
    "fields": {
      "owner": 6,
      "modified_date": "2011-12-22 14:22:28",
      "content_type": "text/xml",
      "contents": "<?xml version=\"1.0\" encoding=\"utf-8\"?><interactiveContent>\n\n\t<style href=\"/media/content/styles/default/content.css\"/>\n\t\n\t<pages>\n    \t<page href=\"351\" name=\"page 1\"/> \n    </pages>\n</interactiveContent>",
      "created_date": "2011-12-22 14:22:28"
    }
  },
  {
    "pk": 368,
    "model": "filestorage.filestorage",
    "fields": {
      "owner": 6,
      "modified_date": "2011-12-23 13:24:05",
      "content_type": "text/xml",
      "contents": "<?xml version='1.0' encoding='UTF-8' ?><page layout='pixels'><modules><textModule id='8mARhm' left='30' top='136' width='520' height='27' style=''><text>&lt;div style=&quot;text-align: center;&quot;&gt;Title&lt;/div&gt;</text></textModule><buttonModule id='341ZaN' left='0' top='358' width='57' height='39' style=''><button type='prevPage' text='' onclick=''/></buttonModule><buttonModule id='CPnOfi' left='520' top='358' width='57' height='39' style=''><button type='nextPage' text='' onclick=''/></buttonModule><choiceModule id='CinoxX' left='172' top='198' width='100' height='100' style=''></choiceModule><feedbackModule id='Jgc5Ak' left='309' top='196' width='100' height='100' style=''><scope type='page'/></feedbackModule></modules></page>",
      "created_date": "2011-12-23 13:24:05"
    }
  },
  {
    "pk": 369,
    "model": "filestorage.filestorage",
    "fields": {
      "owner": 6,
      "modified_date": "2011-12-23 13:24:05",
      "content_type": "text/xml",
      "contents": "<?xml version=\"1.0\" encoding=\"utf-8\"?><interactiveContent>\n\n\t<style href=\"/media/content/styles/default/content.css\"/>\n\t\n\t<pages>\n    \t<page href=\"368\" name=\"page 1\"/> \n    </pages>\n</interactiveContent>",
      "created_date": "2011-12-23 13:24:05"
    }
  },
  {
    "pk": 372,
    "model": "filestorage.filestorage",
    "fields": {
      "owner": 6,
      "modified_date": "2011-12-23 13:24:15",
      "content_type": "text/xml",
      "contents": "<?xml version='1.0' encoding='UTF-8' ?><page layout='pixels'><modules><textModule id='8mARhm' left='30' top='136' width='520' height='27' style=''><text>&lt;div style=&quot;text-align: center;&quot;&gt;Title&lt;/div&gt;</text></textModule><buttonModule id='341ZaN' left='0' top='358' width='57' height='39' style=''><button type='prevPage' text='' onclick=''/></buttonModule><buttonModule id='CPnOfi' left='520' top='358' width='57' height='39' style=''><button type='nextPage' text='' onclick=''/></buttonModule><choiceModule id='CinoxX' left='172' top='198' width='100' height='100' style=''></choiceModule><feedbackModule id='Jgc5Ak' left='309' top='196' width='100' height='100' style=''><scope type='page'/></feedbackModule></modules></page>",
      "created_date": "2011-12-23 13:24:15"
    }
  },
  {
    "pk": 373,
    "model": "filestorage.filestorage",
    "fields": {
      "owner": 6,
      "modified_date": "2011-12-23 13:24:15",
      "content_type": "text/xml",
      "contents": "<?xml version=\"1.0\" encoding=\"utf-8\"?><interactiveContent>\n\n\t<style href=\"/media/content/styles/default/content.css\"/>\n\t\n\t<pages>\n    \t<page href=\"372\" name=\"page 1\"/> \n    </pages>\n</interactiveContent>",
      "created_date": "2011-12-23 13:24:15"
    }
  },
  {
    "pk": 445,
    "model": "filestorage.filestorage",
    "fields": {
      "owner": 6,
      "modified_date": "2011-12-23 14:27:33",
      "content_type": "text/xml",
      "contents": "<?xml version='1.0' encoding='UTF-8' ?> \n\n<page>\n\t<modules> \n\t\n\t\t<textModule left=\"5\" top=\"3\" width=\"90\" height=\"7\" style=\"\">\n\t\t\t<text>&lt;div style=&quot;text-align: center;&quot;&gt;Title&lt;/div&gt;</text>\n\t\t</textModule>\t\n\t\t<buttonModule left=\"0\" top=\"90\" width=\"10\" height=\"10\" style=\"\">\n\t\t\t<button type=\"prevPage\" text=\"\"/>\n\t\t</buttonModule>\n\t\t<buttonModule left=\"90\" top=\"90\" width=\"10\" height=\"10\" style=\"\">\n\t\t\t<button type=\"nextPage\" text=\"\"/>\n\t\t</buttonModule>\n    </modules> \n</page>\n",
      "created_date": "2011-12-23 14:27:33"
    }
  },
  {
    "pk": 446,
    "model": "filestorage.filestorage",
    "fields": {
      "owner": 6,
      "modified_date": "2011-12-23 14:27:33",
      "content_type": "text/xml",
      "contents": "<?xml version='1.0' encoding='UTF-8' ?>\n<interactiveContent>\n\n\t<style href=\"/media/content/styles/default/content.css\"/>\n\t\n\t<pages>\n    \t<page name='page 1' href='445'/> \n    </pages>\n</interactiveContent>",
      "created_date": "2011-12-23 14:27:33"
    }
  },
  {
    "pk": 449,
    "model": "filestorage.filestorage",
    "fields": {
      "owner": 6,
      "modified_date": "2011-12-23 14:28:15",
      "content_type": "text/xml",
      "contents": "<?xml version='1.0' encoding='UTF-8' ?> \n\n<page>\n\t<modules> \n\t\n\t\t<textModule left=\"5\" top=\"3\" width=\"90\" height=\"7\" style=\"\">\n\t\t\t<text>&lt;div style=&quot;text-align: center;&quot;&gt;Title&lt;/div&gt;</text>\n\t\t</textModule>\t\n\t\t<buttonModule left=\"0\" top=\"90\" width=\"10\" height=\"10\" style=\"\">\n\t\t\t<button type=\"prevPage\" text=\"\"/>\n\t\t</buttonModule>\n\t\t<buttonModule left=\"90\" top=\"90\" width=\"10\" height=\"10\" style=\"\">\n\t\t\t<button type=\"nextPage\" text=\"\"/>\n\t\t</buttonModule>\n    </modules> \n</page>\n",
      "created_date": "2011-12-23 14:28:15"
    }
  },
  {
    "pk": 450,
    "model": "filestorage.filestorage",
    "fields": {
      "owner": 6,
      "modified_date": "2011-12-23 14:28:15",
      "content_type": "text/xml",
      "contents": "<?xml version='1.0' encoding='UTF-8' ?>\n<interactiveContent>\n\n\t<style href=\"/media/content/styles/default/content.css\"/>\n\t\n\t<pages>\n    \t<page name='page 1' href='449'/> \n    </pages>\n</interactiveContent>",
      "created_date": "2011-12-23 14:28:15"
    }
  },
  {
    "pk": 453,
    "model": "filestorage.filestorage",
    "fields": {
      "owner": 6,
      "modified_date": "2011-12-23 14:28:28",
      "content_type": "text/xml",
      "contents": "<?xml version='1.0' encoding='UTF-8' ?> \n\n<page>\n\t<modules> \n\t\n\t\t<textModule left=\"5\" top=\"3\" width=\"90\" height=\"7\" style=\"\">\n\t\t\t<text>&lt;div style=&quot;text-align: center;&quot;&gt;Title&lt;/div&gt;</text>\n\t\t</textModule>\t\n\t\t<buttonModule left=\"0\" top=\"90\" width=\"10\" height=\"10\" style=\"\">\n\t\t\t<button type=\"prevPage\" text=\"\"/>\n\t\t</buttonModule>\n\t\t<buttonModule left=\"90\" top=\"90\" width=\"10\" height=\"10\" style=\"\">\n\t\t\t<button type=\"nextPage\" text=\"\"/>\n\t\t</buttonModule>\n    </modules> \n</page>\n",
      "created_date": "2011-12-23 14:28:28"
    }
  },
  {
    "pk": 454,
    "model": "filestorage.filestorage",
    "fields": {
      "owner": 6,
      "modified_date": "2011-12-23 14:28:28",
      "content_type": "text/xml",
      "contents": "<?xml version=\"1.0\" encoding=\"utf-8\"?><interactiveContent>\n\n\t<style href=\"/media/content/styles/default/content.css\"/>\n\t\n\t<pages>\n    \t<page href=\"453\" name=\"page 1\"/> \n    </pages>\n</interactiveContent>",
      "created_date": "2011-12-23 14:28:28"
    }
  },
  {
    "pk": 482,
    "model": "filestorage.filestorage",
    "fields": {
      "owner": 6,
      "modified_date": "2011-12-27 10:16:16",
      "content_type": "text/xml",
      "contents": "<?xml version='1.0' encoding='UTF-8' ?> \n\n<page>\n\t<modules> \n\t\n\t\t<textModule left=\"5\" top=\"3\" width=\"90\" height=\"7\" style=\"\">\n\t\t\t<text>&lt;div style=&quot;text-align: center;&quot;&gt;Title&lt;/div&gt;</text>\n\t\t</textModule>\t\n\t\t<buttonModule left=\"0\" top=\"90\" width=\"10\" height=\"10\" style=\"\">\n\t\t\t<button type=\"prevPage\" text=\"\"/>\n\t\t</buttonModule>\n\t\t<buttonModule left=\"90\" top=\"90\" width=\"10\" height=\"10\" style=\"\">\n\t\t\t<button type=\"nextPage\" text=\"\"/>\n\t\t</buttonModule>\n    </modules> \n</page>\n",
      "created_date": "2011-12-27 10:16:16"
    }
  },
  {
    "pk": 483,
    "model": "filestorage.filestorage",
    "fields": {
      "owner": 6,
      "modified_date": "2011-12-27 10:16:16",
      "content_type": "text/xml",
      "contents": "<?xml version=\"1.0\" encoding=\"utf-8\"?><interactiveContent>\n\n\t<style href=\"/media/content/styles/default/content.css\"/>\n\t\n\t<pages>\n    \t<page href=\"482\" name=\"page 1\"/> \n    </pages>\n</interactiveContent>",
      "created_date": "2011-12-27 10:16:16"
    }
  },
  {
    "pk": 486,
    "model": "filestorage.filestorage",
    "fields": {
      "owner": 6,
      "modified_date": "2011-12-27 10:29:59",
      "content_type": "text/xml",
      "contents": "<?xml version='1.0' encoding='UTF-8' ?> \n\n<page>\n\t<modules> \n\t\n\t\t<textModule left=\"5\" top=\"3\" width=\"90\" height=\"7\" style=\"\">\n\t\t\t<text>&lt;div style=&quot;text-align: center;&quot;&gt;Title&lt;/div&gt;</text>\n\t\t</textModule>\t\n\t\t<buttonModule left=\"0\" top=\"90\" width=\"10\" height=\"10\" style=\"\">\n\t\t\t<button type=\"prevPage\" text=\"\"/>\n\t\t</buttonModule>\n\t\t<buttonModule left=\"90\" top=\"90\" width=\"10\" height=\"10\" style=\"\">\n\t\t\t<button type=\"nextPage\" text=\"\"/>\n\t\t</buttonModule>\n    </modules> \n</page>\n",
      "created_date": "2011-12-27 10:29:59"
    }
  },
  {
    "pk": 487,
    "model": "filestorage.filestorage",
    "fields": {
      "owner": 6,
      "modified_date": "2011-12-27 10:29:59",
      "content_type": "text/xml",
      "contents": "<?xml version=\"1.0\" encoding=\"utf-8\"?><interactiveContent>\n\n\t<style href=\"/media/content/styles/default/content.css\"/>\n\t\n\t<pages>\n    \t<page href=\"486\" name=\"page 1\"/> \n    </pages>\n</interactiveContent>",
      "created_date": "2011-12-27 10:29:59"
    }
  },
  {
    "pk": 490,
    "model": "filestorage.filestorage",
    "fields": {
      "owner": 6,
      "modified_date": "2011-12-27 10:32:10",
      "content_type": "text/xml",
      "contents": "<?xml version='1.0' encoding='UTF-8' ?> \n\n<page>\n\t<modules> \n\t\n\t\t<textModule left=\"5\" top=\"3\" width=\"90\" height=\"7\" style=\"\">\n\t\t\t<text>&lt;div style=&quot;text-align: center;&quot;&gt;Title&lt;/div&gt;</text>\n\t\t</textModule>\t\n\t\t<buttonModule left=\"0\" top=\"90\" width=\"10\" height=\"10\" style=\"\">\n\t\t\t<button type=\"prevPage\" text=\"\"/>\n\t\t</buttonModule>\n\t\t<buttonModule left=\"90\" top=\"90\" width=\"10\" height=\"10\" style=\"\">\n\t\t\t<button type=\"nextPage\" text=\"\"/>\n\t\t</buttonModule>\n    </modules> \n</page>\n",
      "created_date": "2011-12-27 10:32:10"
    }
  },
  {
    "pk": 491,
    "model": "filestorage.filestorage",
    "fields": {
      "owner": 6,
      "modified_date": "2011-12-27 10:32:10",
      "content_type": "text/xml",
      "contents": "<?xml version=\"1.0\" encoding=\"utf-8\"?><interactiveContent>\n\n\t<style href=\"/media/content/styles/default/content.css\"/>\n\t\n\t<pages>\n    \t<page href=\"490\" name=\"page 1\"/> \n    </pages>\n</interactiveContent>",
      "created_date": "2011-12-27 10:32:10"
    }
  },
  {
    "pk": 495,
    "model": "filestorage.filestorage",
    "fields": {
      "owner": 6,
      "modified_date": "2011-12-27 10:35:26",
      "content_type": "text/xml",
      "contents": "<?xml version='1.0' encoding='UTF-8' ?> \n\n<page>\n\t<modules> \n\t\n\t\t<textModule left=\"5\" top=\"3\" width=\"90\" height=\"7\" style=\"\">\n\t\t\t<text>&lt;div style=&quot;text-align: center;&quot;&gt;Title&lt;/div&gt;</text>\n\t\t</textModule>\t\n\t\t<buttonModule left=\"0\" top=\"90\" width=\"10\" height=\"10\" style=\"\">\n\t\t\t<button type=\"prevPage\" text=\"\"/>\n\t\t</buttonModule>\n\t\t<buttonModule left=\"90\" top=\"90\" width=\"10\" height=\"10\" style=\"\">\n\t\t\t<button type=\"nextPage\" text=\"\"/>\n\t\t</buttonModule>\n    </modules> \n</page>\n",
      "created_date": "2011-12-27 10:35:26"
    }
  },
  {
    "pk": 496,
    "model": "filestorage.filestorage",
    "fields": {
      "owner": 6,
      "modified_date": "2011-12-27 10:35:26",
      "content_type": "text/xml",
      "contents": "<?xml version=\"1.0\" encoding=\"utf-8\"?><interactiveContent>\n\n\t<style href=\"/media/content/styles/default/content.css\"/>\n\t\n\t<pages>\n    \t<page href=\"495\" name=\"page 1\"/> \n    </pages>\n</interactiveContent>",
      "created_date": "2011-12-27 10:35:26"
    }
  },
  {
    "pk": 503,
    "model": "filestorage.filestorage",
    "fields": {
      "owner": 6,
      "modified_date": "2011-12-28 09:14:04",
      "content_type": "text/xml",
      "contents": "<?xml version='1.0' encoding='UTF-8' ?> \n\n<page>\n\t<modules> \n\t\n\t\t<textModule left=\"5\" top=\"3\" width=\"90\" height=\"7\" style=\"\">\n\t\t\t<text>&lt;div style=&quot;text-align: center;&quot;&gt;Title&lt;/div&gt;</text>\n\t\t</textModule>\t\n\t\t<buttonModule left=\"0\" top=\"90\" width=\"10\" height=\"10\" style=\"\">\n\t\t\t<button type=\"prevPage\" text=\"\"/>\n\t\t</buttonModule>\n\t\t<buttonModule left=\"90\" top=\"90\" width=\"10\" height=\"10\" style=\"\">\n\t\t\t<button type=\"nextPage\" text=\"\"/>\n\t\t</buttonModule>\n    </modules> \n</page>\n",
      "created_date": "2011-12-28 09:14:04"
    }
  },
  {
    "pk": 504,
    "model": "filestorage.filestorage",
    "fields": {
      "owner": 6,
      "modified_date": "2011-12-28 09:14:04",
      "content_type": "text/xml",
      "contents": "<?xml version=\"1.0\" encoding=\"utf-8\"?><interactiveContent>\n\n\t<style href=\"/media/content/styles/default/content.css\"/>\n\t\n\t<pages>\n    \t<page href=\"503\" name=\"page 1\"/> \n    </pages>\n</interactiveContent>",
      "created_date": "2011-12-28 09:14:04"
    }
  },
  {
    "pk": 561,
    "model": "filestorage.filestorage",
    "fields": {
      "owner": 6,
      "modified_date": "2011-12-30 12:02:07",
      "content_type": "text/xml",
      "contents": "<?xml version='1.0' encoding='UTF-8' ?> \n\n<page>\n\t<modules> \n\t\n\t\t<textModule left=\"5\" top=\"3\" width=\"90\" height=\"7\" style=\"\">\n\t\t\t<text>&lt;div style=&quot;text-align: center;&quot;&gt;Title&lt;/div&gt;</text>\n\t\t</textModule>\t\n\t\t<buttonModule left=\"0\" top=\"90\" width=\"10\" height=\"10\" style=\"\">\n\t\t\t<button type=\"prevPage\" text=\"\"/>\n\t\t</buttonModule>\n\t\t<buttonModule left=\"90\" top=\"90\" width=\"10\" height=\"10\" style=\"\">\n\t\t\t<button type=\"nextPage\" text=\"\"/>\n\t\t</buttonModule>\n    </modules> \n</page>\n",
      "created_date": "2011-12-30 12:02:07"
    }
  },
  {
    "pk": 562,
    "model": "filestorage.filestorage",
    "fields": {
      "owner": 6,
      "modified_date": "2011-12-30 12:02:07",
      "content_type": "text/xml",
      "contents": "<?xml version='1.0' encoding='UTF-8' ?>\n<interactiveContent>\n\n\t<style href=\"/media/content/styles/default/content.css\"/>\n\t\n\t<pages>\n    \t<page name='page 1' href='561'/> \n    </pages>\n</interactiveContent>",
      "created_date": "2011-12-30 12:02:07"
    }
  },
  {
    "pk": 579,
    "model": "filestorage.filestorage",
    "fields": {
      "owner": 6,
      "modified_date": "2012-01-02 14:28:48",
      "content_type": "text/xml",
      "contents": "<?xml version='1.0' encoding='UTF-8' ?> \n\n<page>\n\t<modules> \n\t\n\t\t<textModule left=\"5\" top=\"3\" width=\"90\" height=\"7\" style=\"\">\n\t\t\t<text>&lt;div style=&quot;text-align: center;&quot;&gt;Title&lt;/div&gt;</text>\n\t\t</textModule>\t\n\t\t<buttonModule left=\"0\" top=\"90\" width=\"10\" height=\"10\" style=\"\">\n\t\t\t<button type=\"prevPage\" text=\"\"/>\n\t\t</buttonModule>\n\t\t<buttonModule left=\"90\" top=\"90\" width=\"10\" height=\"10\" style=\"\">\n\t\t\t<button type=\"nextPage\" text=\"\"/>\n\t\t</buttonModule>\n    </modules> \n</page>\n",
      "created_date": "2012-01-02 14:28:48"
    }
  },
  {
    "pk": 580,
    "model": "filestorage.filestorage",
    "fields": {
      "owner": 6,
      "modified_date": "2012-01-02 14:28:47",
      "content_type": "text/xml",
      "contents": "<?xml version=\"1.0\" encoding=\"utf-8\"?><interactiveContent>\n\n\t<style href=\"/media/content/styles/default/content.css\"/>\n\t\n\t<pages>\n    \t<page href=\"579\" name=\"page 1\"/> \n    </pages>\n</interactiveContent>",
      "created_date": "2012-01-02 14:28:47"
    }
  },
  {
    "pk": 589,
    "model": "filestorage.filestorage",
    "fields": {
      "owner": 6,
      "modified_date": "2012-01-03 14:46:31",
      "content_type": "text/xml",
      "contents": "<?xml version='1.0' encoding='UTF-8' ?> \n\n<page>\n\t<modules> \n\t\n\t\t<textModule left=\"5\" top=\"3\" width=\"90\" height=\"7\" style=\"\">\n\t\t\t<text>&lt;div style=&quot;text-align: center;&quot;&gt;Title&lt;/div&gt;</text>\n\t\t</textModule>\t\n\t\t<buttonModule left=\"0\" top=\"90\" width=\"10\" height=\"10\" style=\"\">\n\t\t\t<button type=\"prevPage\" text=\"\"/>\n\t\t</buttonModule>\n\t\t<buttonModule left=\"90\" top=\"90\" width=\"10\" height=\"10\" style=\"\">\n\t\t\t<button type=\"nextPage\" text=\"\"/>\n\t\t</buttonModule>\n    </modules> \n</page>\n",
      "created_date": "2012-01-03 14:46:31"
    }
  },
  {
    "pk": 590,
    "model": "filestorage.filestorage",
    "fields": {
      "owner": 6,
      "modified_date": "2012-01-03 14:46:31",
      "content_type": "text/xml",
      "contents": "<?xml version='1.0' encoding='UTF-8' ?>\n<interactiveContent>\n\n\t<style href=\"/media/content/styles/default/content.css\"/>\n\t\n\t<pages>\n    \t<page name='page 1' href='589'/> \n    </pages>\n</interactiveContent>",
      "created_date": "2012-01-03 14:46:31"
    }
  },
  {
    "pk": 595,
    "model": "filestorage.filestorage",
    "fields": {
      "owner": 6,
      "modified_date": "2012-01-03 14:47:03",
      "content_type": "text/xml",
      "contents": "<?xml version='1.0' encoding='UTF-8' ?> \n\n<page>\n\t<modules> \n\t\n\t\t<textModule left=\"5\" top=\"3\" width=\"90\" height=\"7\" style=\"\">\n\t\t\t<text>&lt;div style=&quot;text-align: center;&quot;&gt;Title&lt;/div&gt;</text>\n\t\t</textModule>\t\n\t\t<buttonModule left=\"0\" top=\"90\" width=\"10\" height=\"10\" style=\"\">\n\t\t\t<button type=\"prevPage\" text=\"\"/>\n\t\t</buttonModule>\n\t\t<buttonModule left=\"90\" top=\"90\" width=\"10\" height=\"10\" style=\"\">\n\t\t\t<button type=\"nextPage\" text=\"\"/>\n\t\t</buttonModule>\n    </modules> \n</page>\n",
      "created_date": "2012-01-03 14:47:03"
    }
  },
  {
    "pk": 596,
    "model": "filestorage.filestorage",
    "fields": {
      "owner": 6,
      "modified_date": "2012-01-03 14:47:03",
      "content_type": "text/xml",
      "contents": "<?xml version='1.0' encoding='UTF-8' ?>\n<interactiveContent>\n\n\t<style href=\"/media/content/styles/default/content.css\"/>\n\t\n\t<pages>\n    \t<page name='page 1' href='595'/> \n    </pages>\n</interactiveContent>",
      "created_date": "2012-01-03 14:47:03"
    }
  },
  {
    "pk": 601,
    "model": "filestorage.filestorage",
    "fields": {
      "owner": 6,
      "modified_date": "2012-01-03 14:48:05",
      "content_type": "text/xml",
      "contents": "<?xml version='1.0' encoding='UTF-8' ?> \n\n<page>\n\t<modules> \n\t\n\t\t<textModule left=\"5\" top=\"3\" width=\"90\" height=\"7\" style=\"\">\n\t\t\t<text>&lt;div style=&quot;text-align: center;&quot;&gt;Title&lt;/div&gt;</text>\n\t\t</textModule>\t\n\t\t<buttonModule left=\"0\" top=\"90\" width=\"10\" height=\"10\" style=\"\">\n\t\t\t<button type=\"prevPage\" text=\"\"/>\n\t\t</buttonModule>\n\t\t<buttonModule left=\"90\" top=\"90\" width=\"10\" height=\"10\" style=\"\">\n\t\t\t<button type=\"nextPage\" text=\"\"/>\n\t\t</buttonModule>\n    </modules> \n</page>\n",
      "created_date": "2012-01-03 14:48:05"
    }
  },
  {
    "pk": 602,
    "model": "filestorage.filestorage",
    "fields": {
      "owner": 6,
      "modified_date": "2012-01-03 14:48:05",
      "content_type": "text/xml",
      "contents": "<?xml version=\"1.0\" encoding=\"utf-8\"?><interactiveContent>\n\n\t<style href=\"/media/content/styles/default/content.css\"/>\n\t\n\t<pages>\n    \t<page href=\"601\" name=\"page 1\"/> \n    </pages>\n</interactiveContent>",
      "created_date": "2012-01-03 14:48:05"
    }
  },
  {
    "pk": 617,
    "model": "filestorage.filestorage",
    "fields": {
      "owner": 6,
      "modified_date": "2012-01-05 09:30:26",
      "content_type": "text/xml",
      "contents": "<?xml version='1.0' encoding='UTF-8' ?> \n\n<page>\n\t<modules> \n\t\n\t\t<textModule left=\"5\" top=\"3\" width=\"90\" height=\"7\" style=\"\">\n\t\t\t<text>&lt;div style=&quot;text-align: center;&quot;&gt;Title&lt;/div&gt;</text>\n\t\t</textModule>\t\n\t\t<buttonModule left=\"0\" top=\"90\" width=\"10\" height=\"10\" style=\"\">\n\t\t\t<button type=\"prevPage\" text=\"\"/>\n\t\t</buttonModule>\n\t\t<buttonModule left=\"90\" top=\"90\" width=\"10\" height=\"10\" style=\"\">\n\t\t\t<button type=\"nextPage\" text=\"\"/>\n\t\t</buttonModule>\n    </modules> \n</page>\n",
      "created_date": "2012-01-05 09:30:26"
    }
  },
  {
    "pk": 618,
    "model": "filestorage.filestorage",
    "fields": {
      "owner": 6,
      "modified_date": "2012-01-05 09:30:26",
      "content_type": "text/xml",
      "contents": "<?xml version='1.0' encoding='UTF-8' ?>\n<interactiveContent>\n\n\t<style href=\"/media/content/styles/default/content.css\"/>\n\t\n\t<pages>\n    \t<page name='page 1' href='617'/> \n    </pages>\n</interactiveContent>",
      "created_date": "2012-01-05 09:30:26"
    }
  },
  {
    "pk": 623,
    "model": "filestorage.filestorage",
    "fields": {
      "owner": 6,
      "modified_date": "2012-01-09 09:33:30",
      "content_type": "text/xml",
      "contents": "<?xml version='1.0' encoding='UTF-8' ?> \n\n<page>\n\t<modules> \n\t\n\t\t<textModule left=\"5\" top=\"3\" width=\"90\" height=\"7\" style=\"\">\n\t\t\t<text>&lt;div style=&quot;text-align: center;&quot;&gt;Title&lt;/div&gt;</text>\n\t\t</textModule>\t\n\t\t<buttonModule left=\"0\" top=\"90\" width=\"10\" height=\"10\" style=\"\">\n\t\t\t<button type=\"prevPage\" text=\"\"/>\n\t\t</buttonModule>\n\t\t<buttonModule left=\"90\" top=\"90\" width=\"10\" height=\"10\" style=\"\">\n\t\t\t<button type=\"nextPage\" text=\"\"/>\n\t\t</buttonModule>\n    </modules> \n</page>\n",
      "created_date": "2012-01-09 09:33:30"
    }
  },
  {
    "pk": 624,
    "model": "filestorage.filestorage",
    "fields": {
      "owner": 6,
      "modified_date": "2012-01-09 09:33:30",
      "content_type": "text/xml",
      "contents": "<?xml version=\"1.0\" encoding=\"utf-8\"?><interactiveContent>\n\n\t<style href=\"/media/content/styles/default/content.css\"/>\n\t\n\t<pages>\n    \t<page href=\"623\" name=\"page 1\"/> \n    </pages>\n</interactiveContent>",
      "created_date": "2012-01-09 09:33:30"
    }
  },
  {
    "pk": 661,
    "model": "filestorage.filestorage",
    "fields": {
      "owner": 6,
      "modified_date": "2012-01-10 16:33:31",
      "content_type": "text/xml",
      "contents": "<?xml version='1.0' encoding='UTF-8' ?> \n\n<page>\n\t<modules> \n\t\n\t\t<textModule left=\"5\" top=\"3\" width=\"90\" height=\"7\" style=\"\">\n\t\t\t<text>&lt;div style=&quot;text-align: center;&quot;&gt;Title&lt;/div&gt;</text>\n\t\t</textModule>\t\n\t\t<buttonModule left=\"0\" top=\"90\" width=\"10\" height=\"10\" style=\"\">\n\t\t\t<button type=\"prevPage\" text=\"\"/>\n\t\t</buttonModule>\n\t\t<buttonModule left=\"90\" top=\"90\" width=\"10\" height=\"10\" style=\"\">\n\t\t\t<button type=\"nextPage\" text=\"\"/>\n\t\t</buttonModule>\n    </modules> \n</page>\n",
      "created_date": "2012-01-10 16:33:31"
    }
  },
  {
    "pk": 662,
    "model": "filestorage.filestorage",
    "fields": {
      "owner": 6,
      "modified_date": "2012-01-10 16:33:31",
      "content_type": "text/xml",
      "contents": "<?xml version=\"1.0\" encoding=\"utf-8\"?><interactiveContent>\n\n\t<style href=\"/media/content/styles/default/content.css\"/>\n\t\n\t<pages>\n    \t<page href=\"661\" name=\"page 1\"/> \n    </pages>\n</interactiveContent>",
      "created_date": "2012-01-10 16:33:31"
    }
  },
  {
    "pk": 665,
    "model": "filestorage.filestorage",
    "fields": {
      "owner": 6,
      "modified_date": "2012-01-10 16:33:40",
      "content_type": "text/xml",
      "contents": "<?xml version='1.0' encoding='UTF-8' ?> \n\n<page>\n\t<modules> \n\t\n\t\t<textModule left=\"5\" top=\"3\" width=\"90\" height=\"7\" style=\"\">\n\t\t\t<text>&lt;div style=&quot;text-align: center;&quot;&gt;Title&lt;/div&gt;</text>\n\t\t</textModule>\t\n\t\t<buttonModule left=\"0\" top=\"90\" width=\"10\" height=\"10\" style=\"\">\n\t\t\t<button type=\"prevPage\" text=\"\"/>\n\t\t</buttonModule>\n\t\t<buttonModule left=\"90\" top=\"90\" width=\"10\" height=\"10\" style=\"\">\n\t\t\t<button type=\"nextPage\" text=\"\"/>\n\t\t</buttonModule>\n    </modules> \n</page>\n",
      "created_date": "2012-01-10 16:33:40"
    }
  },
  {
    "pk": 666,
    "model": "filestorage.filestorage",
    "fields": {
      "owner": 6,
      "modified_date": "2012-01-10 16:33:40",
      "content_type": "text/xml",
      "contents": "<?xml version=\"1.0\" encoding=\"utf-8\"?><interactiveContent>\n\n\t<style href=\"/media/content/styles/default/content.css\"/>\n\t\n\t<pages>\n    \t<page href=\"665\" name=\"page 1\"/> \n    </pages>\n</interactiveContent>",
      "created_date": "2012-01-10 16:33:40"
    }
  },
  {
    "pk": 669,
    "model": "filestorage.filestorage",
    "fields": {
      "owner": 6,
      "modified_date": "2012-01-10 16:45:18",
      "content_type": "text/xml",
      "contents": "<?xml version='1.0' encoding='UTF-8' ?> \n\n<page>\n\t<modules> \n\t\n\t\t<textModule left=\"5\" top=\"3\" width=\"90\" height=\"7\" style=\"\">\n\t\t\t<text>&lt;div style=&quot;text-align: center;&quot;&gt;Title&lt;/div&gt;</text>\n\t\t</textModule>\t\n\t\t<buttonModule left=\"0\" top=\"90\" width=\"10\" height=\"10\" style=\"\">\n\t\t\t<button type=\"prevPage\" text=\"\"/>\n\t\t</buttonModule>\n\t\t<buttonModule left=\"90\" top=\"90\" width=\"10\" height=\"10\" style=\"\">\n\t\t\t<button type=\"nextPage\" text=\"\"/>\n\t\t</buttonModule>\n    </modules> \n</page>\n",
      "created_date": "2012-01-10 16:45:18"
    }
  },
  {
    "pk": 670,
    "model": "filestorage.filestorage",
    "fields": {
      "owner": 6,
      "modified_date": "2012-01-10 16:45:18",
      "content_type": "text/xml",
      "contents": "<?xml version=\"1.0\" encoding=\"utf-8\"?><interactiveContent>\n\n\t<style href=\"/media/content/styles/default/content.css\"/>\n\t\n\t<pages>\n    \t<page href=\"669\" name=\"page 1\"/> \n    </pages>\n</interactiveContent>",
      "created_date": "2012-01-10 16:45:18"
    }
  },
  {
    "pk": 673,
    "model": "filestorage.filestorage",
    "fields": {
      "owner": 6,
      "modified_date": "2012-01-10 16:45:26",
      "content_type": "text/xml",
      "contents": "<?xml version='1.0' encoding='UTF-8' ?> \n\n<page>\n\t<modules> \n\t\n\t\t<textModule left=\"5\" top=\"3\" width=\"90\" height=\"7\" style=\"\">\n\t\t\t<text>&lt;div style=&quot;text-align: center;&quot;&gt;Title&lt;/div&gt;</text>\n\t\t</textModule>\t\n\t\t<buttonModule left=\"0\" top=\"90\" width=\"10\" height=\"10\" style=\"\">\n\t\t\t<button type=\"prevPage\" text=\"\"/>\n\t\t</buttonModule>\n\t\t<buttonModule left=\"90\" top=\"90\" width=\"10\" height=\"10\" style=\"\">\n\t\t\t<button type=\"nextPage\" text=\"\"/>\n\t\t</buttonModule>\n    </modules> \n</page>\n",
      "created_date": "2012-01-10 16:45:26"
    }
  },
  {
    "pk": 674,
    "model": "filestorage.filestorage",
    "fields": {
      "owner": 6,
      "modified_date": "2012-01-10 16:45:25",
      "content_type": "text/xml",
      "contents": "<?xml version=\"1.0\" encoding=\"utf-8\"?><interactiveContent>\n\n\t<style href=\"/media/content/styles/default/content.css\"/>\n\t\n\t<pages>\n    \t<page href=\"673\" name=\"page 1\"/> \n    </pages>\n</interactiveContent>",
      "created_date": "2012-01-10 16:45:25"
    }
  },
  {
    "pk": 683,
    "model": "filestorage.filestorage",
    "fields": {
      "owner": 6,
      "modified_date": "2012-01-10 16:46:30",
      "content_type": "text/xml",
      "contents": "<?xml version='1.0' encoding='UTF-8' ?> \n\n<page>\n\t<modules> \n\t\n\t\t<textModule left=\"5\" top=\"3\" width=\"90\" height=\"7\" style=\"\">\n\t\t\t<text>&lt;div style=&quot;text-align: center;&quot;&gt;Title&lt;/div&gt;</text>\n\t\t</textModule>\t\n\t\t<buttonModule left=\"0\" top=\"90\" width=\"10\" height=\"10\" style=\"\">\n\t\t\t<button type=\"prevPage\" text=\"\"/>\n\t\t</buttonModule>\n\t\t<buttonModule left=\"90\" top=\"90\" width=\"10\" height=\"10\" style=\"\">\n\t\t\t<button type=\"nextPage\" text=\"\"/>\n\t\t</buttonModule>\n    </modules> \n</page>\n",
      "created_date": "2012-01-10 16:46:30"
    }
  },
  {
    "pk": 684,
    "model": "filestorage.filestorage",
    "fields": {
      "owner": 6,
      "modified_date": "2012-01-10 16:46:30",
      "content_type": "text/xml",
      "contents": "<?xml version=\"1.0\" encoding=\"utf-8\"?><interactiveContent>\n\n\t<style href=\"/media/content/styles/default/content.css\"/>\n\t\n\t<pages>\n    \t<page href=\"683\" name=\"page 1\"/> \n    </pages>\n</interactiveContent>",
      "created_date": "2012-01-10 16:46:30"
    }
  },
  {
    "pk": 687,
    "model": "filestorage.filestorage",
    "fields": {
      "owner": 6,
      "modified_date": "2012-01-10 16:46:37",
      "content_type": "text/xml",
      "contents": "<?xml version='1.0' encoding='UTF-8' ?> \n\n<page>\n\t<modules> \n\t\n\t\t<textModule left=\"5\" top=\"3\" width=\"90\" height=\"7\" style=\"\">\n\t\t\t<text>&lt;div style=&quot;text-align: center;&quot;&gt;Title&lt;/div&gt;</text>\n\t\t</textModule>\t\n\t\t<buttonModule left=\"0\" top=\"90\" width=\"10\" height=\"10\" style=\"\">\n\t\t\t<button type=\"prevPage\" text=\"\"/>\n\t\t</buttonModule>\n\t\t<buttonModule left=\"90\" top=\"90\" width=\"10\" height=\"10\" style=\"\">\n\t\t\t<button type=\"nextPage\" text=\"\"/>\n\t\t</buttonModule>\n    </modules> \n</page>\n",
      "created_date": "2012-01-10 16:46:37"
    }
  },
  {
    "pk": 688,
    "model": "filestorage.filestorage",
    "fields": {
      "owner": 6,
      "modified_date": "2012-01-10 16:46:37",
      "content_type": "text/xml",
      "contents": "<?xml version=\"1.0\" encoding=\"utf-8\"?><interactiveContent>\n\n\t<style href=\"/media/content/styles/default/content.css\"/>\n\t\n\t<pages>\n    \t<page href=\"687\" name=\"page 1\"/> \n    </pages>\n</interactiveContent>",
      "created_date": "2012-01-10 16:46:37"
    }
  },
  {
    "pk": 724,
    "model": "filestorage.filestorage",
    "fields": {
      "owner": 6,
      "modified_date": "2012-01-12 11:34:12",
      "content_type": "text/xml",
      "contents": "<?xml version='1.0' encoding='UTF-8' ?> \n\n<page>\n\t<modules> \n\t\n\t\t<textModule left=\"5\" top=\"3\" width=\"90\" height=\"7\" style=\"\">\n\t\t\t<text>&lt;div style=&quot;text-align: center;&quot;&gt;Title&lt;/div&gt;</text>\n\t\t</textModule>\t\n\t\t<buttonModule left=\"0\" top=\"90\" width=\"10\" height=\"10\" style=\"\">\n\t\t\t<button type=\"prevPage\" text=\"\"/>\n\t\t</buttonModule>\n\t\t<buttonModule left=\"90\" top=\"90\" width=\"10\" height=\"10\" style=\"\">\n\t\t\t<button type=\"nextPage\" text=\"\"/>\n\t\t</buttonModule>\n    </modules> \n</page>\n",
      "created_date": "2012-01-12 11:34:12"
    }
  },
  {
    "pk": 725,
    "model": "filestorage.filestorage",
    "fields": {
      "owner": 6,
      "modified_date": "2012-01-12 11:34:12",
      "content_type": "text/xml",
      "contents": "<?xml version=\"1.0\" encoding=\"utf-8\"?><interactiveContent>\n\n\t<style href=\"/media/content/styles/default/content.css\"/>\n\t\n\t<pages>\n    \t<page href=\"724\" name=\"page 1\"/> \n    </pages>\n</interactiveContent>",
      "created_date": "2012-01-12 11:34:12"
    }
  },
  {
    "pk": 731,
    "model": "filestorage.filestorage",
    "fields": {
      "owner": 6,
      "modified_date": "2012-01-12 11:58:07",
      "content_type": "text/xml",
      "contents": "<?xml version='1.0' encoding='UTF-8' ?> \n\n<page>\n\t<modules> \n\t\n\t\t<textModule left=\"5\" top=\"3\" width=\"90\" height=\"7\" style=\"\">\n\t\t\t<text>&lt;div style=&quot;text-align: center;&quot;&gt;Title&lt;/div&gt;</text>\n\t\t</textModule>\t\n\t\t<buttonModule left=\"0\" top=\"90\" width=\"10\" height=\"10\" style=\"\">\n\t\t\t<button type=\"prevPage\" text=\"\"/>\n\t\t</buttonModule>\n\t\t<buttonModule left=\"90\" top=\"90\" width=\"10\" height=\"10\" style=\"\">\n\t\t\t<button type=\"nextPage\" text=\"\"/>\n\t\t</buttonModule>\n    </modules> \n</page>\n",
      "created_date": "2012-01-12 11:58:07"
    }
  },
  {
    "pk": 732,
    "model": "filestorage.filestorage",
    "fields": {
      "owner": 6,
      "modified_date": "2012-01-12 11:58:07",
      "content_type": "text/xml",
      "contents": "<?xml version=\"1.0\" encoding=\"utf-8\"?><interactiveContent>\n\n\t<style href=\"/media/content/styles/default/content.css\"/>\n\t\n\t<pages>\n    \t<page href=\"731\" name=\"page 1\"/> \n    </pages>\n</interactiveContent>",
      "created_date": "2012-01-12 11:58:07"
    }
  },
  {
    "pk": 586,
    "model": "wiki.wikipage",
    "fields": {
      "text": "U can get help here",
      "title": "Help",
      "url": "Help",
      "modified_date": "2012-01-03 13:47:27",
      "is_toc": true,
      "author": 6
    }
  },
  {
    "pk": 753,
    "model": "admin.logentry",
    "fields": {
      "action_flag": 3,
      "action_time": "2012-01-13 11:51:21",
      "object_repr": "127.0.0.1",
      "object_id": "481",
      "change_message": "",
      "user": 6,
      "content_type": 73
    }
  },
  {
    "pk": 610,
    "model": "admin.logentry",
    "fields": {
      "action_flag": 1,
      "action_time": "2012-01-04 10:56:36",
      "object_repr": "Corporate Space Solwit S.A.:kgebert",
      "object_id": "609",
      "change_message": "",
      "user": 6,
      "content_type": 93
    }
  },
  {
    "pk": 607,
    "model": "admin.logentry",
    "fields": {
      "action_flag": 1,
      "action_time": "2012-01-04 10:56:21",
      "object_repr": "Corporate Space Solwit S.A.",
      "object_id": "606",
      "change_message": "",
      "user": 6,
      "content_type": 92
    }
  },
  {
    "pk": 587,
    "model": "admin.logentry",
    "fields": {
      "action_flag": 1,
      "action_time": "2012-01-03 13:47:30",
      "object_repr": "Help",
      "object_id": "586",
      "change_message": "",
      "user": 6,
      "content_type": 108
    }
  },
  {
    "pk": 538,
    "model": "admin.logentry",
    "fields": {
      "action_flag": 3,
      "action_time": "2011-12-28 15:54:08",
      "object_repr": "Java Public",
      "object_id": "455",
      "change_message": "",
      "user": 6,
      "content_type": 68
    }
  },
  {
    "pk": 527,
    "model": "admin.logentry",
    "fields": {
      "action_flag": 1,
      "action_time": "2011-12-28 12:48:15",
      "object_repr": "ContentSpace object",
      "object_id": "526",
      "change_message": "",
      "user": 6,
      "content_type": 71
    }
  },
  {
    "pk": 518,
    "model": "admin.logentry",
    "fields": {
      "action_flag": 1,
      "action_time": "2011-12-28 11:30:49",
      "object_repr": "ContentSpace object",
      "object_id": "517",
      "change_message": "",
      "user": 6,
      "content_type": 71
    }
  },
  {
    "pk": 515,
    "model": "admin.logentry",
    "fields": {
      "action_flag": 1,
      "action_time": "2011-12-28 11:30:33",
      "object_repr": "ContentSpace object",
      "object_id": "514",
      "change_message": "",
      "user": 6,
      "content_type": 71
    }
  },
  {
    "pk": 479,
    "model": "admin.logentry",
    "fields": {
      "action_flag": 2,
      "action_time": "2011-12-27 09:27:21",
      "object_repr": "Copy of Java",
      "object_id": "455",
      "change_message": "Zmieniono is_featured",
      "user": 6,
      "content_type": 68
    }
  },
  {
    "pk": 473,
    "model": "admin.logentry",
    "fields": {
      "action_flag": 3,
      "action_time": "2011-12-23 15:26:05",
      "object_repr": "127.0.0.1",
      "object_id": "472",
      "change_message": "",
      "user": 6,
      "content_type": 73
    }
  },
  {
    "pk": 470,
    "model": "admin.logentry",
    "fields": {
      "action_flag": 3,
      "action_time": "2011-12-23 15:25:08",
      "object_repr": "127.0.0.1",
      "object_id": "469",
      "change_message": "",
      "user": 6,
      "content_type": 73
    }
  },
  {
    "pk": 467,
    "model": "admin.logentry",
    "fields": {
      "action_flag": 3,
      "action_time": "2011-12-23 15:23:26",
      "object_repr": "127.0.0.1",
      "object_id": "465",
      "change_message": "",
      "user": 6,
      "content_type": 73
    }
  },
  {
    "pk": 463,
    "model": "admin.logentry",
    "fields": {
      "action_flag": 3,
      "action_time": "2011-12-23 15:18:09",
      "object_repr": "127.0.0.1",
      "object_id": "462",
      "change_message": "",
      "user": 6,
      "content_type": 73
    }
  },
  {
    "pk": 460,
    "model": "admin.logentry",
    "fields": {
      "action_flag": 3,
      "action_time": "2011-12-23 15:17:47",
      "object_repr": "127.0.0.1",
      "object_id": "457",
      "change_message": "",
      "user": 6,
      "content_type": 73
    }
  },
  {
    "pk": 459,
    "model": "admin.logentry",
    "fields": {
      "action_flag": 3,
      "action_time": "2011-12-23 15:17:47",
      "object_repr": "127.0.0.1",
      "object_id": "458",
      "change_message": "",
      "user": 6,
      "content_type": 73
    }
  },
  {
    "pk": 443,
    "model": "admin.logentry",
    "fields": {
      "action_flag": 3,
      "action_time": "2011-12-23 14:26:18",
      "object_repr": "NoWriteAccessSpace",
      "object_id": "435",
      "change_message": "",
      "user": 6,
      "content_type": 92
    }
  },
  {
    "pk": 441,
    "model": "admin.logentry",
    "fields": {
      "action_flag": 3,
      "action_time": "2011-12-23 14:26:04",
      "object_repr": "NoWriteAccessSpace:kgebert",
      "object_id": "438",
      "change_message": "",
      "user": 6,
      "content_type": 93
    }
  },
  {
    "pk": 439,
    "model": "admin.logentry",
    "fields": {
      "action_flag": 1,
      "action_time": "2011-12-23 14:23:21",
      "object_repr": "NoWriteAccessSpace:kgebert",
      "object_id": "438",
      "change_message": "",
      "user": 6,
      "content_type": 93
    }
  },
  {
    "pk": 436,
    "model": "admin.logentry",
    "fields": {
      "action_flag": 1,
      "action_time": "2011-12-23 14:23:03",
      "object_repr": "NoWriteAccessSpace",
      "object_id": "435",
      "change_message": "",
      "user": 6,
      "content_type": 92
    }
  },
  {
    "pk": 433,
    "model": "admin.logentry",
    "fields": {
      "action_flag": 3,
      "action_time": "2011-12-23 14:21:28",
      "object_repr": "127.0.0.1",
      "object_id": "365",
      "change_message": "",
      "user": 6,
      "content_type": 73
    }
  },
  {
    "pk": 432,
    "model": "admin.logentry",
    "fields": {
      "action_flag": 3,
      "action_time": "2011-12-23 14:21:28",
      "object_repr": "127.0.0.1",
      "object_id": "366",
      "change_message": "",
      "user": 6,
      "content_type": 73
    }
  },
  {
    "pk": 431,
    "model": "admin.logentry",
    "fields": {
      "action_flag": 3,
      "action_time": "2011-12-23 14:21:28",
      "object_repr": "127.0.0.1",
      "object_id": "367",
      "change_message": "",
      "user": 6,
      "content_type": 73
    }
  },
  {
    "pk": 429,
    "model": "admin.logentry",
    "fields": {
      "action_flag": 3,
      "action_time": "2011-12-23 14:21:16",
      "object_repr": "Content1",
      "object_id": "174",
      "change_message": "",
      "user": 6,
      "content_type": 68
    }
  },
  {
    "pk": 428,
    "model": "admin.logentry",
    "fields": {
      "action_flag": 3,
      "action_time": "2011-12-23 14:21:16",
      "object_repr": "Content3",
      "object_id": "201",
      "change_message": "",
      "user": 6,
      "content_type": 68
    }
  },
  {
    "pk": 427,
    "model": "admin.logentry",
    "fields": {
      "action_flag": 3,
      "action_time": "2011-12-23 14:21:16",
      "object_repr": "Copy of Content1",
      "object_id": "319",
      "change_message": "",
      "user": 6,
      "content_type": 68
    }
  },
  {
    "pk": 426,
    "model": "admin.logentry",
    "fields": {
      "action_flag": 3,
      "action_time": "2011-12-23 14:21:16",
      "object_repr": "Content2",
      "object_id": "178",
      "change_message": "",
      "user": 6,
      "content_type": 68
    }
  },
  {
    "pk": 425,
    "model": "admin.logentry",
    "fields": {
      "action_flag": 3,
      "action_time": "2011-12-23 14:21:16",
      "object_repr": "Content4",
      "object_id": "216",
      "change_message": "",
      "user": 6,
      "content_type": 68
    }
  },
  {
    "pk": 424,
    "model": "admin.logentry",
    "fields": {
      "action_flag": 3,
      "action_time": "2011-12-23 14:21:16",
      "object_repr": "Copy of Content3",
      "object_id": "325",
      "change_message": "",
      "user": 6,
      "content_type": 68
    }
  },
  {
    "pk": 423,
    "model": "admin.logentry",
    "fields": {
      "action_flag": 3,
      "action_time": "2011-12-23 14:21:16",
      "object_repr": "Copy of Content2",
      "object_id": "341",
      "change_message": "",
      "user": 6,
      "content_type": 68
    }
  },
  {
    "pk": 422,
    "model": "admin.logentry",
    "fields": {
      "action_flag": 3,
      "action_time": "2011-12-23 14:21:16",
      "object_repr": "Copy of Content3",
      "object_id": "353",
      "change_message": "",
      "user": 6,
      "content_type": 68
    }
  },
  {
    "pk": 421,
    "model": "admin.logentry",
    "fields": {
      "action_flag": 3,
      "action_time": "2011-12-23 14:21:16",
      "object_repr": "Copy of Content4",
      "object_id": "370",
      "change_message": "",
      "user": 6,
      "content_type": 68
    }
  },
  {
    "pk": 420,
    "model": "admin.logentry",
    "fields": {
      "action_flag": 3,
      "action_time": "2011-12-23 14:21:16",
      "object_repr": "Copy of Content4",
      "object_id": "374",
      "change_message": "",
      "user": 6,
      "content_type": 68
    }
  },
  {
    "pk": 418,
    "model": "admin.logentry",
    "fields": {
      "action_flag": 3,
      "action_time": "2011-12-23 14:21:04",
      "object_repr": "ContentSpace object",
      "object_id": "240",
      "change_message": "",
      "user": 6,
      "content_type": 71
    }
  },
  {
    "pk": 417,
    "model": "admin.logentry",
    "fields": {
      "action_flag": 3,
      "action_time": "2011-12-23 14:21:04",
      "object_repr": "ContentSpace object",
      "object_id": "243",
      "change_message": "",
      "user": 6,
      "content_type": 71
    }
  },
  {
    "pk": 416,
    "model": "admin.logentry",
    "fields": {
      "action_flag": 3,
      "action_time": "2011-12-23 14:21:04",
      "object_repr": "ContentSpace object",
      "object_id": "285",
      "change_message": "",
      "user": 6,
      "content_type": 71
    }
  },
  {
    "pk": 415,
    "model": "admin.logentry",
    "fields": {
      "action_flag": 3,
      "action_time": "2011-12-23 14:21:04",
      "object_repr": "ContentSpace object",
      "object_id": "320",
      "change_message": "",
      "user": 6,
      "content_type": 71
    }
  },
  {
    "pk": 414,
    "model": "admin.logentry",
    "fields": {
      "action_flag": 3,
      "action_time": "2011-12-23 14:21:04",
      "object_repr": "ContentSpace object",
      "object_id": "321",
      "change_message": "",
      "user": 6,
      "content_type": 71
    }
  },
  {
    "pk": 413,
    "model": "admin.logentry",
    "fields": {
      "action_flag": 3,
      "action_time": "2011-12-23 14:21:04",
      "object_repr": "ContentSpace object",
      "object_id": "326",
      "change_message": "",
      "user": 6,
      "content_type": 71
    }
  },
  {
    "pk": 412,
    "model": "admin.logentry",
    "fields": {
      "action_flag": 3,
      "action_time": "2011-12-23 14:21:04",
      "object_repr": "ContentSpace object",
      "object_id": "343",
      "change_message": "",
      "user": 6,
      "content_type": 71
    }
  },
  {
    "pk": 411,
    "model": "admin.logentry",
    "fields": {
      "action_flag": 3,
      "action_time": "2011-12-23 14:21:04",
      "object_repr": "ContentSpace object",
      "object_id": "354",
      "change_message": "",
      "user": 6,
      "content_type": 71
    }
  },
  {
    "pk": 410,
    "model": "admin.logentry",
    "fields": {
      "action_flag": 3,
      "action_time": "2011-12-23 14:21:04",
      "object_repr": "ContentSpace object",
      "object_id": "371",
      "change_message": "",
      "user": 6,
      "content_type": 71
    }
  },
  {
    "pk": 409,
    "model": "admin.logentry",
    "fields": {
      "action_flag": 3,
      "action_time": "2011-12-23 14:21:04",
      "object_repr": "ContentSpace object",
      "object_id": "375",
      "change_message": "",
      "user": 6,
      "content_type": 71
    }
  },
  {
    "pk": 407,
    "model": "admin.logentry",
    "fields": {
      "action_flag": 2,
      "action_time": "2011-12-23 14:20:49",
      "object_repr": "ContentSpace object",
      "object_id": "375",
      "change_message": "Zmieniono space",
      "user": 6,
      "content_type": 71
    }
  },
  {
    "pk": 405,
    "model": "admin.logentry",
    "fields": {
      "action_flag": 1,
      "action_time": "2011-12-23 14:19:48",
      "object_repr": "CorporateSpaceTop:kgebert",
      "object_id": "404",
      "change_message": "",
      "user": 6,
      "content_type": 93
    }
  },
  {
    "pk": 402,
    "model": "admin.logentry",
    "fields": {
      "action_flag": 1,
      "action_time": "2011-12-23 14:19:33",
      "object_repr": "PrivateSpaceTop:kgebert",
      "object_id": "401",
      "change_message": "",
      "user": 6,
      "content_type": 93
    }
  },
  {
    "pk": 399,
    "model": "admin.logentry",
    "fields": {
      "action_flag": 1,
      "action_time": "2011-12-23 14:19:07",
      "object_repr": "CorporateSpaceTop",
      "object_id": "398",
      "change_message": "",
      "user": 6,
      "content_type": 92
    }
  },
  {
    "pk": 396,
    "model": "admin.logentry",
    "fields": {
      "action_flag": 1,
      "action_time": "2011-12-23 14:18:35",
      "object_repr": "PrivateSpaceTop",
      "object_id": "395",
      "change_message": "",
      "user": 6,
      "content_type": 92
    }
  },
  {
    "pk": 393,
    "model": "admin.logentry",
    "fields": {
      "action_flag": 3,
      "action_time": "2011-12-23 14:17:16",
      "object_repr": "Biologia",
      "object_id": "273",
      "change_message": "",
      "user": 6,
      "content_type": 92
    }
  },
  {
    "pk": 392,
    "model": "admin.logentry",
    "fields": {
      "action_flag": 3,
      "action_time": "2011-12-23 14:17:16",
      "object_repr": "Neurologia",
      "object_id": "276",
      "change_message": "",
      "user": 6,
      "content_type": 92
    }
  },
  {
    "pk": 391,
    "model": "admin.logentry",
    "fields": {
      "action_flag": 3,
      "action_time": "2011-12-23 14:17:16",
      "object_repr": "Solwit",
      "object_id": "333",
      "change_message": "",
      "user": 6,
      "content_type": 92
    }
  },
  {
    "pk": 390,
    "model": "admin.logentry",
    "fields": {
      "action_flag": 3,
      "action_time": "2011-12-23 14:17:16",
      "object_repr": "Nie mam dost\u0119pu write",
      "object_id": "344",
      "change_message": "",
      "user": 6,
      "content_type": 92
    }
  },
  {
    "pk": 388,
    "model": "admin.logentry",
    "fields": {
      "action_flag": 2,
      "action_time": "2011-12-23 14:15:59",
      "object_repr": "Nie mam dost\u0119pu write",
      "object_id": "344",
      "change_message": "Zmieniono parent i top_level",
      "user": 6,
      "content_type": 92
    }
  },
  {
    "pk": 387,
    "model": "admin.logentry",
    "fields": {
      "action_flag": 3,
      "action_time": "2011-12-23 14:15:42",
      "object_repr": "Nie mam dost\u0119pu write",
      "object_id": "344",
      "change_message": "",
      "user": 6,
      "content_type": 92
    }
  },
  {
    "pk": 385,
    "model": "admin.logentry",
    "fields": {
      "action_flag": 3,
      "action_time": "2011-12-23 14:15:34",
      "object_repr": "publicSpace2",
      "object_id": "280",
      "change_message": "",
      "user": 6,
      "content_type": 92
    }
  },
  {
    "pk": 384,
    "model": "admin.logentry",
    "fields": {
      "action_flag": 3,
      "action_time": "2011-12-23 14:15:34",
      "object_repr": "publicSpace2_sub",
      "object_id": "282",
      "change_message": "",
      "user": 6,
      "content_type": 92
    }
  },
  {
    "pk": 383,
    "model": "admin.logentry",
    "fields": {
      "action_flag": 3,
      "action_time": "2011-12-23 14:15:34",
      "object_repr": "publicSpace2_sub2",
      "object_id": "287",
      "change_message": "",
      "user": 6,
      "content_type": 92
    }
  },
  {
    "pk": 382,
    "model": "admin.logentry",
    "fields": {
      "action_flag": 3,
      "action_time": "2011-12-23 14:15:34",
      "object_repr": "Neurologia klasa I",
      "object_id": "290",
      "change_message": "",
      "user": 6,
      "content_type": 92
    }
  },
  {
    "pk": 381,
    "model": "admin.logentry",
    "fields": {
      "action_flag": 3,
      "action_time": "2011-12-23 14:15:34",
      "object_repr": "Neurologia klasa II.",
      "object_id": "294",
      "change_message": "",
      "user": 6,
      "content_type": 92
    }
  },
  {
    "pk": 380,
    "model": "admin.logentry",
    "fields": {
      "action_flag": 3,
      "action_time": "2011-12-23 14:15:34",
      "object_repr": "Neurologia klasa III.",
      "object_id": "296",
      "change_message": "",
      "user": 6,
      "content_type": 92
    }
  },
  {
    "pk": 378,
    "model": "admin.logentry",
    "fields": {
      "action_flag": 3,
      "action_time": "2011-12-23 14:14:51",
      "object_repr": "Space1aa",
      "object_id": "232",
      "change_message": "",
      "user": 6,
      "content_type": 92
    }
  },
  {
    "pk": 376,
    "model": "admin.logentry",
    "fields": {
      "action_flag": 3,
      "action_time": "2011-12-23 14:14:33",
      "object_repr": "Space1",
      "object_id": "226",
      "change_message": "",
      "user": 6,
      "content_type": 92
    }
  },
  {
    "pk": 363,
    "model": "admin.logentry",
    "fields": {
      "action_flag": 3,
      "action_time": "2011-12-23 10:39:13",
      "object_repr": "127.0.0.1",
      "object_id": "15",
      "change_message": "",
      "user": 6,
      "content_type": 73
    }
  },
  {
    "pk": 362,
    "model": "admin.logentry",
    "fields": {
      "action_flag": 3,
      "action_time": "2011-12-23 10:39:13",
      "object_repr": "127.0.0.1",
      "object_id": "355",
      "change_message": "",
      "user": 6,
      "content_type": 73
    }
  },
  {
    "pk": 361,
    "model": "admin.logentry",
    "fields": {
      "action_flag": 3,
      "action_time": "2011-12-23 10:39:13",
      "object_repr": "127.0.0.1",
      "object_id": "356",
      "change_message": "",
      "user": 6,
      "content_type": 73
    }
  },
  {
    "pk": 360,
    "model": "admin.logentry",
    "fields": {
      "action_flag": 3,
      "action_time": "2011-12-23 10:39:13",
      "object_repr": "127.0.0.1",
      "object_id": "357",
      "change_message": "",
      "user": 6,
      "content_type": 73
    }
  },
  {
    "pk": 359,
    "model": "admin.logentry",
    "fields": {
      "action_flag": 3,
      "action_time": "2011-12-23 10:39:13",
      "object_repr": "127.0.0.1",
      "object_id": "358",
      "change_message": "",
      "user": 6,
      "content_type": 73
    }
  },
  {
    "pk": 350,
    "model": "admin.logentry",
    "fields": {
      "action_flag": 2,
      "action_time": "2011-12-22 13:44:28",
      "object_repr": "Nie mam dost\u0119pu write",
      "object_id": "344",
      "change_message": "Zmieniono parent i top_level",
      "user": 6,
      "content_type": 92
    }
  },
  {
    "pk": 348,
    "model": "admin.logentry",
    "fields": {
      "action_flag": 1,
      "action_time": "2011-12-22 13:42:31",
      "object_repr": "Nie mam dost\u0119pu write:kgebert",
      "object_id": "347",
      "change_message": "",
      "user": 6,
      "content_type": 93
    }
  },
  {
    "pk": 345,
    "model": "admin.logentry",
    "fields": {
      "action_flag": 1,
      "action_time": "2011-12-22 13:42:06",
      "object_repr": "Nie mam dost\u0119pu write",
      "object_id": "344",
      "change_message": "",
      "user": 6,
      "content_type": 92
    }
  },
  {
    "pk": 337,
    "model": "admin.logentry",
    "fields": {
      "action_flag": 1,
      "action_time": "2011-12-22 12:52:54",
      "object_repr": "Solwit:kgebert",
      "object_id": "336",
      "change_message": "",
      "user": 6,
      "content_type": 93
    }
  },
  {
    "pk": 334,
    "model": "admin.logentry",
    "fields": {
      "action_flag": 1,
      "action_time": "2011-12-22 12:52:34",
      "object_repr": "Solwit",
      "object_id": "333",
      "change_message": "",
      "user": 6,
      "content_type": 92
    }
  },
  {
    "pk": 300,
    "model": "admin.logentry",
    "fields": {
      "action_flag": 3,
      "action_time": "2011-12-21 16:34:15",
      "object_repr": "Neurologia:kgebert",
      "object_id": "298",
      "change_message": "",
      "user": 6,
      "content_type": 93
    }
  },
  {
    "pk": 299,
    "model": "admin.logentry",
    "fields": {
      "action_flag": 3,
      "action_time": "2011-12-21 16:34:15",
      "object_repr": "Neurologia:kgebert",
      "object_id": "297",
      "change_message": "",
      "user": 6,
      "content_type": 93
    }
  },
  {
    "pk": 272,
    "model": "admin.logentry",
    "fields": {
      "action_flag": 3,
      "action_time": "2011-12-19 14:14:07",
      "object_repr": "publicSpace1",
      "object_id": "260",
      "change_message": "",
      "user": 6,
      "content_type": 92
    }
  },
  {
    "pk": 271,
    "model": "admin.logentry",
    "fields": {
      "action_flag": 3,
      "action_time": "2011-12-19 14:14:07",
      "object_repr": "publicSpace2",
      "object_id": "263",
      "change_message": "",
      "user": 6,
      "content_type": 92
    }
  },
  {
    "pk": 269,
    "model": "admin.logentry",
    "fields": {
      "action_flag": 3,
      "action_time": "2011-12-19 14:13:56",
      "object_repr": "publicSpace1_sub1",
      "object_id": "268",
      "change_message": "",
      "user": 6,
      "content_type": 92
    }
  },
  {
    "pk": 267,
    "model": "admin.logentry",
    "fields": {
      "action_flag": 3,
      "action_time": "2011-12-19 13:00:18",
      "object_repr": "publicSpace3",
      "object_id": "265",
      "change_message": "",
      "user": 6,
      "content_type": 92
    }
  },
  {
    "pk": 261,
    "model": "admin.logentry",
    "fields": {
      "action_flag": 1,
      "action_time": "2011-12-19 12:13:33",
      "object_repr": "publicSpace1",
      "object_id": "260",
      "change_message": "",
      "user": 6,
      "content_type": 92
    }
  },
  {
    "pk": 259,
    "model": "admin.logentry",
    "fields": {
      "action_flag": 2,
      "action_time": "2011-12-19 11:42:43",
      "object_repr": "Space1:kgebert",
      "object_id": "235",
      "change_message": "Zmieniono access_right",
      "user": 6,
      "content_type": 93
    }
  },
  {
    "pk": 257,
    "model": "admin.logentry",
    "fields": {
      "action_flag": 2,
      "action_time": "2011-12-19 11:27:18",
      "object_repr": "Space1:kgebert",
      "object_id": "235",
      "change_message": "Zmieniono access_right",
      "user": 6,
      "content_type": 93
    }
  },
  {
    "pk": 256,
    "model": "admin.logentry",
    "fields": {
      "action_flag": 3,
      "action_time": "2011-12-16 14:36:25",
      "object_repr": "Subspace1",
      "object_id": "254",
      "change_message": "",
      "user": 6,
      "content_type": 92
    }
  },
  {
    "pk": 253,
    "model": "admin.logentry",
    "fields": {
      "action_flag": 3,
      "action_time": "2011-12-16 13:18:49",
      "object_repr": "Space11",
      "object_id": "251",
      "change_message": "",
      "user": 6,
      "content_type": 92
    }
  },
  {
    "pk": 250,
    "model": "admin.logentry",
    "fields": {
      "action_flag": 1,
      "action_time": "2011-12-15 15:16:46",
      "object_repr": "ContentSpace object",
      "object_id": "249",
      "change_message": "",
      "user": 6,
      "content_type": 71
    }
  },
  {
    "pk": 247,
    "model": "admin.logentry",
    "fields": {
      "action_flag": 1,
      "action_time": "2011-12-15 15:16:40",
      "object_repr": "ContentSpace object",
      "object_id": "246",
      "change_message": "",
      "user": 6,
      "content_type": 71
    }
  },
  {
    "pk": 244,
    "model": "admin.logentry",
    "fields": {
      "action_flag": 1,
      "action_time": "2011-12-15 15:16:34",
      "object_repr": "ContentSpace object",
      "object_id": "243",
      "change_message": "",
      "user": 6,
      "content_type": 71
    }
  },
  {
    "pk": 241,
    "model": "admin.logentry",
    "fields": {
      "action_flag": 1,
      "action_time": "2011-12-15 15:16:24",
      "object_repr": "ContentSpace object",
      "object_id": "240",
      "change_message": "",
      "user": 6,
      "content_type": 71
    }
  },
  {
    "pk": 239,
    "model": "admin.logentry",
    "fields": {
      "action_flag": 1,
      "action_time": "2011-12-15 14:56:43",
      "object_repr": "Space1a:mmrozews",
      "object_id": "238",
      "change_message": "",
      "user": 6,
      "content_type": 93
    }
  },
  {
    "pk": 236,
    "model": "admin.logentry",
    "fields": {
      "action_flag": 1,
      "action_time": "2011-12-15 14:56:22",
      "object_repr": "Space1:kgebert",
      "object_id": "235",
      "change_message": "",
      "user": 6,
      "content_type": 93
    }
  },
  {
    "pk": 233,
    "model": "admin.logentry",
    "fields": {
      "action_flag": 1,
      "action_time": "2011-12-15 14:55:34",
      "object_repr": "Space1aa",
      "object_id": "232",
      "change_message": "",
      "user": 6,
      "content_type": 92
    }
  },
  {
    "pk": 230,
    "model": "admin.logentry",
    "fields": {
      "action_flag": 1,
      "action_time": "2011-12-15 14:55:03",
      "object_repr": "Space1a",
      "object_id": "229",
      "change_message": "",
      "user": 6,
      "content_type": 92
    }
  },
  {
    "pk": 227,
    "model": "admin.logentry",
    "fields": {
      "action_flag": 1,
      "action_time": "2011-12-15 14:53:45",
      "object_repr": "Space1",
      "object_id": "226",
      "change_message": "",
      "user": 6,
      "content_type": 92
    }
  },
  {
    "pk": 225,
    "model": "admin.logentry",
    "fields": {
      "action_flag": 2,
      "action_time": "2011-12-15 12:58:22",
      "object_repr": "Space1",
      "object_id": "163",
      "change_message": "Zmieniono right",
      "user": 6,
      "content_type": 92
    }
  },
  {
    "pk": 223,
    "model": "admin.logentry",
    "fields": {
      "action_flag": 2,
      "action_time": "2011-12-15 12:58:10",
      "object_repr": "Space1a",
      "object_id": "166",
      "change_message": "Zmieniono right",
      "user": 6,
      "content_type": 92
    }
  },
  {
    "pk": 221,
    "model": "admin.logentry",
    "fields": {
      "action_flag": 2,
      "action_time": "2011-12-15 12:57:55",
      "object_repr": "Space1aa",
      "object_id": "211",
      "change_message": "Zmieniono left i right",
      "user": 6,
      "content_type": 92
    }
  },
  {
    "pk": 219,
    "model": "admin.logentry",
    "fields": {
      "action_flag": 1,
      "action_time": "2011-12-15 12:55:24",
      "object_repr": "ContentSpace object",
      "object_id": "218",
      "change_message": "",
      "user": 6,
      "content_type": 71
    }
  },
  {
    "pk": 212,
    "model": "admin.logentry",
    "fields": {
      "action_flag": 1,
      "action_time": "2011-12-15 12:54:10",
      "object_repr": "Space1aa",
      "object_id": "211",
      "change_message": "",
      "user": 6,
      "content_type": 92
    }
  },
  {
    "pk": 209,
    "model": "admin.logentry",
    "fields": {
      "action_flag": 2,
      "action_time": "2011-12-15 12:53:10",
      "object_repr": "Space1",
      "object_id": "163",
      "change_message": "Zmieniono right i top_level",
      "user": 6,
      "content_type": 92
    }
  },
  {
    "pk": 207,
    "model": "admin.logentry",
    "fields": {
      "action_flag": 2,
      "action_time": "2011-12-15 12:52:31",
      "object_repr": "Space1a",
      "object_id": "166",
      "change_message": "Zmieniono right i top_level",
      "user": 6,
      "content_type": 92
    }
  },
  {
    "pk": 206,
    "model": "admin.logentry",
    "fields": {
      "action_flag": 2,
      "action_time": "2011-12-15 10:58:51",
      "object_repr": "Space1a:mmrozews",
      "object_id": "195",
      "change_message": "Zmieniono user",
      "user": 6,
      "content_type": 93
    }
  },
  {
    "pk": 204,
    "model": "admin.logentry",
    "fields": {
      "action_flag": 1,
      "action_time": "2011-12-15 10:56:42",
      "object_repr": "ContentSpace object",
      "object_id": "203",
      "change_message": "",
      "user": 6,
      "content_type": 71
    }
  },
  {
    "pk": 198,
    "model": "admin.logentry",
    "fields": {
      "action_flag": 2,
      "action_time": "2011-12-14 16:04:48",
      "object_repr": "Space1a:kgebert",
      "object_id": "195",
      "change_message": "Zmieniono space",
      "user": 6,
      "content_type": 93
    }
  },
  {
    "pk": 196,
    "model": "admin.logentry",
    "fields": {
      "action_flag": 1,
      "action_time": "2011-12-14 15:56:44",
      "object_repr": "Space1:kgebert",
      "object_id": "195",
      "change_message": "",
      "user": 6,
      "content_type": 93
    }
  },
  {
    "pk": 193,
    "model": "admin.logentry",
    "fields": {
      "action_flag": 3,
      "action_time": "2011-12-14 15:56:01",
      "object_repr": "Space1:kgebert",
      "object_id": "190",
      "change_message": "",
      "user": 6,
      "content_type": 93
    }
  },
  {
    "pk": 191,
    "model": "admin.logentry",
    "fields": {
      "action_flag": 1,
      "action_time": "2011-12-14 15:55:06",
      "object_repr": "Space1:kgebert",
      "object_id": "190",
      "change_message": "",
      "user": 6,
      "content_type": 93
    }
  },
  {
    "pk": 188,
    "model": "admin.logentry",
    "fields": {
      "action_flag": 2,
      "action_time": "2011-12-14 13:59:32",
      "object_repr": "Space1:kgebert",
      "object_id": "169",
      "change_message": "Zmieniono access_right",
      "user": 6,
      "content_type": 93
    }
  },
  {
    "pk": 186,
    "model": "admin.logentry",
    "fields": {
      "action_flag": 2,
      "action_time": "2011-12-14 13:42:03",
      "object_repr": "Space1:kgebert",
      "object_id": "169",
      "change_message": "Zmieniono access_right",
      "user": 6,
      "content_type": 93
    }
  },
  {
    "pk": 184,
    "model": "admin.logentry",
    "fields": {
      "action_flag": 1,
      "action_time": "2011-12-14 13:18:40",
      "object_repr": "ContentSpace object",
      "object_id": "183",
      "change_message": "",
      "user": 6,
      "content_type": 71
    }
  },
  {
    "pk": 181,
    "model": "admin.logentry",
    "fields": {
      "action_flag": 1,
      "action_time": "2011-12-14 13:18:25",
      "object_repr": "ContentSpace object",
      "object_id": "180",
      "change_message": "",
      "user": 6,
      "content_type": 71
    }
  },
  {
    "pk": 170,
    "model": "admin.logentry",
    "fields": {
      "action_flag": 1,
      "action_time": "2011-12-14 13:05:54",
      "object_repr": "Space1:kgebert",
      "object_id": "169",
      "change_message": "",
      "user": 6,
      "content_type": 93
    }
  },
  {
    "pk": 167,
    "model": "admin.logentry",
    "fields": {
      "action_flag": 1,
      "action_time": "2011-12-14 13:05:31",
      "object_repr": "Space1a",
      "object_id": "166",
      "change_message": "",
      "user": 6,
      "content_type": 92
    }
  },
  {
    "pk": 164,
    "model": "admin.logentry",
    "fields": {
      "action_flag": 1,
      "action_time": "2011-12-14 13:05:16",
      "object_repr": "Space1",
      "object_id": "163",
      "change_message": "",
      "user": 6,
      "content_type": 92
    }
  },
  {
    "pk": 161,
    "model": "admin.logentry",
    "fields": {
      "action_flag": 3,
      "action_time": "2011-12-14 13:04:40",
      "object_repr": "Karol",
      "object_id": "116",
      "change_message": "",
      "user": 6,
      "content_type": 92
    }
  },
  {
    "pk": 160,
    "model": "admin.logentry",
    "fields": {
      "action_flag": 3,
      "action_time": "2011-12-14 13:04:40",
      "object_repr": "Karol2",
      "object_id": "119",
      "change_message": "",
      "user": 6,
      "content_type": 92
    }
  },
  {
    "pk": 159,
    "model": "admin.logentry",
    "fields": {
      "action_flag": 3,
      "action_time": "2011-12-14 13:04:40",
      "object_repr": "KarolA",
      "object_id": "122",
      "change_message": "",
      "user": 6,
      "content_type": 92
    }
  },
  {
    "pk": 157,
    "model": "admin.logentry",
    "fields": {
      "action_flag": 3,
      "action_time": "2011-12-14 13:03:43",
      "object_repr": "Karol:kgebert",
      "object_id": "129",
      "change_message": "",
      "user": 6,
      "content_type": 93
    }
  },
  {
    "pk": 156,
    "model": "admin.logentry",
    "fields": {
      "action_flag": 3,
      "action_time": "2011-12-14 13:03:43",
      "object_repr": "Karol:kgebert",
      "object_id": "140",
      "change_message": "",
      "user": 6,
      "content_type": 93
    }
  },
  {
    "pk": 154,
    "model": "admin.logentry",
    "fields": {
      "action_flag": 3,
      "action_time": "2011-12-14 13:03:26",
      "object_repr": "Test",
      "object_id": "4",
      "change_message": "",
      "user": 6,
      "content_type": 68
    }
  },
  {
    "pk": 153,
    "model": "admin.logentry",
    "fields": {
      "action_flag": 3,
      "action_time": "2011-12-14 13:03:26",
      "object_repr": "Copy of Test",
      "object_id": "9",
      "change_message": "",
      "user": 6,
      "content_type": 68
    }
  },
  {
    "pk": 152,
    "model": "admin.logentry",
    "fields": {
      "action_flag": 3,
      "action_time": "2011-12-14 13:03:26",
      "object_repr": "Karol",
      "object_id": "13",
      "change_message": "",
      "user": 6,
      "content_type": 68
    }
  },
  {
    "pk": 150,
    "model": "admin.logentry",
    "fields": {
      "action_flag": 3,
      "action_time": "2011-12-14 13:03:12",
      "object_repr": "ContentSpace object",
      "object_id": "132",
      "change_message": "",
      "user": 6,
      "content_type": 71
    }
  },
  {
    "pk": 149,
    "model": "admin.logentry",
    "fields": {
      "action_flag": 3,
      "action_time": "2011-12-14 13:03:12",
      "object_repr": "ContentSpace object",
      "object_id": "135",
      "change_message": "",
      "user": 6,
      "content_type": 71
    }
  },
  {
    "pk": 148,
    "model": "admin.logentry",
    "fields": {
      "action_flag": 3,
      "action_time": "2011-12-14 13:03:12",
      "object_repr": "ContentSpace object",
      "object_id": "143",
      "change_message": "",
      "user": 6,
      "content_type": 71
    }
  },
  {
    "pk": 146,
    "model": "admin.logentry",
    "fields": {
      "action_flag": 2,
      "action_time": "2011-12-14 13:00:42",
      "object_repr": "ContentSpace object",
      "object_id": "132",
      "change_message": "Zmieniono content",
      "user": 6,
      "content_type": 71
    }
  },
  {
    "pk": 144,
    "model": "admin.logentry",
    "fields": {
      "action_flag": 1,
      "action_time": "2011-12-14 13:00:27",
      "object_repr": "ContentSpace object",
      "object_id": "143",
      "change_message": "",
      "user": 6,
      "content_type": 71
    }
  },
  {
    "pk": 141,
    "model": "admin.logentry",
    "fields": {
      "action_flag": 1,
      "action_time": "2011-12-14 11:38:25",
      "object_repr": "Karol:kgebert",
      "object_id": "140",
      "change_message": "",
      "user": 6,
      "content_type": 93
    }
  },
  {
    "pk": 138,
    "model": "admin.logentry",
    "fields": {
      "action_flag": 3,
      "action_time": "2011-12-14 11:20:52",
      "object_repr": "Karol",
      "object_id": "114",
      "change_message": "",
      "user": 6,
      "content_type": 68
    }
  },
  {
    "pk": 136,
    "model": "admin.logentry",
    "fields": {
      "action_flag": 1,
      "action_time": "2011-12-14 10:49:58",
      "object_repr": "ContentSpace object",
      "object_id": "135",
      "change_message": "",
      "user": 6,
      "content_type": 71
    }
  },
  {
    "pk": 133,
    "model": "admin.logentry",
    "fields": {
      "action_flag": 1,
      "action_time": "2011-12-14 10:37:56",
      "object_repr": "ContentSpace object",
      "object_id": "132",
      "change_message": "",
      "user": 6,
      "content_type": 71
    }
  },
  {
    "pk": 130,
    "model": "admin.logentry",
    "fields": {
      "action_flag": 1,
      "action_time": "2011-12-14 10:29:48",
      "object_repr": "Karol:kgebert",
      "object_id": "129",
      "change_message": "",
      "user": 6,
      "content_type": 93
    }
  },
  {
    "pk": 127,
    "model": "admin.logentry",
    "fields": {
      "action_flag": 2,
      "action_time": "2011-12-14 10:29:19",
      "object_repr": "Karol2",
      "object_id": "119",
      "change_message": "Zmieniono left i right",
      "user": 6,
      "content_type": 92
    }
  },
  {
    "pk": 125,
    "model": "admin.logentry",
    "fields": {
      "action_flag": 2,
      "action_time": "2011-12-14 10:28:59",
      "object_repr": "Karol",
      "object_id": "116",
      "change_message": "Zmieniono right",
      "user": 6,
      "content_type": 92
    }
  },
  {
    "pk": 123,
    "model": "admin.logentry",
    "fields": {
      "action_flag": 1,
      "action_time": "2011-12-14 10:28:43",
      "object_repr": "KarolA",
      "object_id": "122",
      "change_message": "",
      "user": 6,
      "content_type": 92
    }
  },
  {
    "pk": 120,
    "model": "admin.logentry",
    "fields": {
      "action_flag": 1,
      "action_time": "2011-12-14 10:28:19",
      "object_repr": "Karol2",
      "object_id": "119",
      "change_message": "",
      "user": 6,
      "content_type": 92
    }
  },
  {
    "pk": 117,
    "model": "admin.logentry",
    "fields": {
      "action_flag": 1,
      "action_time": "2011-12-14 10:27:47",
      "object_repr": "Karol",
      "object_id": "116",
      "change_message": "",
      "user": 6,
      "content_type": 92
    }
  }
]