<!DOCTYPE ui:UiBinder SYSTEM "http://dl.google.com/gwt/DTD/xhtml.ent">
<ui:UiBinder xmlns:ui="urn:ui:com.google.gwt.uibinder"
	xmlns:g="urn:import:com.google.gwt.user.client.ui"
	xmlns:semi-responsive="urn:import:com.lorepo.iceditor.client.semi.responsive.ui.widgets"
	xmlns:iceditor-widgets="urn:import:com.lorepo.iceditor.client.ui.widgets">

	<ui:style>
	</ui:style>

	<g:HTMLPanel ui:field="panel" styleName="mainPage left">
		<div class="mainPageHeader">
			<h3 ui:field="title"></h3>
			<a class="mainPageCloseBtn closeWidgetLocker"></a>
		</div>
		
		<div class="edit-semi-responsive-layouts-panel">
			<div class="semi-responsive-layout-panel-header">
				<h5 ui:field="semiResponsiveLayoutsHeader"></h5>
			</div>
			<div class="edit-semi-responsive-content-container">
				<semi-responsive:SemiResponsiveLayoutsEditingFormWidget 
				ui:field="semiResponsiveLayoutsEditingForm"></semi-responsive:SemiResponsiveLayoutsEditingFormWidget>
			</div>
		</div>
	</g:HTMLPanel>
</ui:UiBinder> 