[
  {
    "pk": 159,
    "model": "contenttypes.contenttype",
    "fields": {
      "model": "content",
      "name": "content",
      "app_label": "mycontent"
    }
  },
  {
    "pk": 466,
    "model": "contenttypes.contenttype",
    "fields": {
      "model": "contentlike",
      "name": "content like",
      "app_label": "mycontent"
    }
  },
  {
    "pk": 448,
    "model": "contenttypes.contenttype",
    "fields": {
      "model": "contentresult",
      "name": "content result",
      "app_label": "mycontent"
    }
  },
  {
    "pk": 446,
    "model": "contenttypes.contenttype",
    "fields": {
      "model": "contentresults",
      "name": "content results",
      "app_label": "mycontent"
    }
  },
  {
    "pk": 210,
    "model": "contenttypes.contenttype",
    "fields": {
      "model": "contenttype",
      "name": "content type",
      "app_label": "contenttypes"
    }
  },
  {
    "pk": 10,
    "model": "contenttypes.contenttype",
    "fields": {
      "model": "filestorage",
      "name": "file storage",
      "app_label": "filestorage"
    }
  },
  {
    "pk": 215,
    "model": "contenttypes.contenttype",
    "fields": {
      "model": "group",
      "name": "group",
      "app_label": "auth"
    }
  },
  {
    "pk": 206,
    "model": "contenttypes.contenttype",
    "fields": {
      "model": "logentry",
      "name": "log entry",
      "app_label": "admin"
    }
  },
  {
    "pk": 216,
    "model": "contenttypes.contenttype",
    "fields": {
      "model": "message",
      "name": "message",
      "app_label": "auth"
    }
  },
  {
    "pk": 214,
    "model": "contenttypes.contenttype",
    "fields": {
      "model": "permission",
      "name": "permission",
      "app_label": "auth"
    }
  },
  {
    "pk": 238,
    "model": "contenttypes.contenttype",
    "fields": {
      "model": "post",
      "name": "post",
      "app_label": "forum"
    }
  },
  {
    "pk": 233,
    "model": "contenttypes.contenttype",
    "fields": {
      "model": "registrationprofile",
      "name": "registration profile",
      "app_label": "registration"
    }
  },
  {
    "pk": 229,
    "model": "contenttypes.contenttype",
    "fields": {
      "model": "session",
      "name": "session",
      "app_label": "sessions"
    }
  },
  {
    "pk": 256,
    "model": "contenttypes.contenttype",
    "fields": {
      "model": "site",
      "name": "site",
      "app_label": "sites"
    }
  },
  {
    "pk": 237,
    "model": "contenttypes.contenttype",
    "fields": {
      "model": "topic",
      "name": "topic",
      "app_label": "forum"
    }
  },
  {
    "pk": 87,
    "model": "contenttypes.contenttype",
    "fields": {
      "model": "uploadedfile",
      "name": "uploaded file",
      "app_label": "filestorage"
    }
  },
  {
    "pk": 11,
    "model": "contenttypes.contenttype",
    "fields": {
      "model": "user",
      "name": "user",
      "app_label": "auth"
    }
  },
  {
    "pk": 270,
    "model": "contenttypes.contenttype",
    "fields": {
      "model": "userfeedback",
      "name": "user feedback",
      "app_label": "editor"
    }
  },
  {
    "pk": 428,
    "model": "contenttypes.contenttype",
    "fields": {
      "model": "wikipage",
      "name": "wiki page",
      "app_label": "wiki"
    }
  },
  {
    "pk": 245,
    "model": "auth.permission",
    "fields": {
      "codename": "add_content",
      "name": "Can add content",
      "content_type": 159
    }
  },
  {
    "pk": 211,
    "model": "auth.permission",
    "fields": {
      "codename": "add_contenttype",
      "name": "Can add content type",
      "content_type": 210
    }
  },
  {
    "pk": 248,
    "model": "auth.permission",
    "fields": {
      "codename": "add_filestorage",
      "name": "Can add file storage",
      "content_type": 10
    }
  },
  {
    "pk": 220,
    "model": "auth.permission",
    "fields": {
      "codename": "add_group",
      "name": "Can add group",
      "content_type": 215
    }
  },
  {
    "pk": 207,
    "model": "auth.permission",
    "fields": {
      "codename": "add_logentry",
      "name": "Can add log entry",
      "content_type": 206
    }
  },
  {
    "pk": 226,
    "model": "auth.permission",
    "fields": {
      "codename": "add_message",
      "name": "Can add message",
      "content_type": 216
    }
  },
  {
    "pk": 217,
    "model": "auth.permission",
    "fields": {
      "codename": "add_permission",
      "name": "Can add permission",
      "content_type": 214
    }
  },
  {
    "pk": 242,
    "model": "auth.permission",
    "fields": {
      "codename": "add_post",
      "name": "Can add post",
      "content_type": 238
    }
  },
  {
    "pk": 234,
    "model": "auth.permission",
    "fields": {
      "codename": "add_registrationprofile",
      "name": "Can add registration profile",
      "content_type": 233
    }
  },
  {
    "pk": 230,
    "model": "auth.permission",
    "fields": {
      "codename": "add_session",
      "name": "Can add session",
      "content_type": 229
    }
  },
  {
    "pk": 257,
    "model": "auth.permission",
    "fields": {
      "codename": "add_site",
      "name": "Can add site",
      "content_type": 256
    }
  },
  {
    "pk": 239,
    "model": "auth.permission",
    "fields": {
      "codename": "add_topic",
      "name": "Can add topic",
      "content_type": 237
    }
  },
  {
    "pk": 251,
    "model": "auth.permission",
    "fields": {
      "codename": "add_uploadedfile",
      "name": "Can add uploaded file",
      "content_type": 87
    }
  },
  {
    "pk": 223,
    "model": "auth.permission",
    "fields": {
      "codename": "add_user",
      "name": "Can add user",
      "content_type": 11
    }
  },
  {
    "pk": 246,
    "model": "auth.permission",
    "fields": {
      "codename": "change_content",
      "name": "Can change content",
      "content_type": 159
    }
  },
  {
    "pk": 212,
    "model": "auth.permission",
    "fields": {
      "codename": "change_contenttype",
      "name": "Can change content type",
      "content_type": 210
    }
  },
  {
    "pk": 249,
    "model": "auth.permission",
    "fields": {
      "codename": "change_filestorage",
      "name": "Can change file storage",
      "content_type": 10
    }
  },
  {
    "pk": 221,
    "model": "auth.permission",
    "fields": {
      "codename": "change_group",
      "name": "Can change group",
      "content_type": 215
    }
  },
  {
    "pk": 208,
    "model": "auth.permission",
    "fields": {
      "codename": "change_logentry",
      "name": "Can change log entry",
      "content_type": 206
    }
  },
  {
    "pk": 227,
    "model": "auth.permission",
    "fields": {
      "codename": "change_message",
      "name": "Can change message",
      "content_type": 216
    }
  },
  {
    "pk": 218,
    "model": "auth.permission",
    "fields": {
      "codename": "change_permission",
      "name": "Can change permission",
      "content_type": 214
    }
  },
  {
    "pk": 243,
    "model": "auth.permission",
    "fields": {
      "codename": "change_post",
      "name": "Can change post",
      "content_type": 238
    }
  },
  {
    "pk": 235,
    "model": "auth.permission",
    "fields": {
      "codename": "change_registrationprofile",
      "name": "Can change registration profile",
      "content_type": 233
    }
  },
  {
    "pk": 231,
    "model": "auth.permission",
    "fields": {
      "codename": "change_session",
      "name": "Can change session",
      "content_type": 229
    }
  },
  {
    "pk": 258,
    "model": "auth.permission",
    "fields": {
      "codename": "change_site",
      "name": "Can change site",
      "content_type": 256
    }
  },
  {
    "pk": 240,
    "model": "auth.permission",
    "fields": {
      "codename": "change_topic",
      "name": "Can change topic",
      "content_type": 237
    }
  },
  {
    "pk": 252,
    "model": "auth.permission",
    "fields": {
      "codename": "change_uploadedfile",
      "name": "Can change uploaded file",
      "content_type": 87
    }
  },
  {
    "pk": 224,
    "model": "auth.permission",
    "fields": {
      "codename": "change_user",
      "name": "Can change user",
      "content_type": 11
    }
  },
  {
    "pk": 247,
    "model": "auth.permission",
    "fields": {
      "codename": "delete_content",
      "name": "Can delete content",
      "content_type": 159
    }
  },
  {
    "pk": 213,
    "model": "auth.permission",
    "fields": {
      "codename": "delete_contenttype",
      "name": "Can delete content type",
      "content_type": 210
    }
  },
  {
    "pk": 250,
    "model": "auth.permission",
    "fields": {
      "codename": "delete_filestorage",
      "name": "Can delete file storage",
      "content_type": 10
    }
  },
  {
    "pk": 222,
    "model": "auth.permission",
    "fields": {
      "codename": "delete_group",
      "name": "Can delete group",
      "content_type": 215
    }
  },
  {
    "pk": 209,
    "model": "auth.permission",
    "fields": {
      "codename": "delete_logentry",
      "name": "Can delete log entry",
      "content_type": 206
    }
  },
  {
    "pk": 228,
    "model": "auth.permission",
    "fields": {
      "codename": "delete_message",
      "name": "Can delete message",
      "content_type": 216
    }
  },
  {
    "pk": 219,
    "model": "auth.permission",
    "fields": {
      "codename": "delete_permission",
      "name": "Can delete permission",
      "content_type": 214
    }
  },
  {
    "pk": 244,
    "model": "auth.permission",
    "fields": {
      "codename": "delete_post",
      "name": "Can delete post",
      "content_type": 238
    }
  },
  {
    "pk": 236,
    "model": "auth.permission",
    "fields": {
      "codename": "delete_registrationprofile",
      "name": "Can delete registration profile",
      "content_type": 233
    }
  },
  {
    "pk": 232,
    "model": "auth.permission",
    "fields": {
      "codename": "delete_session",
      "name": "Can delete session",
      "content_type": 229
    }
  },
  {
    "pk": 259,
    "model": "auth.permission",
    "fields": {
      "codename": "delete_site",
      "name": "Can delete site",
      "content_type": 256
    }
  },
  {
    "pk": 241,
    "model": "auth.permission",
    "fields": {
      "codename": "delete_topic",
      "name": "Can delete topic",
      "content_type": 237
    }
  },
  {
    "pk": 253,
    "model": "auth.permission",
    "fields": {
      "codename": "delete_uploadedfile",
      "name": "Can delete uploaded file",
      "content_type": 87
    }
  },
  {
    "pk": 225,
    "model": "auth.permission",
    "fields": {
      "codename": "delete_user",
      "name": "Can delete user",
      "content_type": 11
    }
  },
  {
    "pk": 1,
    "model": "auth.user",
    "fields": {
      "username": "admin",
      "first_name": "",
      "last_name": "",
      "is_active": true,
      "idxf_email_l_iexact": "admin@admin.com",
      "idxf_username_l_iexact": "admin",
      "is_superuser": true,
      "is_staff": true,
      "last_login": "2011-12-20 13:33:35",
      "groups": [],
      "user_permissions": [],
      "password": "sha1$ea793$e0858d38bbafd922d5aeb87b80bd1f3c7087ccae",
      "email": "admin@admin.com",
      "date_joined": "2011-08-04 11:49:28"
    }
  },
  {
    "pk": 202,
    "model": "auth.user",
    "fields": {
      "username": "ala",
      "first_name": "",
      "last_name": "",
      "is_active": true,
      "idxf_email_l_iexact": "ala@lorepo.com",
      "idxf_username_l_iexact": "ala",
      "is_superuser": false,
      "is_staff": false,
      "last_login": "2011-08-30 07:56:19",
      "groups": [],
      "user_permissions": [],
      "password": "sha1$440da$937e9411e39204b7f133943325e6b5c540e5011f",
      "email": "ala@lorepo.com",
      "date_joined": "2011-08-21 20:35:43"
    }
  },
  {
    "pk": 204,
    "model": "auth.user",
    "fields": {
      "username": "aaa",
      "first_name": "",
      "last_name": "",
      "is_active": false,
      "idxf_email_l_iexact": "admin@aaa.com",
      "idxf_username_l_iexact": "aaa",
      "is_superuser": false,
      "is_staff": false,
      "last_login": "2011-08-21 20:48:19",
      "groups": [],
      "user_permissions": [],
      "password": "sha1$5de94$8dd747f6860868de866351dd3eca30e57bff7941",
      "email": "admin@aaa.com",
      "date_joined": "2011-08-21 20:48:19"
    }
  },
  {
    "pk": 254,
    "model": "auth.user",
    "fields": {
      "username": "bbb",
      "first_name": "",
      "last_name": "",
      "is_active": false,
      "idxf_email_l_iexact": "admin@aaa.com",
      "idxf_username_l_iexact": "bbb",
      "is_superuser": false,
      "is_staff": false,
      "last_login": "2011-08-21 20:54:09",
      "groups": [],
      "user_permissions": [],
      "password": "sha1$1c961$87c5bdfd14f1d0289fe44469405f1be2a33daf12",
      "email": "admin@aaa.com",
      "date_joined": "2011-08-21 20:54:09"
    }
  },
  {
    "pk": 261,
    "model": "auth.user",
    "fields": {
      "username": "www",
      "first_name": "",
      "last_name": "",
      "is_active": false,
      "idxf_email_l_iexact": "www@www.com",
      "idxf_username_l_iexact": "www",
      "is_superuser": false,
      "is_staff": false,
      "last_login": "2011-08-22 01:14:55",
      "groups": [],
      "user_permissions": [],
      "password": "sha1$a9f8f$71347c020a9ab643261c69b84c64c973072efec8",
      "email": "www@www.com",
      "date_joined": "2011-08-22 01:14:55"
    }
  },
  {
    "pk": 263,
    "model": "auth.user",
    "fields": {
      "username": "www2",
      "first_name": "",
      "last_name": "",
      "is_active": false,
      "idxf_email_l_iexact": "www@www.com",
      "idxf_username_l_iexact": "www2",
      "is_superuser": false,
      "is_staff": false,
      "last_login": "2011-08-22 01:33:57",
      "groups": [],
      "user_permissions": [],
      "password": "sha1$8271d$4737ced544594e24b5664500e109d30a9f2b3e7d",
      "email": "www@www.com",
      "date_joined": "2011-08-22 01:33:57"
    }
  },
  {
    "pk": 267,
    "model": "auth.user",
    "fields": {
      "username": "aasd",
      "first_name": "",
      "last_name": "",
      "is_active": false,
      "idxf_email_l_iexact": "admin@admin.com",
      "idxf_username_l_iexact": "aasd",
      "is_superuser": false,
      "is_staff": false,
      "last_login": "2011-08-23 14:21:02",
      "groups": [],
      "user_permissions": [],
      "password": "sha1$fb519$9b6731a7d88c0ad8e57eff38b908d4264ad47372",
      "email": "admin@admin.com",
      "date_joined": "2011-08-23 14:21:02"
    }
  },
  {
    "pk": 690,
    "model": "auth.user",
    "fields": {
      "username": "test",
      "first_name": "",
      "last_name": "",
      "is_active": true,
      "idxf_email_l_iexact": "test@test.pl",
      "idxf_username_l_iexact": "test",
      "is_superuser": false,
      "is_staff": false,
      "last_login": "2011-12-19 14:49:30",
      "groups": [],
      "user_permissions": [],
      "password": "sha1$4ed4a$4d478f79c72e64a73314599bbb2cd0feae98d2eb",
      "email": "test@test.pl",
      "date_joined": "2011-12-19 14:49:06"
    }
  },
  {
    "pk": 4,
    "model": "search.relationindex_mycontent_content_search_index",
    "fields": {
      "modified_date": "2011-12-21 10:42:56",
      "is_featured": true,
      "is_deleted": false,
      "description": "To jest przykad dugiego opisu. \r\nTo jest przykad dugiego opisu. \r\nTo jest przykad dugiego opisu. To jest przykad dugiego opisu. To jest przykad dugiego opisu. To jest przykad dugiego opisu. To jest przykad dugiego opisu. To jest przykad dugiego opisu. ",
      "author": 1,
      "title": "Cloze and inline choice demo",
      "view_count": 53,
      "search_index_search_list_field": [
        "and",
        "inlin",
        "demo",
        "cloze",
        "choic",
        "demo",
        "123",
        "to",
        "dugiego",
        "opisu",
        "przykad",
        "jest"
      ],
      "is_template": false,
      "file": 3,
      "created_date": "2011-08-04 16:49:51",
      "icon_href": "/file/serve/290",
      "tags": "demo 123"
    }
  },
  {
    "pk": 16,
    "model": "search.relationindex_mycontent_content_search_index",
    "fields": {
      "modified_date": "2011-12-16 10:22:34",
      "is_featured": false,
      "is_deleted": false,
      "description": "Demo wersja",
      "author": 1,
      "title": "Najpopularniejsze rasy psw",
      "view_count": 0,
      "search_index_search_list_field": [
        "najpopularniejsz",
        "psw",
        "rasi",
        "psi",
        "rasi",
        "wersja",
        "demo"
      ],
      "is_template": false,
      "file": 15,
      "created_date": "2011-08-05 10:42:06",
      "icon_href": "/media/content/default_preview.jpg",
      "tags": "psy, rasy"
    }
  },
  {
    "pk": 48,
    "model": "search.relationindex_mycontent_content_search_index",
    "fields": {
      "modified_date": "2011-10-10 13:04:54",
      "is_featured": false,
      "is_deleted": true,
      "description": "",
      "author": 1,
      "title": "Prezentacja 48",
      "view_count": 0,
      "search_index_search_list_field": [
        "prezentacja",
        "48"
      ],
      "is_template": false,
      "file": 47,
      "created_date": "2011-08-10 19:52:52",
      "icon_href": "/media/content/default_preview.jpg",
      "tags": ""
    }
  },
  {
    "pk": 51,
    "model": "search.relationindex_mycontent_content_search_index",
    "fields": {
      "modified_date": "2011-11-22 12:22:49",
      "is_featured": false,
      "is_deleted": false,
      "description": "",
      "author": 1,
      "title": "Popup demo",
      "view_count": 0,
      "search_index_search_list_field": [
        "demo",
        "popup"
      ],
      "is_template": false,
      "file": 50,
      "created_date": "2011-08-10 14:53:42",
      "icon_href": "/file/serve/153",
      "tags": ""
    }
  },
  {
    "pk": 54,
    "model": "search.relationindex_mycontent_content_search_index",
    "fields": {
      "modified_date": "2011-10-13 13:57:47",
      "is_featured": false,
      "is_deleted": false,
      "description": "",
      "author": 1,
      "title": "Prezentacja 54",
      "view_count": 0,
      "search_index_search_list_field": [
        "54",
        "prezentacja"
      ],
      "is_template": false,
      "file": 53,
      "created_date": "2011-08-10 14:54:45",
      "icon_href": "/media/content/default_preview.jpg",
      "tags": ""
    }
  },
  {
    "pk": 60,
    "model": "search.relationindex_mycontent_content_search_index",
    "fields": {
      "modified_date": "2011-08-29 21:54:48",
      "is_featured": true,
      "is_deleted": false,
      "description": "",
      "author": 1,
      "title": "demo 123",
      "view_count": 9,
      "search_index_search_list_field": [
        "demo",
        "123"
      ],
      "is_template": false,
      "file": 59,
      "created_date": "2011-08-10 19:55:42",
      "icon_href": "/file/serve/158",
      "tags": ""
    }
  },
  {
    "pk": 171,
    "model": "search.relationindex_mycontent_content_search_index",
    "fields": {
      "modified_date": "2011-12-02 18:59:39",
      "is_featured": false,
      "is_deleted": false,
      "description": "",
      "author": 1,
      "title": "Choice i feedback",
      "view_count": 0,
      "search_index_search_list_field": [
        "i",
        "feedback",
        "choic"
      ],
      "is_template": false,
      "file": 170,
      "created_date": "2011-08-15 13:31:49",
      "icon_href": "/media/content/default_preview.jpg",
      "tags": ""
    }
  },
  {
    "pk": 184,
    "model": "search.relationindex_mycontent_content_search_index",
    "fields": {
      "modified_date": "2011-08-29 08:59:32",
      "is_featured": true,
      "is_deleted": false,
      "description": "to jest prezentacja demo",
      "author": 1,
      "title": "Prezentacja demo",
      "view_count": 14,
      "search_index_search_list_field": [
        "demo",
        "prezentacja",
        "demo",
        "to",
        "prezentacja",
        "jest",
        "demo"
      ],
      "is_template": false,
      "file": 183,
      "created_date": "2011-08-18 20:07:00",
      "icon_href": "/file/serve/313",
      "tags": "demo"
    }
  },
  {
    "pk": 195,
    "model": "search.relationindex_mycontent_content_search_index",
    "fields": {
      "modified_date": "2011-10-11 12:52:50",
      "is_featured": false,
      "is_deleted": false,
      "description": "Szablon czarny",
      "author": 1,
      "title": "Black",
      "view_count": 0,
      "search_index_search_list_field": [
        "black",
        "templat",
        "szablon",
        "czarni"
      ],
      "is_template": true,
      "file": 194,
      "created_date": "2011-08-18 20:23:57",
      "icon_href": "/file/serve/306",
      "tags": "template"
    }
  },
  {
    "pk": 200,
    "model": "search.relationindex_mycontent_content_search_index",
    "fields": {
      "modified_date": "2011-10-11 12:08:53",
      "is_featured": false,
      "is_deleted": false,
      "description": "Szablon beowy",
      "author": 1,
      "title": "Beowy",
      "view_count": 0,
      "search_index_search_list_field": [
        "beowi",
        "templat",
        "szablon",
        "beowi"
      ],
      "is_template": true,
      "file": 199,
      "created_date": "2011-08-18 15:28:13",
      "icon_href": "/file/serve/299",
      "tags": "template"
    }
  },
  {
    "pk": 296,
    "model": "search.relationindex_mycontent_content_search_index",
    "fields": {
      "modified_date": "2011-10-11 12:50:35",
      "is_featured": false,
      "is_deleted": false,
      "description": "Szablon biay",
      "author": 1,
      "title": "Simple white",
      "view_count": 0,
      "search_index_search_list_field": [
        "simpl",
        "white",
        "theme",
        "szablon",
        "biai"
      ],
      "is_template": true,
      "file": 295,
      "created_date": "2011-08-27 09:43:46",
      "icon_href": "/file/serve/302",
      "tags": "theme"
    }
  },
  {
    "pk": 319,
    "model": "search.relationindex_mycontent_content_search_index",
    "fields": {
      "modified_date": "2011-12-19 15:59:19",
      "is_featured": true,
      "is_deleted": false,
      "description": "Prezentacja demo",
      "author": 202,
      "title": "Prezentacja demo",
      "view_count": 44,
      "search_index_search_list_field": [
        "demo",
        "prezentacja",
        "demo",
        "public",
        "demo",
        "prezentacja"
      ],
      "is_template": false,
      "file": 318,
      "created_date": "2011-08-30 07:56:37",
      "icon_href": "/file/serve/324",
      "tags": "demo, public"
    }
  },
  {
    "pk": 328,
    "model": "search.relationindex_mycontent_content_search_index",
    "fields": {
      "modified_date": "2011-10-11 08:10:30",
      "is_featured": false,
      "is_deleted": false,
      "description": "",
      "author": 1,
      "title": "choice demo + global feedback",
      "view_count": 0,
      "search_index_search_list_field": [
        "demo",
        "global",
        "feedback",
        "choic"
      ],
      "is_template": false,
      "file": 327,
      "created_date": "2011-08-31 09:09:29",
      "icon_href": "/media/content/default_preview.jpg",
      "tags": ""
    }
  },
  {
    "pk": 547,
    "model": "search.relationindex_mycontent_content_search_index",
    "fields": {
      "modified_date": "2011-12-16 10:22:43",
      "is_featured": false,
      "is_deleted": true,
      "description": "",
      "author": 1,
      "title": "Prezentacja z prawami dostpu",
      "view_count": 0,
      "search_index_search_list_field": [
        "prezentacja",
        "z",
        "dostpu",
        "prawami",
        "access",
        "demo",
        "right"
      ],
      "is_template": false,
      "file": 546,
      "created_date": "2011-10-17 11:28:48",
      "icon_href": "/media/content/default_preview.jpg",
      "tags": "access right, demo"
    }
  },
  {
    "pk": 551,
    "model": "search.relationindex_mycontent_content_search_index",
    "fields": {
      "modified_date": "2011-10-17 12:13:24",
      "is_featured": false,
      "is_deleted": true,
      "description": "sdfsdfsdf",
      "author": 1,
      "title": "sdfsdfsdf33333",
      "view_count": 0,
      "search_index_search_list_field": [
        "sdfsdfsdf33333",
        "sdfsdf",
        "sdfsdfsdf"
      ],
      "is_template": false,
      "file": 550,
      "created_date": "2011-10-17 12:13:24",
      "icon_href": "/media/content/default_preview.jpg",
      "tags": "sdfsdf"
    }
  },
  {
    "pk": 583,
    "model": "search.relationindex_mycontent_content_search_index",
    "fields": {
      "modified_date": "2011-10-17 14:30:01",
      "is_featured": false,
      "is_deleted": false,
      "description": "asdasd",
      "author": 1,
      "title": "asdasd",
      "view_count": 0,
      "search_index_search_list_field": [
        "asdasd",
        "asdasd",
        "asdasd"
      ],
      "is_template": false,
      "file": 582,
      "created_date": "2011-10-17 14:30:01",
      "icon_href": "/media/content/default_preview.jpg",
      "tags": "asdasd"
    }
  },
  {
    "pk": 589,
    "model": "search.relationindex_mycontent_content_search_index",
    "fields": {
      "modified_date": "2011-12-21 10:00:49",
      "is_featured": false,
      "is_deleted": false,
      "description": "",
      "author": 1,
      "title": "Copy of Prezentacja 54",
      "view_count": 0,
      "search_index_search_list_field": [
        "of",
        "prezentacja",
        "copi",
        "54"
      ],
      "is_template": false,
      "file": 588,
      "created_date": "2011-10-17 15:05:57",
      "icon_href": "/media/content/default_preview.jpg",
      "tags": ""
    }
  },
  {
    "pk": 603,
    "model": "search.relationindex_mycontent_content_search_index",
    "fields": {
      "modified_date": "2011-11-24 08:21:37",
      "is_featured": false,
      "is_deleted": false,
      "description": "",
      "author": 1,
      "title": "Upload",
      "view_count": 0,
      "search_index_search_list_field": [
        "upload"
      ],
      "is_template": false,
      "file": 602,
      "created_date": "2011-11-23 11:07:31",
      "icon_href": "/media/content/default_preview.jpg",
      "tags": ""
    }
  },
  {
    "pk": 613,
    "model": "search.relationindex_mycontent_content_search_index",
    "fields": {
      "modified_date": "2011-11-29 08:56:24",
      "is_featured": false,
      "is_deleted": false,
      "description": "",
      "author": 1,
      "title": "Copy of demo 123",
      "view_count": 0,
      "search_index_search_list_field": [
        "of",
        "123",
        "copi",
        "demo"
      ],
      "is_template": false,
      "file": 612,
      "created_date": "2011-11-29 08:56:24",
      "icon_href": "/file/serve/158",
      "tags": ""
    }
  },
  {
    "pk": 617,
    "model": "search.relationindex_mycontent_content_search_index",
    "fields": {
      "modified_date": "2011-12-05 16:32:17",
      "is_featured": false,
      "is_deleted": false,
      "description": "Prezentacja demo",
      "author": 1,
      "title": "Copy of Prezentacja demo",
      "view_count": 0,
      "search_index_search_list_field": [
        "of",
        "prezentacja",
        "copi",
        "demo",
        "demo",
        "public",
        "demo",
        "prezentacja"
      ],
      "is_template": false,
      "file": 616,
      "created_date": "2011-11-29 08:58:04",
      "icon_href": "/file/serve/324",
      "tags": "demo, public"
    }
  },
  {
    "pk": 676,
    "model": "search.relationindex_mycontent_content_search_index",
    "fields": {
      "modified_date": "2011-12-19 12:08:45",
      "is_featured": false,
      "is_deleted": false,
      "description": "A",
      "author": 1,
      "title": "A",
      "view_count": 0,
      "search_index_search_list_field": [
        "a",
        "a",
        "a"
      ],
      "is_template": false,
      "file": 675,
      "created_date": "2011-12-19 12:08:44",
      "icon_href": "/media/content/default_preview.jpg",
      "tags": "A"
    }
  },
  {
    "pk": 680,
    "model": "search.relationindex_mycontent_content_search_index",
    "fields": {
      "modified_date": "2011-12-19 12:53:12",
      "is_featured": false,
      "is_deleted": false,
      "description": "dsa",
      "author": 1,
      "title": "dsa",
      "view_count": 0,
      "search_index_search_list_field": [
        "dsa",
        "dsa",
        "dsa"
      ],
      "is_template": false,
      "file": 679,
      "created_date": "2011-12-19 12:24:40",
      "icon_href": "/media/content/default_preview.jpg",
      "tags": "dsa"
    }
  },
  {
    "pk": 684,
    "model": "search.relationindex_mycontent_content_search_index",
    "fields": {
      "modified_date": "2011-12-19 12:51:10",
      "is_featured": false,
      "is_deleted": false,
      "description": "Test",
      "author": 1,
      "title": "Test",
      "view_count": 0,
      "search_index_search_list_field": [
        "test",
        "test",
        "test"
      ],
      "is_template": false,
      "file": 683,
      "created_date": "2011-12-19 12:48:10",
      "icon_href": "/media/content/default_preview.jpg",
      "tags": "Test"
    }
  },
  {
    "pk": 696,
    "model": "search.relationindex_mycontent_content_search_index",
    "fields": {
      "modified_date": "2011-12-21 10:42:38",
      "is_featured": false,
      "is_deleted": false,
      "description": "dsa",
      "author": 1,
      "title": "Copy of dsa",
      "view_count": 0,
      "search_index_search_list_field": [
        "of",
        "copi",
        "dsa",
        "dsa",
        "dsa"
      ],
      "is_template": false,
      "file": 695,
      "created_date": "2011-12-19 15:09:54",
      "icon_href": "/media/content/default_preview.jpg",
      "tags": "dsa"
    }
  },
  {
    "pk": 700,
    "model": "search.relationindex_mycontent_content_search_index",
    "fields": {
      "modified_date": "2011-12-19 15:31:28",
      "is_featured": false,
      "is_deleted": false,
      "description": "Prezentacja demo",
      "author": 1,
      "title": "Copy of Prezentacja demo",
      "view_count": 0,
      "search_index_search_list_field": [
        "of",
        "prezentacja",
        "copi",
        "demo",
        "demo",
        "public",
        "demo",
        "prezentacja"
      ],
      "is_template": false,
      "file": 699,
      "created_date": "2011-12-19 15:31:28",
      "icon_href": "/file/serve/324",
      "tags": "demo, public"
    }
  },
  {
    "pk": 704,
    "model": "search.relationindex_mycontent_content_search_index",
    "fields": {
      "modified_date": "2011-12-19 15:34:38",
      "is_featured": false,
      "is_deleted": false,
      "description": "Prezentacja demo",
      "author": 1,
      "title": "Copy of Prezentacja demo",
      "view_count": 0,
      "search_index_search_list_field": [
        "of",
        "prezentacja",
        "copi",
        "demo",
        "demo",
        "public",
        "demo",
        "prezentacja"
      ],
      "is_template": false,
      "file": 703,
      "created_date": "2011-12-19 15:34:38",
      "icon_href": "/file/serve/324",
      "tags": "demo, public"
    }
  },
  {
    "pk": 711,
    "model": "search.relationindex_mycontent_content_search_index",
    "fields": {
      "modified_date": "2011-12-21 10:42:25",
      "is_featured": false,
      "is_deleted": false,
      "description": "To jest przykad dugiego opisu. \r\nTo jest przykad dugiego opisu. \r\nTo jest przykad dugiego opisu. To jest przykad dugiego opisu. To jest przykad dugiego opisu. To jest przykad dugiego opisu. To jest przykad dugiego opisu. To jest przykad dugiego opisu. ",
      "author": 1,
      "title": "Copy of Cloze and inline choice demo",
      "view_count": 0,
      "search_index_search_list_field": [
        "and",
        "of",
        "cloze",
        "choic",
        "demo",
        "inlin",
        "copi",
        "demo",
        "123",
        "to",
        "dugiego",
        "opisu",
        "przykad",
        "jest"
      ],
      "is_template": false,
      "file": 710,
      "created_date": "2011-12-19 15:38:05",
      "icon_href": "/file/serve/290",
      "tags": "demo 123"
    }
  },
  {
    "pk": 715,
    "model": "search.relationindex_mycontent_content_search_index",
    "fields": {
      "modified_date": "2011-12-21 10:42:43",
      "is_featured": false,
      "is_deleted": false,
      "description": "Prezentacja demo",
      "author": 1,
      "title": "Copy of Prezentacja demo",
      "view_count": 0,
      "search_index_search_list_field": [
        "of",
        "prezentacja",
        "copi",
        "demo",
        "demo",
        "public",
        "demo",
        "prezentacja"
      ],
      "is_template": false,
      "file": 714,
      "created_date": "2011-12-19 15:39:00",
      "icon_href": "/file/serve/324",
      "tags": "demo, public"
    }
  },
  {
    "pk": 719,
    "model": "search.relationindex_mycontent_content_search_index",
    "fields": {
      "modified_date": "2011-12-21 10:00:41",
      "is_featured": false,
      "is_deleted": false,
      "description": "Prezentacja demo",
      "author": 1,
      "title": "Copy of Copy of Prezentacja demo",
      "view_count": 0,
      "search_index_search_list_field": [
        "of",
        "prezentacja",
        "copi",
        "demo",
        "demo",
        "public",
        "demo",
        "prezentacja"
      ],
      "is_template": false,
      "file": 718,
      "created_date": "2011-12-19 15:42:23",
      "icon_href": "/file/serve/324",
      "tags": "demo, public"
    }
  },
  {
    "pk": 723,
    "model": "search.relationindex_mycontent_content_search_index",
    "fields": {
      "modified_date": "2011-12-20 14:47:29",
      "is_featured": false,
      "is_deleted": false,
      "description": "Prezentacja demo",
      "author": 1,
      "title": "Copy of Prezentacja demo",
      "view_count": 0,
      "search_index_search_list_field": [
        "of",
        "prezentacja",
        "copi",
        "demo",
        "demo",
        "public",
        "demo",
        "prezentacja"
      ],
      "is_template": false,
      "file": 722,
      "created_date": "2011-12-19 15:59:32",
      "icon_href": "/file/serve/324",
      "tags": "demo, public"
    }
  },
  {
    "pk": 203,
    "model": "registration.registrationprofile",
    "fields": {
      "activation_key": "1c73ee3639c169bf7d4616815a86f5e249043dfe",
      "user": 202
    }
  },
  {
    "pk": 205,
    "model": "registration.registrationprofile",
    "fields": {
      "activation_key": "6d59ac91a2ee589748e34a99e1bcf6765fd4fee1",
      "user": 204
    }
  },
  {
    "pk": 255,
    "model": "registration.registrationprofile",
    "fields": {
      "activation_key": "15700b28722d4b51af21c042cda321bffa3736ce",
      "user": 254
    }
  },
  {
    "pk": 262,
    "model": "registration.registrationprofile",
    "fields": {
      "activation_key": "95019159f79b744524771e31e92b1d61f30a2e55",
      "user": 261
    }
  },
  {
    "pk": 264,
    "model": "registration.registrationprofile",
    "fields": {
      "activation_key": "871219557113d03267875e8885b8ae6f27a0fa34",
      "user": 263
    }
  },
  {
    "pk": 268,
    "model": "registration.registrationprofile",
    "fields": {
      "activation_key": "353e10e60b4bd165af05df937a24d1f740dd7009",
      "user": 267
    }
  },
  {
    "pk": 691,
    "model": "registration.registrationprofile",
    "fields": {
      "activation_key": "96727fa381aa2db15e32512032b8cccaf5b05a30",
      "user": 690
    }
  },
  {
    "pk": 269,
    "model": "editor.userfeedback",
    "fields": {
      "content": "ddddd",
      "created_date": "2011-08-24 15:59:37",
      "author": 1
    }
  },
  {
    "pk": 271,
    "model": "editor.userfeedback",
    "fields": {
      "content": "to jest kolejny test",
      "created_date": "2011-08-24 21:14:06",
      "author": 1
    }
  },
  {
    "pk": 361,
    "model": "labels.label",
    "fields": {
      "user": 1,
      "title": "Biology"
    }
  },
  {
    "pk": 407,
    "model": "labels.label",
    "fields": {
      "user": 1,
      "title": "English"
    }
  },
  {
    "pk": 359,
    "model": "labels.label",
    "fields": {
      "user": 1,
      "title": "Lorepo"
    }
  },
  {
    "pk": 357,
    "model": "labels.label",
    "fields": {
      "user": 1,
      "title": "Mathematics"
    }
  },
  {
    "pk": 358,
    "model": "labels.label",
    "fields": {
      "user": 1,
      "title": "Physics"
    }
  },
  {
    "pk": 360,
    "model": "labels.label",
    "fields": {
      "user": 1,
      "title": "Themes"
    }
  },
  {
    "pk": 4,
    "model": "mycontent.content",
    "fields": {
      "modified_date": "2011-12-21 10:42:56",
      "is_featured": true,
      "is_deleted": false,
      "description": "To jest przykad dugiego opisu. \r\nTo jest przykad dugiego opisu. \r\nTo jest przykad dugiego opisu. To jest przykad dugiego opisu. To jest przykad dugiego opisu. To jest przykad dugiego opisu. To jest przykad dugiego opisu. To jest przykad dugiego opisu. ",
      "author": 1,
      "title": "Cloze and inline choice demo",
      "view_count": 53,
      "is_template": false,
      "file": 3,
      "created_date": "2011-08-04 16:49:51",
      "icon_href": "/file/serve/290",
      "tags": "demo 123"
    }
  },
  {
    "pk": 1460,
    "model": "mycontent.content",
    "fields": {
      "modified_date": "2012-01-19 11:44:30",
      "is_featured": false,
      "is_deleted": false,
      "content_type": 3,
      "author": 1,
      "title": "_NEW_ADDON_",
      "public_version": 1459,
      "view_count": 0,
      "is_template": false,
      "file": 1459,
      "created_date": "2012-01-19 11:44:30",
      "icon_href": "/media/content/default_preview.jpg",
      "tags": "addon",
      "description": ""
    }
  },
  {
    "pk": 14666,
    "model": "mycontent.content",
    "fields": {
      "modified_date": "2012-01-19 11:44:30",
      "is_featured": false,
      "is_deleted": false,
      "content_type": 2,
      "author": 1,
      "title": "template",
      "public_version": 1459,
      "view_count": 0,
      "is_template": false,
      "file": 1459,
      "created_date": "2012-01-19 11:44:30",
      "icon_href": "/media/content/default_preview.jpg",
      "tags": "template",
      "description": ""
    }
  },
  {
    "pk": 715,
    "model": "mycontent.content",
    "fields": {
      "modified_date": "2011-12-21 10:42:43",
      "is_featured": false,
      "is_deleted": false,
      "description": "Prezentacja demo",
      "author": 1,
      "title": "Copy of Prezentacja demo addon",
      "public_version": 714,
      "view_count": 0,
      "is_template": false,
      "file": 714,
      "created_date": "2011-12-19 15:39:00",
      "icon_href": "/file/serve/324",
      "tags": "demo, public, addon, template"
    }
  },
  {
    "pk": 696,
    "model": "mycontent.content",
    "fields": {
      "modified_date": "2011-12-21 10:42:38",
      "is_featured": false,
      "is_deleted": false,
      "description": "dsa",
      "author": 1,
      "title": "Copy of dsa",
      "view_count": 0,
      "is_template": false,
      "file": 695,
      "created_date": "2011-12-19 15:09:54",
      "icon_href": "/media/content/default_preview.jpg",
      "tags": "dsa"
    }
  },
  {
    "pk": 711,
    "model": "mycontent.content",
    "fields": {
      "modified_date": "2011-12-21 10:42:25",
      "is_featured": false,
      "is_deleted": false,
      "description": "To jest przykad dugiego opisu. \r\nTo jest przykad dugiego opisu. \r\nTo jest przykad dugiego opisu. To jest przykad dugiego opisu. To jest przykad dugiego opisu. To jest przykad dugiego opisu. To jest przykad dugiego opisu. To jest przykad dugiego opisu. ",
      "author": 1,
      "title": "Copy of Cloze and inline choice demo",
      "view_count": 0,
      "is_template": false,
      "file": 710,
      "created_date": "2011-12-19 15:38:05",
      "icon_href": "/file/serve/290",
      "tags": "demo 123"
    }
  },
  {
    "pk": 589,
    "model": "mycontent.content",
    "fields": {
      "modified_date": "2011-12-21 10:00:49",
      "is_featured": false,
      "is_deleted": false,
      "description": "",
      "author": 1,
      "title": "Copy of Prezentacja 54",
      "view_count": 0,
      "is_template": false,
      "file": 588,
      "created_date": "2011-10-17 15:05:57",
      "icon_href": "/media/content/default_preview.jpg",
      "tags": ""
    }
  },
  {
    "pk": 719,
    "model": "mycontent.content",
    "fields": {
      "modified_date": "2011-12-21 10:00:41",
      "is_featured": false,
      "is_deleted": false,
      "description": "Prezentacja demo",
      "author": 1,
      "title": "Copy of Copy of Prezentacja demo",
      "view_count": 0,
      "is_template": false,
      "file": 718,
      "created_date": "2011-12-19 15:42:23",
      "icon_href": "/file/serve/324",
      "tags": "demo, public"
    }
  },
  {
    "pk": 723,
    "model": "mycontent.content",
    "fields": {
      "modified_date": "2011-12-20 14:47:29",
      "is_featured": false,
      "is_deleted": false,
      "description": "Prezentacja demo",
      "author": 1,
      "title": "Copy of Prezentacja demo",
      "view_count": 0,
      "is_template": false,
      "file": 722,
      "created_date": "2011-12-19 15:59:32",
      "icon_href": "/file/serve/324",
      "tags": "demo, public"
    }
  },
  {
    "pk": 319,
    "model": "mycontent.content",
    "fields": {
      "modified_date": "2011-12-19 15:59:19",
      "is_featured": true,
      "is_deleted": false,
      "description": "Prezentacja demo",
      "author": 202,
      "title": "Prezentacja demo",
      "public_version": 318,
      "view_count": 44,
      "is_template": false,
      "file": 318,
      "created_date": "2011-08-30 07:56:37",
      "icon_href": "/file/serve/324",
      "tags": "demo, public"
    }
  },
  {
    "pk": 704,
    "model": "mycontent.content",
    "fields": {
      "modified_date": "2011-12-19 15:34:38",
      "is_featured": false,
      "is_deleted": false,
      "description": "Prezentacja demo",
      "author": 1,
      "title": "Copy of Prezentacja demo",
      "view_count": 0,
      "is_template": false,
      "file": 703,
      "created_date": "2011-12-19 15:34:38",
      "icon_href": "/file/serve/324",
      "tags": "demo, public"
    }
  },
  {
    "pk": 700,
    "model": "mycontent.content",
    "fields": {
      "modified_date": "2011-12-19 15:31:27",
      "is_featured": false,
      "is_deleted": false,
      "description": "Prezentacja demo",
      "author": 1,
      "title": "Copy of Prezentacja demo",
      "view_count": 0,
      "is_template": false,
      "file": 699,
      "created_date": "2011-12-19 15:31:27",
      "icon_href": "/file/serve/324",
      "tags": "demo, public"
    }
  },
  {
    "pk": 680,
    "model": "mycontent.content",
    "fields": {
      "modified_date": "2011-12-19 12:53:12",
      "is_featured": false,
      "is_deleted": false,
      "description": "dsa",
      "author": 1,
      "title": "dsa",
      "view_count": 0,
      "is_template": false,
      "file": 679,
      "created_date": "2011-12-19 12:24:40",
      "icon_href": "/media/content/default_preview.jpg",
      "tags": "dsa"
    }
  },
  {
    "pk": 684,
    "model": "mycontent.content",
    "fields": {
      "modified_date": "2011-12-19 12:51:10",
      "is_featured": false,
      "is_deleted": false,
      "description": "Test",
      "author": 1,
      "title": "Test",
      "view_count": 0,
      "is_template": false,
      "file": 683,
      "created_date": "2011-12-19 12:48:10",
      "icon_href": "/media/content/default_preview.jpg",
      "tags": "Test"
    }
  },
  {
    "pk": 676,
    "model": "mycontent.content",
    "fields": {
      "modified_date": "2011-12-19 12:08:45",
      "is_featured": false,
      "is_deleted": false,
      "description": "A",
      "author": 1,
      "title": "A",
      "view_count": 0,
      "is_template": false,
      "file": 675,
      "created_date": "2011-12-19 12:08:44",
      "icon_href": "/media/content/default_preview.jpg",
      "tags": "A"
    }
  },
  {
    "pk": 547,
    "model": "mycontent.content",
    "fields": {
      "modified_date": "2011-12-16 10:22:43",
      "is_featured": false,
      "is_deleted": true,
      "description": "",
      "author": 1,
      "title": "Prezentacja z prawami dostpu",
      "view_count": 0,
      "is_template": false,
      "file": 546,
      "created_date": "2011-10-17 11:28:48",
      "icon_href": "/media/content/default_preview.jpg",
      "tags": "access right, demo"
    }
  },
  {
    "pk": 16,
    "model": "mycontent.content",
    "fields": {
      "modified_date": "2011-12-16 10:22:34",
      "is_featured": false,
      "is_deleted": false,
      "description": "Demo wersja",
      "author": 1,
      "title": "Najpopularniejsze rasy psw",
      "view_count": 0,
      "is_template": false,
      "file": 15,
      "created_date": "2011-08-05 10:42:06",
      "icon_href": "/media/content/default_preview.jpg",
      "tags": "psy, rasy"
    }
  },
  {
    "pk": 617,
    "model": "mycontent.content",
    "fields": {
      "modified_date": "2011-12-05 16:32:17",
      "is_featured": false,
      "is_deleted": false,
      "description": "Prezentacja demo",
      "author": 1,
      "title": "Copy of Prezentacja demo",
      "view_count": 0,
      "is_template": false,
      "file": 616,
      "created_date": "2011-11-29 08:58:04",
      "icon_href": "/file/serve/324",
      "tags": "demo, public"
    }
  },
  {
    "pk": 171,
    "model": "mycontent.content",
    "fields": {
      "modified_date": "2011-12-02 18:59:39",
      "is_featured": false,
      "is_deleted": false,
      "description": "",
      "author": 1,
      "title": "Choice i feedback",
      "view_count": 0,
      "is_template": false,
      "file": 170,
      "created_date": "2011-08-15 13:31:49",
      "icon_href": "/media/content/default_preview.jpg",
      "tags": ""
    }
  },
  {
    "pk": 613,
    "model": "mycontent.content",
    "fields": {
      "modified_date": "2011-11-29 08:56:24",
      "is_featured": false,
      "is_deleted": false,
      "description": "",
      "author": 1,
      "title": "Copy of demo 123",
      "view_count": 0,
      "is_template": false,
      "file": 612,
      "created_date": "2011-11-29 08:56:24",
      "icon_href": "/file/serve/158",
      "tags": ""
    }
  },
  {
    "pk": 603,
    "model": "mycontent.content",
    "fields": {
      "modified_date": "2011-11-24 08:21:37",
      "is_featured": false,
      "is_deleted": false,
      "description": "",
      "author": 1,
      "title": "Upload",
      "view_count": 0,
      "is_template": false,
      "file": 602,
      "created_date": "2011-11-23 11:07:31",
      "icon_href": "/media/content/default_preview.jpg",
      "tags": ""
    }
  },
  {
    "pk": 51,
    "model": "mycontent.content",
    "fields": {
      "modified_date": "2011-11-22 12:22:49",
      "is_featured": false,
      "is_deleted": false,
      "description": "",
      "author": 1,
      "title": "Popup demo",
      "view_count": 0,
      "is_template": false,
      "file": 50,
      "created_date": "2011-08-10 14:53:42",
      "icon_href": "/file/serve/153",
      "tags": ""
    }
  },
  {
    "pk": 583,
    "model": "mycontent.content",
    "fields": {
      "modified_date": "2011-10-17 14:30:01",
      "is_featured": false,
      "is_deleted": false,
      "description": "asdasd",
      "author": 1,
      "title": "asdasd",
      "view_count": 0,
      "is_template": false,
      "file": 582,
      "created_date": "2011-10-17 14:30:01",
      "icon_href": "/media/content/default_preview.jpg",
      "tags": "asdasd"
    }
  },
  {
    "pk": 551,
    "model": "mycontent.content",
    "fields": {
      "modified_date": "2011-10-17 12:13:24",
      "is_featured": false,
      "is_deleted": true,
      "description": "sdfsdfsdf",
      "author": 1,
      "title": "sdfsdfsdf33333",
      "view_count": 0,
      "is_template": false,
      "file": 550,
      "created_date": "2011-10-17 12:13:24",
      "icon_href": "/media/content/default_preview.jpg",
      "tags": "sdfsdf"
    }
  },
  {
    "pk": 54,
    "model": "mycontent.content",
    "fields": {
      "modified_date": "2011-10-13 13:57:47",
      "is_featured": false,
      "is_deleted": false,
      "description": "",
      "author": 1,
      "title": "Prezentacja 54",
      "view_count": 0,
      "is_template": false,
      "file": 53,
      "created_date": "2011-08-10 14:54:45",
      "icon_href": "/media/content/default_preview.jpg",
      "tags": ""
    }
  },
  {
    "pk": 195,
    "model": "mycontent.content",
    "fields": {
      "modified_date": "2011-10-11 12:52:50",
      "is_featured": false,
      "is_deleted": false,
      "description": "Szablon czarny",
      "author": 1,
      "title": "Black",
      "view_count": 0,
      "is_template": true,
      "file": 194,
      "created_date": "2011-08-18 20:23:57",
      "icon_href": "/file/serve/306",
      "tags": "template"
    }
  },
  {
    "pk": 296,
    "model": "mycontent.content",
    "fields": {
      "modified_date": "2011-10-11 12:50:35",
      "is_featured": false,
      "is_deleted": false,
      "description": "Szablon biay",
      "author": 1,
      "title": "Simple white",
      "view_count": 0,
      "is_template": true,
      "file": 295,
      "created_date": "2011-08-27 09:43:46",
      "icon_href": "/file/serve/302",
      "tags": "theme"
    }
  },
  {
    "pk": 200,
    "model": "mycontent.content",
    "fields": {
      "modified_date": "2011-10-11 12:08:53",
      "is_featured": false,
      "is_deleted": false,
      "description": "Szablon beowy",
      "author": 1,
      "title": "Beowy",
      "view_count": 0,
      "is_template": true,
      "file": 199,
      "created_date": "2011-08-18 15:28:13",
      "icon_href": "/file/serve/299",
      "tags": "template"
    }
  },
  {
    "pk": 328,
    "model": "mycontent.content",
    "fields": {
      "modified_date": "2011-10-11 08:10:30",
      "is_featured": false,
      "is_deleted": false,
      "description": "",
      "author": 1,
      "title": "choice demo + global feedback",
      "view_count": 0,
      "is_template": false,
      "file": 327,
      "created_date": "2011-08-31 09:09:29",
      "icon_href": "/media/content/default_preview.jpg",
      "tags": ""
    }
  },
  {
    "pk": 48,
    "model": "mycontent.content",
    "fields": {
      "modified_date": "2011-10-10 13:04:54",
      "is_featured": false,
      "is_deleted": true,
      "description": "",
      "author": 1,
      "title": "Prezentacja 48",
      "view_count": 0,
      "is_template": false,
      "file": 47,
      "created_date": "2011-08-10 19:52:52",
      "icon_href": "/media/content/default_preview.jpg",
      "tags": ""
    }
  },
  {
    "pk": 438,
    "model": "mycontent.content",
    "fields": {
      "modified_date": "2011-09-29 09:39:24",
      "is_featured": false,
      "is_deleted": false,
      "description": "Math demo presentation using MathJax",
      "author": 1,
      "title": "math demo",
      "view_count": 0,
      "is_template": false,
      "file": 437,
      "created_date": "2011-09-28 16:29:09",
      "icon_href": "/file/serve/441",
      "tags": "math, demo"
    }
  },
  {
    "pk": 435,
    "model": "mycontent.content",
    "fields": {
      "modified_date": "2011-09-27 07:55:27",
      "is_featured": false,
      "is_deleted": true,
      "description": "",
      "author": 1,
      "title": "Copy of choice demo",
      "view_count": 0,
      "is_template": false,
      "file": 434,
      "created_date": "2011-09-27 07:55:27",
      "icon_href": "/media/content/default_preview.jpg",
      "tags": ""
    }
  },
  {
    "pk": 421,
    "model": "mycontent.content",
    "fields": {
      "modified_date": "2011-09-22 14:30:09",
      "is_featured": false,
      "is_deleted": true,
      "description": "",
      "author": 1,
      "title": "nowa prezentacja 23",
      "view_count": 0,
      "is_template": false,
      "file": 420,
      "created_date": "2011-09-22 14:30:09",
      "icon_href": "/media/content/default_preview.jpg",
      "tags": ""
    }
  },
  {
    "pk": 191,
    "model": "mycontent.content",
    "fields": {
      "modified_date": "2011-09-22 09:27:49",
      "is_featured": false,
      "is_deleted": false,
      "description": "",
      "author": 1,
      "title": "Copy of Choice i feedback",
      "view_count": 0,
      "is_template": false,
      "file": 190,
      "created_date": "2011-08-18 15:23:38",
      "icon_href": "/media/content/default_preview.jpg",
      "tags": ""
    }
  },
  {
    "pk": 416,
    "model": "mycontent.content",
    "fields": {
      "modified_date": "2011-09-21 10:46:23",
      "is_featured": false,
      "is_deleted": true,
      "description": "",
      "author": 1,
      "title": "assa",
      "view_count": 0,
      "is_template": false,
      "file": 415,
      "created_date": "2011-09-21 10:46:23",
      "icon_href": "/media/content/default_preview.jpg",
      "tags": ""
    }
  },
  {
    "pk": 402,
    "model": "mycontent.content",
    "fields": {
      "modified_date": "2011-09-21 08:51:09",
      "is_featured": false,
      "is_deleted": true,
      "description": "",
      "author": 1,
      "title": "asewd",
      "view_count": 0,
      "is_template": false,
      "file": 401,
      "created_date": "2011-09-21 08:00:17",
      "icon_href": "/media/content/default_preview.jpg",
      "tags": ""
    }
  },
  {
    "pk": 399,
    "model": "mycontent.content",
    "fields": {
      "modified_date": "2011-09-21 07:24:08",
      "is_featured": false,
      "is_deleted": true,
      "description": "",
      "author": 1,
      "title": "druga prezentacja",
      "view_count": 0,
      "is_template": false,
      "file": 398,
      "created_date": "2011-09-21 07:24:08",
      "icon_href": "/media/content/default_preview.jpg",
      "tags": ""
    }
  },
  {
    "pk": 396,
    "model": "mycontent.content",
    "fields": {
      "modified_date": "2011-09-21 07:23:48",
      "is_featured": false,
      "is_deleted": false,
      "description": "ala",
      "author": 1,
      "title": "nowa prezentacja",
      "view_count": 0,
      "is_template": false,
      "file": 395,
      "created_date": "2011-09-21 02:23:48",
      "icon_href": "/media/content/default_preview.jpg",
      "tags": "ala"
    }
  },
  {
    "pk": 168,
    "model": "mycontent.content",
    "fields": {
      "modified_date": "2011-09-20 13:57:05",
      "is_featured": false,
      "is_deleted": false,
      "description": "",
      "author": 1,
      "title": "Prezentacja bez tagw i opisu",
      "view_count": 0,
      "is_template": false,
      "file": 167,
      "created_date": "2011-08-15 13:31:32",
      "icon_href": "/media/content/default_preview.jpg",
      "tags": ""
    }
  },
  {
    "pk": 60,
    "model": "mycontent.content",
    "fields": {
      "modified_date": "2011-08-29 21:54:48",
      "is_featured": true,
      "is_deleted": false,
      "description": "",
      "author": 1,
      "title": "demo 123",
      "public_version": 59,
      "view_count": 9,
      "is_template": false,
      "file": 59,
      "created_date": "2011-08-10 19:55:42",
      "icon_href": "/file/serve/158",
      "tags": ""
    }
  },
  {
    "pk": 184,
    "model": "mycontent.content",
    "fields": {
      "modified_date": "2011-08-29 08:59:32",
      "is_featured": true,
      "is_deleted": false,
      "description": "to jest prezentacja demo",
      "author": 1,
      "title": "Prezentacja demo",
      "public_version": 183,
      "view_count": 14,
      "is_template": false,
      "file": 183,
      "created_date": "2011-08-18 20:07:00",
      "icon_href": "/file/serve/313",
      "tags": "demo"
    }
  },
  {
    "pk": 165,
    "model": "mycontent.content",
    "fields": {
      "modified_date": "2011-08-15 13:30:16",
      "is_featured": false,
      "is_deleted": false,
      "description": "",
      "author": 1,
      "title": "Prezentacja 165",
      "view_count": 0,
      "is_template": false,
      "file": 164,
      "created_date": "2011-08-15 13:30:16",
      "icon_href": "/media/content/default_preview.jpg",
      "tags": ""
    }
  },
  {
    "pk": 162,
    "model": "mycontent.content",
    "fields": {
      "modified_date": "2011-08-15 13:29:57",
      "is_featured": false,
      "is_deleted": false,
      "description": "",
      "author": 1,
      "title": "Prezentacja 162",
      "view_count": 0,
      "is_template": false,
      "file": 161,
      "created_date": "2011-08-15 13:29:57",
      "icon_href": "/media/content/default_preview.jpg",
      "tags": ""
    }
  },
  {
    "pk": 57,
    "model": "mycontent.content",
    "fields": {
      "modified_date": "2011-08-10 19:55:33",
      "is_featured": false,
      "is_deleted": false,
      "description": "",
      "author": 1,
      "title": "Demo 57",
      "view_count": 0,
      "is_template": false,
      "file": 56,
      "created_date": "2011-08-10 19:55:33",
      "icon_href": "/media/content/default_preview.jpg",
      "tags": ""
    }
  },
  {
    "pk": 9,
    "model": "mycontent.content",
    "fields": {
      "modified_date": "2011-08-04 19:09:33",
      "is_featured": false,
      "is_deleted": true,
      "description": "",
      "author": 1,
      "title": "Prezentacja 91",
      "view_count": 0,
      "is_template": false,
      "file": 8,
      "created_date": "2011-08-04 19:09:33",
      "icon_href": "/media/content/default_preview.jpg",
      "tags": ""
    }
  },
  {
    "pk": 554,
    "model": "mycontent.contentaccess",
    "fields": {
      "content": 547,
      "modified_date": "2011-12-16 10:22:43",
      "is_deleted": false,
      "user": 1,
      "access_right": 3
    }
  },
  {
    "pk": 555,
    "model": "mycontent.contentaccess",
    "fields": {
      "content": 16,
      "modified_date": "2011-12-16 10:22:34",
      "is_deleted": false,
      "user": 1,
      "access_right": 3
    }
  },
  {
    "pk": 563,
    "model": "mycontent.contentaccess",
    "fields": {
      "content": 4,
      "modified_date": "2011-12-16 08:11:32",
      "is_deleted": false,
      "user": 1,
      "access_right": 3
    }
  },
  {
    "pk": 618,
    "model": "mycontent.contentaccess",
    "fields": {
      "content": 617,
      "modified_date": "2011-12-05 16:32:17",
      "is_deleted": false,
      "user": 1,
      "access_right": 3
    }
  },
  {
    "pk": 561,
    "model": "mycontent.contentaccess",
    "fields": {
      "content": 171,
      "modified_date": "2011-12-02 18:59:39",
      "is_deleted": false,
      "user": 1,
      "access_right": 3
    }
  },
  {
    "pk": 614,
    "model": "mycontent.contentaccess",
    "fields": {
      "content": 613,
      "modified_date": "2011-11-29 08:56:24",
      "is_deleted": false,
      "user": 1,
      "access_right": 3
    }
  },
  {
    "pk": 604,
    "model": "mycontent.contentaccess",
    "fields": {
      "content": 603,
      "modified_date": "2011-11-24 08:21:37",
      "is_deleted": false,
      "user": 1,
      "access_right": 3
    }
  },
  {
    "pk": 573,
    "model": "mycontent.contentaccess",
    "fields": {
      "content": 51,
      "modified_date": "2011-11-22 12:22:49",
      "is_deleted": false,
      "user": 1,
      "access_right": 3
    }
  },
  {
    "pk": 590,
    "model": "mycontent.contentaccess",
    "fields": {
      "content": 589,
      "modified_date": "2011-10-17 15:05:57",
      "is_deleted": true,
      "user": 1,
      "access_right": 3
    }
  },
  {
    "pk": 584,
    "model": "mycontent.contentaccess",
    "fields": {
      "content": 583,
      "modified_date": "2011-10-17 14:30:01",
      "is_deleted": true,
      "user": 1,
      "access_right": 3
    }
  },
  {
    "pk": 553,
    "model": "mycontent.contentaccess",
    "fields": {
      "content": 551,
      "modified_date": "2011-10-17 12:13:24",
      "is_deleted": true,
      "user": 1,
      "access_right": 3
    }
  },
  {
    "pk": 556,
    "model": "mycontent.contentaccess",
    "fields": {
      "content": 54,
      "modified_date": "2011-10-13 13:57:47",
      "is_deleted": false,
      "user": 1,
      "access_right": 3
    }
  },
  {
    "pk": 557,
    "model": "mycontent.contentaccess",
    "fields": {
      "content": 195,
      "modified_date": "2011-10-11 12:52:50",
      "is_deleted": false,
      "user": 1,
      "access_right": 3
    }
  },
  {
    "pk": 558,
    "model": "mycontent.contentaccess",
    "fields": {
      "content": 296,
      "modified_date": "2011-10-11 12:50:35",
      "is_deleted": false,
      "user": 1,
      "access_right": 3
    }
  },
  {
    "pk": 559,
    "model": "mycontent.contentaccess",
    "fields": {
      "content": 200,
      "modified_date": "2011-10-11 12:08:53",
      "is_deleted": false,
      "user": 1,
      "access_right": 3
    }
  },
  {
    "pk": 560,
    "model": "mycontent.contentaccess",
    "fields": {
      "content": 328,
      "modified_date": "2011-10-11 08:10:30",
      "is_deleted": false,
      "user": 1,
      "access_right": 3
    }
  },
  {
    "pk": 562,
    "model": "mycontent.contentaccess",
    "fields": {
      "content": 48,
      "modified_date": "2011-10-10 13:04:54",
      "is_deleted": true,
      "user": 1,
      "access_right": 3
    }
  },
  {
    "pk": 564,
    "model": "mycontent.contentaccess",
    "fields": {
      "content": 438,
      "modified_date": "2011-09-29 09:39:24",
      "is_deleted": false,
      "user": 1,
      "access_right": 3
    }
  },
  {
    "pk": 565,
    "model": "mycontent.contentaccess",
    "fields": {
      "content": 435,
      "modified_date": "2011-09-27 07:55:27",
      "is_deleted": true,
      "user": 1,
      "access_right": 3
    }
  },
  {
    "pk": 566,
    "model": "mycontent.contentaccess",
    "fields": {
      "content": 421,
      "modified_date": "2011-09-22 14:30:09",
      "is_deleted": true,
      "user": 1,
      "access_right": 3
    }
  },
  {
    "pk": 567,
    "model": "mycontent.contentaccess",
    "fields": {
      "content": 191,
      "modified_date": "2011-09-22 09:27:49",
      "is_deleted": false,
      "user": 1,
      "access_right": 3
    }
  },
  {
    "pk": 568,
    "model": "mycontent.contentaccess",
    "fields": {
      "content": 416,
      "modified_date": "2011-09-21 10:46:23",
      "is_deleted": true,
      "user": 1,
      "access_right": 3
    }
  },
  {
    "pk": 569,
    "model": "mycontent.contentaccess",
    "fields": {
      "content": 402,
      "modified_date": "2011-09-21 08:51:09",
      "is_deleted": true,
      "user": 1,
      "access_right": 3
    }
  },
  {
    "pk": 570,
    "model": "mycontent.contentaccess",
    "fields": {
      "content": 399,
      "modified_date": "2011-09-21 07:24:08",
      "is_deleted": true,
      "user": 1,
      "access_right": 3
    }
  },
  {
    "pk": 571,
    "model": "mycontent.contentaccess",
    "fields": {
      "content": 396,
      "modified_date": "2011-09-21 07:23:48",
      "is_deleted": false,
      "user": 1,
      "access_right": 3
    }
  },
  {
    "pk": 572,
    "model": "mycontent.contentaccess",
    "fields": {
      "content": 168,
      "modified_date": "2011-09-20 13:57:05",
      "is_deleted": false,
      "user": 1,
      "access_right": 3
    }
  },
  {
    "pk": 574,
    "model": "mycontent.contentaccess",
    "fields": {
      "content": 319,
      "modified_date": "2011-09-09 16:15:50",
      "is_deleted": false,
      "user": 202,
      "access_right": 3
    }
  },
  {
    "pk": 575,
    "model": "mycontent.contentaccess",
    "fields": {
      "content": 60,
      "modified_date": "2011-08-29 21:54:48",
      "is_deleted": false,
      "user": 1,
      "access_right": 3
    }
  },
  {
    "pk": 576,
    "model": "mycontent.contentaccess",
    "fields": {
      "content": 184,
      "modified_date": "2011-08-29 08:59:32",
      "is_deleted": false,
      "user": 1,
      "access_right": 3
    }
  },
  {
    "pk": 577,
    "model": "mycontent.contentaccess",
    "fields": {
      "content": 165,
      "modified_date": "2011-08-15 13:30:16",
      "is_deleted": false,
      "user": 1,
      "access_right": 3
    }
  },
  {
    "pk": 578,
    "model": "mycontent.contentaccess",
    "fields": {
      "content": 162,
      "modified_date": "2011-08-15 13:29:57",
      "is_deleted": false,
      "user": 1,
      "access_right": 3
    }
  },
  {
    "pk": 579,
    "model": "mycontent.contentaccess",
    "fields": {
      "content": 57,
      "modified_date": "2011-08-10 19:55:33",
      "is_deleted": false,
      "user": 1,
      "access_right": 3
    }
  },
  {
    "pk": 580,
    "model": "mycontent.contentaccess",
    "fields": {
      "content": 9,
      "modified_date": "2011-08-04 19:09:33",
      "is_deleted": true,
      "user": 1,
      "access_right": 3
    }
  },
  {
    "pk": 390,
    "model": "mycontent.contentlabels",
    "fields": {
      "content": 16,
      "content_access": 580,
      "label": 361
    }
  },
  {
    "pk": 391,
    "model": "mycontent.contentlabels",
    "fields": {
      "content": 16,
      "content_access": 580,
      "label": 357
    }
  },
  {
    "pk": 392,
    "model": "mycontent.contentlabels",
    "fields": {
      "content": 16,
      "content_access": 580,
      "label": 358
    }
  },
  {
    "pk": 393,
    "model": "mycontent.contentlabels",
    "fields": {
      "content": 168,
      "content_access": 580,
      "label": 361
    }
  },
  {
    "pk": 409,
    "model": "mycontent.contentlabels",
    "fields": {
      "content": 296,
      "content_access": 580,
      "label": 360
    }
  },
  {
    "pk": 410,
    "model": "mycontent.contentlabels",
    "fields": {
      "content": 200,
      "content_access": 580,
      "label": 360
    }
  },
  {
    "pk": 411,
    "model": "mycontent.contentlabels",
    "fields": {
      "content": 195,
      "content_access": 580,
      "label": 360
    }
  },
  {
    "pk": 412,
    "model": "mycontent.contentlabels",
    "fields": {
      "content": 171,
      "content_access": 580,
      "label": 407
    }
  },
  {
    "pk": 413,
    "model": "mycontent.contentlabels",
    "fields": {
      "content": 191,
      "content_access": 580,
      "label": 407
    }
  },
  {
    "pk": 592,
    "model": "mycontent.contentlabels",
    "fields": {
      "content": 547,
      "content_access": 580,
      "label": 359
    }
  },
  {
    "pk": 595,
    "model": "mycontent.contentlabels",
    "fields": {
      "content": 4,
      "content_access": 580,
      "label": 407
    }
  },
  {
    "pk": 596,
    "model": "mycontent.contentlabels",
    "fields": {
      "content": 4,
      "content_access": 580,
      "label": 359
    }
  },
  {
    "pk": 632,
    "model": "mycontent.contentspace",
    "fields": {
      "content": 617,
      "is_deleted": false,
      "space": 621
    }
  },
  {
    "pk": 634,
    "model": "mycontent.contentspace",
    "fields": {
      "content": 613,
      "is_deleted": false,
      "space": 621
    }
  },
  {
    "pk": 635,
    "model": "mycontent.contentspace",
    "fields": {
      "content": 603,
      "is_deleted": false,
      "space": 621
    }
  },
  {
    "pk": 636,
    "model": "mycontent.contentspace",
    "fields": {
      "content": 51,
      "is_deleted": false,
      "space": 621
    }
  },
  {
    "pk": 637,
    "model": "mycontent.contentspace",
    "fields": {
      "content": 589,
      "is_deleted": true,
      "space": 621
    }
  },
  {
    "pk": 638,
    "model": "mycontent.contentspace",
    "fields": {
      "content": 583,
      "is_deleted": true,
      "space": 621
    }
  },
  {
    "pk": 639,
    "model": "mycontent.contentspace",
    "fields": {
      "content": 551,
      "is_deleted": true,
      "space": 621
    }
  },
  {
    "pk": 640,
    "model": "mycontent.contentspace",
    "fields": {
      "content": 54,
      "is_deleted": false,
      "space": 621
    }
  },
  {
    "pk": 644,
    "model": "mycontent.contentspace",
    "fields": {
      "content": 328,
      "is_deleted": false,
      "space": 621
    }
  },
  {
    "pk": 645,
    "model": "mycontent.contentspace",
    "fields": {
      "content": 48,
      "is_deleted": true,
      "space": 621
    }
  },
  {
    "pk": 646,
    "model": "mycontent.contentspace",
    "fields": {
      "content": 438,
      "is_deleted": false,
      "space": 621
    }
  },
  {
    "pk": 647,
    "model": "mycontent.contentspace",
    "fields": {
      "content": 435,
      "is_deleted": true,
      "space": 621
    }
  },
  {
    "pk": 648,
    "model": "mycontent.contentspace",
    "fields": {
      "content": 421,
      "is_deleted": true,
      "space": 621
    }
  },
  {
    "pk": 650,
    "model": "mycontent.contentspace",
    "fields": {
      "content": 416,
      "is_deleted": true,
      "space": 621
    }
  },
  {
    "pk": 651,
    "model": "mycontent.contentspace",
    "fields": {
      "content": 402,
      "is_deleted": true,
      "space": 621
    }
  },
  {
    "pk": 652,
    "model": "mycontent.contentspace",
    "fields": {
      "content": 399,
      "is_deleted": true,
      "space": 621
    }
  },
  {
    "pk": 653,
    "model": "mycontent.contentspace",
    "fields": {
      "content": 396,
      "is_deleted": false,
      "space": 621
    }
  },
  {
    "pk": 655,
    "model": "mycontent.contentspace",
    "fields": {
      "content": 60,
      "is_deleted": false,
      "space": 621
    }
  },
  {
    "pk": 656,
    "model": "mycontent.contentspace",
    "fields": {
      "content": 184,
      "is_deleted": false,
      "space": 621
    }
  },
  {
    "pk": 657,
    "model": "mycontent.contentspace",
    "fields": {
      "content": 165,
      "is_deleted": false,
      "space": 621
    }
  },
  {
    "pk": 658,
    "model": "mycontent.contentspace",
    "fields": {
      "content": 162,
      "is_deleted": false,
      "space": 621
    }
  },
  {
    "pk": 659,
    "model": "mycontent.contentspace",
    "fields": {
      "content": 57,
      "is_deleted": false,
      "space": 621
    }
  },
  {
    "pk": 660,
    "model": "mycontent.contentspace",
    "fields": {
      "content": 9,
      "is_deleted": true,
      "space": 621
    }
  },
  {
    "pk": 663,
    "model": "mycontent.contentspace",
    "fields": {
      "content": 319,
      "is_deleted": false,
      "space": 661
    }
  },
  {
    "pk": 677,
    "model": "mycontent.contentspace",
    "fields": {
      "content": 676,
      "is_deleted": false,
      "space": 621
    }
  },
  {
    "pk": 685,
    "model": "mycontent.contentspace",
    "fields": {
      "content": 684,
      "is_deleted": false,
      "space": 621
    }
  },
  {
    "pk": 701,
    "model": "mycontent.contentspace",
    "fields": {
      "content": 700,
      "is_deleted": false,
      "space": 661
    }
  },
  {
    "pk": 705,
    "model": "mycontent.contentspace",
    "fields": {
      "content": 704,
      "is_deleted": false,
      "space": 661
    }
  },
  {
    "pk": 731,
    "model": "mycontent.contentspace",
    "fields": {
      "content": 16,
      "is_deleted": false,
      "space": 621
    }
  },
  {
    "pk": 732,
    "model": "mycontent.contentspace",
    "fields": {
      "content": 168,
      "is_deleted": false,
      "space": 621
    }
  },
  {
    "pk": 733,
    "model": "mycontent.contentspace",
    "fields": {
      "content": 680,
      "is_deleted": false,
      "space": 621
    }
  },
  {
    "pk": 745,
    "model": "mycontent.contentspace",
    "fields": {
      "content": 195,
      "is_deleted": false,
      "space": 621
    }
  },
  {
    "pk": 746,
    "model": "mycontent.contentspace",
    "fields": {
      "content": 296,
      "is_deleted": false,
      "space": 621
    }
  },
  {
    "pk": 747,
    "model": "mycontent.contentspace",
    "fields": {
      "content": 200,
      "is_deleted": false,
      "space": 621
    }
  },
  {
    "pk": 748,
    "model": "mycontent.contentspace",
    "fields": {
      "content": 547,
      "is_deleted": false,
      "space": 621
    }
  },
  {
    "pk": 750,
    "model": "mycontent.contentspace",
    "fields": {
      "content": 171,
      "is_deleted": false,
      "space": 621
    }
  },
  {
    "pk": 751,
    "model": "mycontent.contentspace",
    "fields": {
      "content": 191,
      "is_deleted": false,
      "space": 621
    }
  },
  {
    "pk": 764,
    "model": "mycontent.contentspace",
    "fields": {
      "content": 715,
      "is_deleted": true,
      "space": 621
    }
  },
  {
    "pk": 768,
    "model": "mycontent.contentspace",
    "fields": {
      "content": 723,
      "is_deleted": false,
      "space": 621
    }
  },
  {
    "pk": 777,
    "model": "mycontent.contentspace",
    "fields": {
      "content": 719,
      "is_deleted": true,
      "space": 621
    }
  },
  {
    "pk": 784,
    "model": "mycontent.contentspace",
    "fields": {
      "content": 711,
      "is_deleted": false,
      "space": 621
    }
  },
  {
    "pk": 785,
    "model": "mycontent.contentspace",
    "fields": {
      "content": 696,
      "is_deleted": false,
      "space": 621
    }
  },
  {
    "pk": 786,
    "model": "mycontent.contentspace",
    "fields": {
      "content": 4,
      "is_deleted": false,
      "space": 621
    }
  },
  {
    "pk": 537,
    "model": "mycontent.contentlike",
    "fields": {
      "content": 184,
      "ip": "127.0.0.2",
      "date": "2011-10-12 08:36:02",
      "like": true,
      "rating": 2
    }
  },
  {
    "pk": 538,
    "model": "mycontent.contentlike",
    "fields": {
      "content": 184,
      "ip": "127.0.0.3",
      "date": "2011-10-12 08:36:13",
      "like": true,
      "rating": 1.5
    }
  },
  {
    "pk": 621,
    "model": "spaces.space",
    "fields": {
      "modified_date": "2011-12-21 09:46:28",
      "right": 6,
      "parent": null,
      "title": "admin",
      "top_level": 621,
      "created_date": "2011-12-19 11:42:25",
      "space_type": 1,
      "left": 1
    }
  },
  {
    "pk": 661,
    "model": "spaces.space",
    "fields": {
      "modified_date": "2011-12-19 11:42:26",
      "right": 2,
      "parent": null,
      "title": "ala",
      "top_level": 661,
      "created_date": "2011-12-19 11:42:26",
      "space_type": 1,
      "left": 1
    }
  },
  {
    "pk": 664,
    "model": "spaces.space",
    "fields": {
      "modified_date": "2011-12-19 11:42:26",
      "right": 2,
      "parent": null,
      "title": "aaa",
      "top_level": 664,
      "created_date": "2011-12-19 11:42:26",
      "space_type": 1,
      "left": 1
    }
  },
  {
    "pk": 666,
    "model": "spaces.space",
    "fields": {
      "modified_date": "2011-12-19 11:42:26",
      "right": 2,
      "parent": null,
      "title": "bbb",
      "top_level": 666,
      "created_date": "2011-12-19 11:42:26",
      "space_type": 1,
      "left": 1
    }
  },
  {
    "pk": 668,
    "model": "spaces.space",
    "fields": {
      "modified_date": "2011-12-19 11:42:26",
      "right": 2,
      "parent": null,
      "title": "www",
      "top_level": 668,
      "created_date": "2011-12-19 11:42:26",
      "space_type": 1,
      "left": 1
    }
  },
  {
    "pk": 670,
    "model": "spaces.space",
    "fields": {
      "modified_date": "2011-12-19 11:42:27",
      "right": 2,
      "parent": null,
      "title": "www2",
      "top_level": 670,
      "created_date": "2011-12-19 11:42:27",
      "space_type": 1,
      "left": 1
    }
  },
  {
    "pk": 672,
    "model": "spaces.space",
    "fields": {
      "modified_date": "2011-12-19 11:42:27",
      "right": 2,
      "parent": null,
      "title": "aasd",
      "top_level": 672,
      "created_date": "2011-12-19 11:42:27",
      "space_type": 1,
      "left": 1
    }
  },
  {
    "pk": 692,
    "model": "spaces.space",
    "fields": {
      "modified_date": "2011-12-19 14:49:07",
      "right": 2,
      "parent": null,
      "title": "test",
      "top_level": 692,
      "created_date": "2011-12-19 14:49:07",
      "space_type": 1,
      "left": 1
    }
  },
  {
    "pk": 770,
    "model": "spaces.space",
    "fields": {
      "modified_date": "2011-12-21 09:46:25",
      "right": 3,
      "parent": 621,
      "title": "A",
      "top_level": 621,
      "created_date": "2011-12-21 09:46:25",
      "space_type": 1,
      "left": 2
    }
  },
  {
    "pk": 772,
    "model": "spaces.space",
    "fields": {
      "modified_date": "2011-12-21 09:46:28",
      "right": 5,
      "parent": 621,
      "title": "B",
      "top_level": 621,
      "created_date": "2011-12-21 09:46:28",
      "space_type": 1,
      "left": 4
    }
  },
  {
    "pk": 773,
    "model": "spaces.space",
    "fields": {
      "modified_date": "2011-12-21 09:46:28",
      "right": 2,
      "parent": null,
      "title": "Corporate",
      "top_level": 773,
      "created_date": "2011-12-21 09:46:28",
      "space_type": 3,
      "left": 1
    }
  },
  {
    "pk": 774,
    "model": "spaces.space",
    "fields": {
      "modified_date": "2011-12-21 09:46:28",
      "right": 2,
      "parent": null,
      "title": "Corporate",
      "top_level": 774,
      "created_date": "2011-12-21 09:46:28",
      "space_type": 3,
      "left": 1
    }
  },
  {
    "pk": 622,
    "model": "spaces.spaceaccess",
    "fields": {
      "modified_date": "2011-12-19 11:42:25",
      "is_deleted": false,
      "space": 621,
      "user": 1,
      "created_date": "2011-12-19 11:42:25",
      "access_right": 3
    }
  },
  {
    "pk": 774,
    "model": "spaces.spaceaccess",
    "fields": {
      "modified_date": "2011-12-19 11:42:25",
      "is_deleted": false,
      "space": 773,
      "user": 1,
      "created_date": "2011-12-19 11:42:25",
      "access_right": 3
    }
  },
  {
    "pk": 662,
    "model": "spaces.spaceaccess",
    "fields": {
      "modified_date": "2011-12-19 11:42:26",
      "is_deleted": false,
      "space": 661,
      "user": 202,
      "created_date": "2011-12-19 11:42:26",
      "access_right": 3
    }
  },
  {
    "pk": 665,
    "model": "spaces.spaceaccess",
    "fields": {
      "modified_date": "2011-12-19 11:42:26",
      "is_deleted": false,
      "space": 664,
      "user": 204,
      "created_date": "2011-12-19 11:42:26",
      "access_right": 3
    }
  },
  {
    "pk": 667,
    "model": "spaces.spaceaccess",
    "fields": {
      "modified_date": "2011-12-19 11:42:26",
      "is_deleted": false,
      "space": 666,
      "user": 254,
      "created_date": "2011-12-19 11:42:26",
      "access_right": 3
    }
  },
  {
    "pk": 669,
    "model": "spaces.spaceaccess",
    "fields": {
      "modified_date": "2011-12-19 11:42:26",
      "is_deleted": false,
      "space": 668,
      "user": 261,
      "created_date": "2011-12-19 11:42:26",
      "access_right": 3
    }
  },
  {
    "pk": 671,
    "model": "spaces.spaceaccess",
    "fields": {
      "modified_date": "2011-12-19 11:42:27",
      "is_deleted": false,
      "space": 670,
      "user": 263,
      "created_date": "2011-12-19 11:42:27",
      "access_right": 3
    }
  },
  {
    "pk": 673,
    "model": "spaces.spaceaccess",
    "fields": {
      "modified_date": "2011-12-19 11:42:27",
      "is_deleted": false,
      "space": 672,
      "user": 267,
      "created_date": "2011-12-19 11:42:27",
      "access_right": 3
    }
  },
  {
    "pk": 693,
    "model": "spaces.spaceaccess",
    "fields": {
      "modified_date": "2011-12-19 14:49:07",
      "is_deleted": false,
      "space": 692,
      "user": 690,
      "created_date": "2011-12-19 14:49:07",
      "access_right": 3
    }
  },
  {
    "pk": 771,
    "model": "spaces.spaceaccess",
    "fields": {
      "modified_date": "2011-12-21 09:46:25",
      "is_deleted": false,
      "space": 770,
      "user": 1,
      "created_date": "2011-12-21 09:46:25",
      "access_right": 3
    }
  },
  {
    "pk": 773,
    "model": "spaces.spaceaccess",
    "fields": {
      "modified_date": "2011-12-21 09:46:28",
      "is_deleted": false,
      "space": 772,
      "user": 1,
      "created_date": "2011-12-21 09:46:28",
      "access_right": 3
    }
  },
  {
    "pk": 2,
    "model": "filestorage.filestorage",
    "fields": {
      "owner": 1,
      "modified_date": "2011-12-16 08:11:37",
      "content_type": "text/xml",
      "contents": "<?xml version='1.0' encoding='UTF-8' ?><page layout='pixels'><modules><buttonModule id='wA7hZ8' left='512' top='352' width='57' height='39' style=''><button type='nextPage' text='' onclick=''/></buttonModule><textModule id='Hyfyrh' left='27' top='60' width='381' height='235' style=''><text>&lt;div style=&quot;text-align: left;&quot;&gt;1. She {{1:don&apos;t}} like icecream.&lt;br&gt;&lt;br&gt;2. We {{1:have}} 2 dogs.&lt;br&gt;&lt;br&gt;3. Where have you {{1:been}}?&lt;br&gt;&lt;br&gt;4. Do you {{1:like}} swimming?&lt;br&gt;&lt;br&gt;5. How old {{1:are}} you?&lt;br&gt;&lt;/div&gt;</text></textModule><textModule id='lnafqI' left='32' top='310' width='375' height='25' style=''><text>&lt;div style=&quot;text-align: left;&quot;&gt;&lt;span style=&quot;font-weight: bold;&quot;&gt;are, been, have, like, likes&lt;/span&gt;&lt;br&gt;&lt;/div&gt;</text></textModule><textModule id='tW1YGp' left='20' top='6' width='539' height='39' style=''><text>&lt;div style=&quot;text-align: left;&quot;&gt;Fill the blanks with the right word&lt;br&gt;&lt;/div&gt;</text></textModule><buttonModule id='hSgcud' left='269' top='339' width='57' height='39' style=''><button type='checkAnswers' text='' onclick=''/></buttonModule><buttonModule id='6IPW0T' left='345' top='338' width='57' height='39' style=''><button type='reset' text='' onclick=''/></buttonModule><buttonModule id='kklhKy' left='511' top='281' width='57' height='39' style=''><button type='popup' text='' onclick='popup'/></buttonModule><buttonModule id='a9L6IE' left='459' top='104' width='91' height='79' style='' class='myButton'><button type='nextPage' text='' onclick=''/></buttonModule></modules></page>",
      "created_date": "2011-08-04 16:49:51"
    }
  },
  {
    "pk": 3,
    "model": "filestorage.filestorage",
    "fields": {
      "owner": 1,
      "modified_date": "2011-12-07 15:15:42",
      "content_type": "text/xml",
      "contents": "<?xml version='1.0' encoding='UTF-8' ?><interactiveContent><metadata></metadata><libs></libs><style>.ic_page{\n\twidth:\t578px;\n\theight:\t398px;\n\tbackground-image:url(&apos;/file/serve/308&apos;);\n\tfont-size: 18px;\n\tcolor: #72500e;\n\tborder: 1px solid #72500e;\n}\n\n.myButton{\nbackground-color:red;\n}\n\n.myButton-up-hovering{background-color:blue;}\n</style><pages><page name='Gap filling' href='2'/><page name='Inline choice' href='325'/><page name='Report Page' href='279'/><page name='popup' href='345'/></pages><assets></assets></interactiveContent>",
      "created_date": "2011-08-04 16:49:51"
    }
  },
  {
    "pk": 7,
    "model": "filestorage.filestorage",
    "fields": {
      "owner": 1,
      "modified_date": "2011-08-15 09:47:08",
      "content_type": "text/xml",
      "contents": "<?xml version='1.0' encoding='UTF-8' ?><page><modules><textModule id='9OiUfp' left='3.6652977412731262' top='61.49794801641597' width='31.3552361396303' height='36.12859097127231' style=''><text>Tu jest przykadowy tekst bez adnego dodatkowego formatowania&lt;br&gt;Tu jest przykadowy tekst bez adnego dodatkowego formatowania&lt;br&gt;&lt;br&gt;&lt;br&gt;Tu jest przykadowy tekst bez adnego dodatkowego formatowania&lt;br&gt;Tu jest przykadowy tekst bez adnego dodatkowego formatowania&lt;br&gt;Tu jest przykadowy tekst bez adnego dodatkowego formatowania&lt;br&gt;&lt;br&gt;</text></textModule><imageModule id='esGwAW' left='49.76386036961' top='0.0752393980848245' width='51.68377823408625' height='101.65526675786663' style=''><image src='/file/serve/13'/></imageModule><shapeModule id='6Jb4o3' left='0.3798767967145763' top='0.6224350205198361' width='10' height='10' style='background-color:yellow'></shapeModule><buttonModule id='nv6rRw' left='11.673511293634478' top='0.7592339261285912' width='10' height='10' style=''><button type='nextPage' text='Przycisk'/></buttonModule><shapeModule id='ffokNz' left='11.776180698151924' top='12.660738714090279' width='10' height='10' style='background-color:yellow'></shapeModule><buttonModule id='cPuhg2' left='9' top='36.33333333333338' width='10' height='10' style=''><button type='prevPage' text=''/></buttonModule></modules></page>",
      "created_date": "2011-08-04 19:09:33"
    }
  },
  {
    "pk": 8,
    "model": "filestorage.filestorage",
    "fields": {
      "owner": 1,
      "modified_date": "2011-08-15 09:46:35",
      "content_type": "text/xml",
      "contents": "<?xml version='1.0' encoding='UTF-8' ?><interactiveContent><style href='/media/content/styles/white/content.css'/><pages><page name='page 1' href='7'/><page name='new page' href='40'/><page name='new page' href='91'/></pages></interactiveContent>",
      "created_date": "2011-08-04 19:09:33"
    }
  },
  {
    "pk": 14,
    "model": "filestorage.filestorage",
    "fields": {
      "owner": 1,
      "modified_date": "2011-08-06 05:26:28",
      "content_type": "text/xml",
      "contents": "[\"<?xml version='1.0' encoding='UTF-8' ?><page><modules><textModule left='6.334702258726948' top='14.439124487004083' width='52.094455852156194' height='35.718194254446026' style=''><text>To jest tekst normalny . &lt;font size=&quot;5&quot;&gt;A to jest tekst large&lt;/font&gt; &lt;font size=&quot;6&quot;&gt;X-Large&lt;/font&gt;&amp;nbsp; &lt;font size=&quot;3&quot;&gt;oraz &lt;font size=&quot;7&quot;&gt;XX-Large&lt;/font&gt; &lt;br&gt;&lt;br&gt;A to jest small&lt;/font&gt; oraz &lt;font size=&quot;2&quot;&gt;x-small&lt;/font&gt; i oczywi\\xc5\\x9bcie &lt;font size=&quot;1&quot;&gt;xx-small&lt;/font&gt;&lt;br&gt;</text></textModule><choiceModule id='null' left='46.889117043121175' top='66.42270861833116' width='17.0841889117043' height='14.377564979480155' style=''><option value='1'>Pies</option><option value='2'>Kot</option><option value='3'>Ko\\xc5\\x84</option><option value='4'>\\xc5\\x82o\\xc5\\x9b</option></choiceModule><textModule left='32.41273100616' top='59.17236662106717' width='42.8542094455852' height='5.8960328317373545' style=''><text>&lt;div style=&quot;text-align: center;&quot;&gt;Ulubione zwierz\\xc4\\x99:&lt;br&gt;&lt;/div&gt;</text></textModule></modules></page>\"]",
      "created_date": "2011-08-05 10:42:06"
    }
  },
  {
    "pk": 15,
    "model": "filestorage.filestorage",
    "fields": {
      "owner": 1,
      "modified_date": "2011-12-06 12:23:11",
      "content_type": "text/xml",
      "contents": "<?xml version='1.0' encoding='UTF-8' ?><interactiveContent><metadata><entry key='theme.href' value='/file/199'/></metadata><libs></libs><style>.ic_page{\n\twidth:\t578px;\n\theight:\t398px;\n\tbackground-image:url(&apos;/file/serve/308&apos;);\n\tfont-size: 18px;\n\tcolor: #72500e;\n\tborder: 1px solid #72500e;\n}\n\n.ic_button_nextpage{\n\tbackground-image\t:url(&apos;/file/serve/480&apos;);\n\tbackground-repeat\t:no-repeat;\n\tbackground-position\t:center;\n \t}\n\n.ic_button_prevpage{\n\tbackground-image\t:url(&apos;/file/serve/482&apos;);\n\tbackground-repeat\t:no-repeat;\n\tbackground-position\t:center;\n \t}\n\n</style><pages><page name='Wprowadzenie' href='20'/><page name='7. Doberman' href='26'/><page name='4. Golden retriver' href='21'/><page name='test' href='35'/><page name='new page' href='488'/><page name='new page' href='497'/></pages><assets><asset href='/file/serve/354'/></assets></interactiveContent>",
      "created_date": "2011-08-05 10:42:06"
    }
  },
  {
    "pk": 17,
    "model": "filestorage.filestorage",
    "fields": {
      "owner": 1,
      "modified_date": "2011-08-06 10:22:17",
      "content_type": "text/xml",
      "contents": "<?xml version='1.0' encoding='UTF-8' ?><page><modules><textModule left='5' top='5' width='78.6858316221766' height='75.66347469220239' style=''><text>&lt;b&gt;&lt;a href=&quot;http://en.wikipedia.org/wiki/HMS_Lion_%281910%29&quot; title=&quot;HMS Lion (1910)&quot;&gt;HMS &lt;i&gt;Lion&lt;/i&gt;&lt;/a&gt;&lt;/b&gt; was a &lt;a href=&quot;http://en.wikipedia.org/wiki/Battlecruiser&quot; title=&quot;Battlecruiser&quot;&gt;battlecruiser&lt;/a&gt; of the &lt;a href=&quot;http://en.wikipedia.org/wiki/Royal_Navy&quot; title=&quot;Royal Navy&quot;&gt;Royal Navy&lt;/a&gt;, the &lt;a href=&quot;http://en.wikipedia.org/wiki/Lead_ship&quot; title=&quot;Lead ship&quot;&gt;lead ship&lt;/a&gt; of &lt;a href=&quot;http://en.wikipedia.org/wiki/Lion_class_battlecruiser&quot; title=&quot;Lion class battlecruiser&quot;&gt;her class&lt;/a&gt;. &lt;i&gt;Lion&lt;/i&gt; served as the &lt;a href=&quot;http://en.wikipedia.org/wiki/Flagship&quot; title=&quot;Flagship&quot;&gt;flagship&lt;/a&gt; of the &lt;a href=&quot;http://en.wikipedia.org/wiki/Grand_Fleet&quot; title=&quot;Grand Fleet&quot;&gt;Grand Fleet&lt;/a&gt;&apos;s battlecruisers throughout World War&amp;nbsp;I, except when she was being refitted or under repair. She sank the German &lt;a href=&quot;http://en.wikipedia.org/wiki/Light_cruiser&quot; title=&quot;Light cruiser&quot;&gt;light cruiser&lt;/a&gt; &lt;a href=&quot;http://en.wikipedia.org/wiki/SMS_K%C3%B6ln_%281909%29&quot; title=&quot;SMS Kln (1909)&quot; class=&quot;mw-redirect&quot;&gt;&lt;i&gt;Kln&lt;/i&gt;&lt;/a&gt; during the &lt;a href=&quot;http://en.wikipedia.org/wiki/Battle_of_Heligoland_Bight_%281914%29&quot; title=&quot;Battle of Heligoland Bight (1914)&quot;&gt;Battle of Heligoland Bight&lt;/a&gt; and served as &lt;a href=&quot;http://en.wikipedia.org/wiki/Vice_Admiral&quot; title=&quot;Vice Admiral&quot;&gt;Vice Admiral&lt;/a&gt; &lt;a href=&quot;http://en.wikipedia.org/wiki/David_Beatty,_1st_Earl_Beatty&quot; title=&quot;David Beatty, 1st Earl Beatty&quot;&gt;Beatty&lt;/a&gt;&apos;s &lt;a href=&quot;http://en.wikipedia.org/wiki/Flagship&quot; title=&quot;Flagship&quot;&gt;flagship&lt;/a&gt; at the battles of &lt;a href=&quot;http://en.wikipedia.org/wiki/Battle_of_Dogger_Bank_%281915%29&quot; title=&quot;Battle of Dogger Bank (1915)&quot;&gt;Dogger Bank&lt;/a&gt; and &lt;a href=&quot;http://en.wikipedia.org/wiki/Battle_of_Jutland&quot; title=&quot;Battle of Jutland&quot;&gt;Jutland&lt;/a&gt;. She was so badly damaged at the first of these battles that she had to be towed back to port by the battlecruiser &lt;a href=&quot;http://en.wikipedia.org/wiki/HMS_Indomitable_%281907%29&quot; title=&quot;HMS Indomitable (1907)&quot;&gt;&lt;i&gt;Indomitable&lt;/i&gt;&lt;/a&gt;\n",
      "created_date": "2011-08-05 21:13:40"
    }
  },
  {
    "pk": 18,
    "model": "filestorage.filestorage",
    "fields": {
      "owner": 1,
      "modified_date": "2011-08-06 10:27:18",
      "content_type": "text/xml",
      "contents": "[\"<?xml version='1.0' encoding='UTF-8' ?><page><modules><textModule left='5' top='5' width='57.6386036960986' height='61.43638850889195' style=''><text></text></textModule></modules></page>\"]",
      "created_date": "2011-08-06 10:27:13"
    }
  },
  {
    "pk": 19,
    "model": "filestorage.filestorage",
    "fields": {
      "owner": 1,
      "modified_date": "2011-08-06 10:36:34",
      "content_type": "text/xml",
      "contents": "<?xml version='1.0' encoding='UTF-8' ?><page><modules></modules></page>",
      "created_date": "2011-08-06 10:27:18"
    }
  },
  {
    "pk": 20,
    "model": "filestorage.filestorage",
    "fields": {
      "owner": 1,
      "modified_date": "2011-12-16 08:11:07",
      "content_type": "text/xml",
      "contents": "<?xml version='1.0' encoding='UTF-8' ?><page layout='pixels'><modules><textModule id='xswsnz' left='23' top='5' width='305' height='40' style=''><text>&lt;div style=&quot;text-align: center;&quot;&gt;7 Najpopularniejszych ras psw w Polsce&lt;br&gt;&lt;/div&gt;</text></textModule><textModule id='kQN1U0' left='52' top='57' width='239' height='260' style='font-size:20px;overflow: auto;'><text>W Polskim Zwizku Kynologicznym zarejestrowanych jest 100 tys. psw \nrasowych. Ale to tylko uamek wszystkich tych zwierzakw w Polsce. Szacuje si, e mamy ich okoo 6 mln.&lt;br&gt;&lt;br&gt;A jakie rasy s najbardziej popularne?&lt;br&gt;Aby si o tym przekona zapraszam do listy 7 najpopularniejszych ras w Polsce&lt;br&gt;</text></textModule><imageModule id='Rhk5ao' left='312' top='83' width='215' height='250' style='overflow: auto;'><image src='/file/serve/25'/></imageModule><buttonModule id='Q5Y3Of' left='511' top='353' width='59' height='39' style=''><button type='nextPage' text='' onclick=''/></buttonModule><textModule id='H1UCHp' left='367' top='16' width='151' height='47' style=''><text>&lt;font size=&quot;3&quot;&gt;A to jest tekst z inn mniejsz czcionk&lt;/font&gt;&lt;br&gt;</text></textModule><textModule id='ZfmDTW' left='35' top='339' width='266' height='46' style=''><text>[[4. Golden retriver|Przejd do golden Retriver]]&lt;br&gt;</text></textModule></modules></page>",
      "created_date": "2011-08-06 10:36:34"
    }
  },
  {
    "pk": 21,
    "model": "filestorage.filestorage",
    "fields": {
      "owner": 1,
      "modified_date": "2011-12-16 08:11:10",
      "content_type": "text/xml",
      "contents": "<?xml version='1.0' encoding='UTF-8' ?><page layout='pixels'><modules><imageModule id='CNEYZ9' left='98' top='67' width='397' height='279' style=''><image src='/file/serve/23'/></imageModule><buttonModule id='J7EKWX' left='3' top='183' width='57' height='39' style=''><button type='prevPage' text='' onclick=''/></buttonModule><textModule id='qCSzlG' left='34' top='6' width='523' height='39' style=''><text>Miejsce 4. Golden retriver&lt;br&gt;</text></textModule></modules></page>",
      "created_date": "2011-08-06 10:36:35"
    }
  },
  {
    "pk": 26,
    "model": "filestorage.filestorage",
    "fields": {
      "owner": 1,
      "modified_date": "2011-10-11 12:06:59",
      "content_type": "text/xml",
      "contents": "<?xml version='1.0' encoding='UTF-8' ?><page><modules><textModule id='FlsHP5' left='5.102669404517454' top='4.316005471956226' width='91.62217659137593' height='8.768809849521206' style=''><text>&lt;div style=&quot;text-align: center;&quot;&gt;Miejsce 7. Doberman&lt;br&gt;&lt;/div&gt;</text></textModule><imageModule id='5Un6MV' left='14.650924024640606' top='16.08071135430916' width='73.03901437371661' height='65.54035567715472' style=''><image src='/file/serve/28'/></imageModule><buttonModule id='Y31S25' left='0.9958932238192996' top='42.619699042407824' width='10' height='10' style=''><button type='prevPage' text='' onclick=''/></buttonModule><buttonModule id='ztkpe2' left='88.98357289527749' top='43.71409028727777' width='10' height='10' style=''><button type='nextPage' text='' onclick=''/></buttonModule></modules></page>",
      "created_date": "2011-08-06 11:18:13"
    }
  },
  {
    "pk": 29,
    "model": "filestorage.filestorage",
    "fields": {
      "owner": 1,
      "modified_date": "2011-08-07 14:01:24",
      "content_type": "text/xml",
      "contents": "<?xml version='1.0' encoding='UTF-8' ?><page><modules><shapeModule left='41.96098562628355' top='46.997264021887915' width='57.12525667351138' height='51.99726402188798' style='background-color: yellow'></shapeModule></modules></page>",
      "created_date": "2011-08-06 12:14:29"
    }
  },
  {
    "pk": 31,
    "model": "filestorage.filestorage",
    "fields": {
      "owner": 1,
      "modified_date": "2011-08-07 14:00:50",
      "content_type": "text/xml",
      "contents": "<?xml version='1.0' encoding='UTF-8' ?><page><modules><textModule left='5' top='5' width='90' height='7' style=''><text>&lt;div style=&quot;text-align: center;&quot;&gt;Lorem ipsum...&lt;/div&gt;</text></textModule><buttonModule left='4.182751540041069' top='15.435020519835549' width='9' height='69' style=''><button type='prevPage' text=''/></buttonModule><buttonModule left='90' top='92' width='9' height='6' style=''><button type='nextPage' text=''/></buttonModule></modules></page>",
      "created_date": "2011-08-07 14:00:33"
    }
  },
  {
    "pk": 32,
    "model": "filestorage.filestorage",
    "fields": {
      "owner": 1,
      "modified_date": "2011-08-07 14:02:38",
      "content_type": "text/xml",
      "contents": "<?xml version='1.0' encoding='UTF-8' ?><page><modules><textModule left='5' top='5' width='90' height='7' style=''><text>&lt;div style=&quot;text-align: center;&quot;&gt;Lorem ipsum...&lt;/div&gt;</text></textModule><buttonModule left='1' top='93' width='9' height='6' style=''><button type='prevPage' text=''/></buttonModule><buttonModule left='90' top='92' width='9' height='6' style=''><button type='nextPage' text=''/></buttonModule></modules></page>",
      "created_date": "2011-08-07 14:01:25"
    }
  },
  {
    "pk": 33,
    "model": "filestorage.filestorage",
    "fields": {
      "owner": 1,
      "modified_date": "2011-08-07 14:02:38",
      "content_type": "text/xml",
      "contents": "<?xml version='1.0' encoding='UTF-8' ?><page><modules><textModule left='5' top='5' width='90' height='7' style=''><text>&lt;div style=&quot;text-align: center;&quot;&gt;Lorem ipsum...&lt;/div&gt;</text></textModule><buttonModule left='1' top='93' width='9' height='6' style=''><button type='prevPage' text=''/></buttonModule><buttonModule left='90' top='93' width='9' height='6' style=''><button type='nextPage' text=''/></buttonModule></modules></page>",
      "created_date": "2011-08-07 14:02:12"
    }
  },
  {
    "pk": 34,
    "model": "filestorage.filestorage",
    "fields": {
      "owner": 1,
      "modified_date": "2011-08-07 14:02:37",
      "content_type": "text/xml",
      "contents": "<?xml version='1.0' encoding='UTF-8' ?><page><modules><textModule left='5' top='3' width='90' height='7' style=''><text>&lt;div style=&quot;text-align: center;&quot;&gt;Lorem ipsum...&lt;/div&gt;</text></textModule><buttonModule left='1' top='93' width='9' height='6' style=''><button type='prevPage' text=''/></buttonModule><buttonModule left='90' top='93' width='9' height='6' style=''><button type='nextPage' text=''/></buttonModule></modules></page>",
      "created_date": "2011-08-07 14:02:33"
    }
  },
  {
    "pk": 35,
    "model": "filestorage.filestorage",
    "fields": {
      "owner": 1,
      "modified_date": "2011-12-16 08:11:08",
      "content_type": "text/xml",
      "contents": "<?xml version='1.0' encoding='UTF-8' ?><page layout='pixels'><modules><textModule id='dNqMxJ' left='28' top='11' width='520' height='27' style=''><text>&lt;div style=&quot;text-align: center;&quot;&gt;Lorem ipsum...&lt;/div&gt;</text></textModule><buttonModule id='zjIfZa' left='5' top='370' width='52' height='23' style=''><button type='prevPage' text='' onclick=''/></buttonModule><buttonModule id='MH9KrT' left='520' top='370' width='52' height='23' style=''><button type='nextPage' text='' onclick=''/></buttonModule><choiceModule id='9gxxAY' left='103' top='92' width='261' height='85' style=''><option value='0'>dsdfsdf</option><option value='0'>sfdsdfsdf</option><option value='0'>sdfsdfsdf</option></choiceModule><imageModule id='bJZVfg' left='100' top='208' width='190' height='154' style=''><image src='/file/serve/354'/></imageModule></modules></page>",
      "created_date": "2011-08-07 14:02:46"
    }
  },
  {
    "pk": 40,
    "model": "filestorage.filestorage",
    "fields": {
      "owner": 1,
      "modified_date": "2011-08-15 09:47:11",
      "content_type": "text/xml",
      "contents": "<?xml version='1.0' encoding='UTF-8' ?><page><modules><textModule id='c0n0Wx' left='5' top='3' width='90' height='7' style=''><text>&lt;div style=&quot;text-align: center;&quot;&gt;Lorem ipsum...&lt;/div&gt;</text></textModule><buttonModule id='lCegDd' left='1' top='93' width='9' height='6' style=''><button type='prevPage' text=''/></buttonModule><buttonModule id='OZuAUT' left='90' top='93' width='9' height='6' style=''><button type='nextPage' text=''/></buttonModule><imageModule id='OLZakn' left='43.875' top='23.99999999999999' width='33.625' height='41.83333333333332' style=''><image src='/file/serve/43'/></imageModule><imageModule id='IRs3vJ' left='45.75' top='25.999999999999932' width='29.875' height='36.66666666666667' style=''><image src='/file/serve/45'/></imageModule></modules></page>",
      "created_date": "2011-08-08 20:26:28"
    }
  },
  {
    "pk": 46,
    "model": "filestorage.filestorage",
    "fields": {
      "owner": 1,
      "modified_date": "2011-10-10 13:05:26",
      "content_type": "text/xml",
      "contents": "<?xml version='1.0' encoding='UTF-8' ?><page><modules><textModule id='ZguoY3' left='5' top='3' width='90' height='7' style=''><text>&lt;div style=&quot;text-align: center;&quot;&gt;Title&lt;/div&gt;</text></textModule><buttonModule id='qbYnN3' left='1' top='93' width='9' height='6' style=''><button type='prevPage' text='' onclick=''/></buttonModule><buttonModule id='YNfDxq' left='90' top='93' width='9' height='6' style=''><button type='nextPage' text='' onclick=''/></buttonModule><imageModule id='Co96Pf' left='13.823529411764715' top='32.88944723618091' width='44.2560553633218' height='55.22613065326632' style=''><image src='/file/serve/476'/></imageModule></modules></page>",
      "created_date": "2011-08-10 19:52:52"
    }
  },
  {
    "pk": 47,
    "model": "filestorage.filestorage",
    "fields": {
      "owner": 1,
      "modified_date": "2011-10-10 13:05:26",
      "content_type": "text/xml",
      "contents": "<?xml version='1.0' encoding='UTF-8' ?><interactiveContent><pages><page name='page 1' href='46'/></pages><assets><asset href='/file/serve/476'/></assets></interactiveContent>",
      "created_date": "2011-08-10 19:52:52"
    }
  },
  {
    "pk": 49,
    "model": "filestorage.filestorage",
    "fields": {
      "owner": 1,
      "modified_date": "2011-11-22 12:22:51",
      "content_type": "text/xml",
      "contents": "<?xml version='1.0' encoding='UTF-8' ?><page><modules><textModule id='C6k2bJ' left='5' top='3' width='90' height='7' style=''><text>&lt;div style=&quot;text-align: left;&quot;&gt;Title&lt;/div&gt;</text></textModule><imageModule id='MCmQPy' left='28.702422145328764' top='29.120603015075353' width='43.737024221453325' height='55.22613065326625' style=''><image src='/file/serve/349'/></imageModule><buttonModule id='CzQOEJ' left='8.287197231833918' top='32.386934673366774' width='10' height='10' style=''><button type='popup' text='' onclick='popup'/></buttonModule><buttonModule id='tOn3ok' left='81.98961937716267' top='84.8994974874373' width='10' height='10' style=''><button type='gotoPage' text='' onclick='page2'/></buttonModule></modules></page>",
      "created_date": "2011-08-10 14:53:42"
    }
  },
  {
    "pk": 50,
    "model": "filestorage.filestorage",
    "fields": {
      "owner": 1,
      "modified_date": "2011-11-22 12:23:00",
      "content_type": "text/xml",
      "contents": "<?xml version='1.0' encoding='UTF-8' ?><interactiveContent><metadata></metadata><libs></libs><pages><page name='page 1' href='49'/><page name='popup' href='350'/><page name='page2' href='597'/><page name='page 3' href='598'/></pages><assets><asset href='/file/serve/349'/></assets></interactiveContent>",
      "created_date": "2011-08-10 14:53:42"
    }
  },
  {
    "pk": 52,
    "model": "filestorage.filestorage",
    "fields": {
      "owner": 1,
      "modified_date": "2011-10-12 14:12:55",
      "content_type": "text/xml",
      "contents": "<?xml version='1.0' encoding='UTF-8' ?><page><modules><textModule id='gwTJfH' left='5' top='3' width='90' height='7' style=''><text>&lt;div style=&quot;text-align: center;&quot;&gt;Title&lt;/div&gt;</text></textModule><buttonModule id='OBqXYu' left='1' top='93' width='9' height='6' style=''><button type='prevPage' text='' onclick=''/></buttonModule><buttonModule id='Cz9VTE' left='90' top='93' width='9' height='6' style=''><button type='nextPage' text='' onclick=''/></buttonModule></modules></page>",
      "created_date": "2011-08-10 14:54:45"
    }
  },
  {
    "pk": 53,
    "model": "filestorage.filestorage",
    "fields": {
      "owner": 1,
      "modified_date": "2011-10-13 13:40:05",
      "content_type": "text/xml",
      "contents": "<?xml version='1.0' encoding='UTF-8' ?><interactiveContent><metadata></metadata><pages><page name='new page' href='539'/><page name='page 2' href='540'/><page name='new page' href='541'/></pages><assets><asset href='/file/serve/543'/></assets></interactiveContent>",
      "created_date": "2011-08-10 14:54:45"
    }
  },
  {
    "pk": 55,
    "model": "filestorage.filestorage",
    "fields": {
      "owner": 1,
      "modified_date": "2011-08-12 13:05:56",
      "content_type": "text/xml",
      "contents": "<?xml version='1.0' encoding='UTF-8' ?><page><modules><textModule id='9B4WZI' left='5' top='3' width='90' height='7' style=''><text>&lt;div style=&quot;text-align: center;&quot;&gt;Title&lt;/div&gt;</text></textModule><buttonModule id='tW937H' left='1' top='93' width='9' height='6' style=''><button type='prevPage' text=''/></buttonModule><buttonModule id='3g5yG8' left='90' top='93' width='9' height='6' style=''><button type='nextPage' text=''/></buttonModule><imageModule id='zzTKrn' left='21.75' top='32.999999999999986' width='10' height='10' style=''><image src=''/></imageModule></modules></page>",
      "created_date": "2011-08-10 19:55:33"
    }
  },
  {
    "pk": 56,
    "model": "filestorage.filestorage",
    "fields": {
      "owner": 1,
      "modified_date": "2011-08-10 19:55:33",
      "content_type": "text/xml",
      "contents": "<?xml version='1.0' encoding='UTF-8' ?>\n<interactiveContent>\n\n\t<style href=\"/media/content/styles/default/content.css\"/>\n\t\n\t<pages>\n    \t<page name='page 1' href='55'/> \n    </pages>\n</interactiveContent>",
      "created_date": "2011-08-10 19:55:33"
    }
  },
  {
    "pk": 58,
    "model": "filestorage.filestorage",
    "fields": {
      "owner": 1,
      "modified_date": "2011-08-28 13:20:10",
      "content_type": "text/xml",
      "contents": "<?xml version='1.0' encoding='UTF-8' ?><page><modules><textModule id='3aWwP0' left='3.75' top='7.1666666666666305' width='90' height='7' style=''><text>&lt;div style=&quot;text-align: center;&quot;&gt;Title&lt;/div&gt;</text></textModule><buttonModule id='OtcA8e' left='1' top='93' width='9' height='6' style=''><button type='prevPage' text=''/></buttonModule><buttonModule id='Lxuuli' left='90' top='93' width='9' height='6' style=''><button type='nextPage' text=''/></buttonModule><choiceModule id='EhOvy2' left='5.25' top='23.333333333333343' width='20.75' height='22.833333333333318' style=''><option value='3'>asdasdasd</option></choiceModule><imageModule id='eSXc0M' left='42.375' top='19.166666666666632' width='51.5' height='69.16666666666674' style=''><image src='/file/serve/85'/></imageModule></modules></page>",
      "created_date": "2011-08-10 19:55:42"
    }
  },
  {
    "pk": 59,
    "model": "filestorage.filestorage",
    "fields": {
      "owner": 1,
      "modified_date": "2011-08-28 13:20:07",
      "content_type": "text/xml",
      "contents": "<?xml version='1.0' encoding='UTF-8' ?><interactiveContent><style>.ic_page{\n\twidth:\t580px;\n\theight: 600px;\n\tfont-family: Verdana, Arial, sans-serif;\n\tbackground-color:black;\n\tbackground-image:none;\n\tcolor: white;\n\tfont-size: 18px;\n}\n\n\n.ic_button_nextpage{\n\tbackground-image\t:url(&amp;apos;/media/content/next_page.gif&amp;apos;);\n\tbackground-repeat\t:no-repeat;\n\tbackground-position\t:center;\n \t}\n\n\n.ic_button_nextpage-down-hovering{\n\tbackground-image\t:url(&amp;apos;/media/content/next_page_down.gif&amp;apos;);\n}\n\n\n.ic_button_nextpage-up-disabled{\n\tbackground-image\t:none;\n}\n\n\n.ic_button_prevpage{\n\tbackground-image\t:url(&amp;apos;/media/content/prev_page.gif&amp;apos;);\n\tbackground-repeat\t:no-repeat;\n\tbackground-position\t:center;\n \t}\n\n\n.ic_button_prevpage-down-hovering{\n\tbackground-image\t:url(&amp;apos;/media/content/prev_page_down.gif&amp;apos;);\n}\n\n\n.ic_button_prevpage-up-disabled{\n\tbackground-image\t:none;\n}\n\n</style><pages><page name='page 1' href='58'/><page name='new page' href='61'/></pages><assets><asset href='null'/></assets></interactiveContent>",
      "created_date": "2011-08-10 19:55:42"
    }
  },
  {
    "pk": 61,
    "model": "filestorage.filestorage",
    "fields": {
      "owner": 1,
      "modified_date": "2011-08-15 13:31:45",
      "content_type": "text/xml",
      "contents": "<?xml version='1.0' encoding='UTF-8' ?><page><modules><textModule id='MUwVEQ' left='5' top='3' width='90' height='7' style=''><text>&lt;div style=&quot;text-align: center;&quot;&gt;Title&lt;/div&gt;</text></textModule><buttonModule id='JNvA86' left='1' top='93' width='9' height='6' style=''><button type='prevPage' text=''/></buttonModule><buttonModule id='o7BtAv' left='90' top='93' width='9' height='6' style=''><button type='nextPage' text=''/></buttonModule><imageModule id='9JGgBz' left='15.375' top='22.33333333333334' width='52' height='58.499999999999964' style=''><image src='/file/serve/155'/></imageModule></modules></page>",
      "created_date": "2011-08-11 16:52:00"
    }
  },
  {
    "pk": 91,
    "model": "filestorage.filestorage",
    "fields": {
      "owner": 1,
      "modified_date": "2011-08-15 09:46:37",
      "content_type": "text/xml",
      "contents": "<?xml version='1.0' encoding='UTF-8' ?><page><modules><textModule id='QVtNmL' left='5' top='3' width='90' height='7' style=''><text>&lt;div style=&quot;text-align: center;&quot;&gt;Title&lt;/div&gt;</text></textModule><buttonModule id='VBO3s2' left='1' top='93' width='9' height='6' style=''><button type='prevPage' text=''/></buttonModule><buttonModule id='DRraYS' left='90' top='93' width='9' height='6' style=''><button type='nextPage' text=''/></buttonModule></modules></page>",
      "created_date": "2011-08-15 09:46:35"
    }
  },
  {
    "pk": 160,
    "model": "filestorage.filestorage",
    "fields": {
      "owner": 1,
      "modified_date": "2011-08-15 13:29:57",
      "content_type": "text/xml",
      "contents": "<?xml version='1.0' encoding='UTF-8' ?> \n\n<page>\n\t<modules> \n\t\n\t\t<textModule left=\"5\" top=\"3\" width=\"90\" height=\"7\" style=\"\">\n\t\t\t<text>&lt;div style=&quot;text-align: center;&quot;&gt;Title&lt;/div&gt;</text>\n\t\t</textModule>\t\n\t\t<buttonModule left=\"1\" top=\"93\" width=\"9\" height=\"6\" style=\"\">\n\t\t\t<button type=\"prevPage\" text=\"\"/>\n\t\t</buttonModule>\n\t\t<buttonModule left=\"90\" top=\"93\" width=\"9\" height=\"6\" style=\"\">\n\t\t\t<button type=\"nextPage\" text=\"\"/>\n\t\t</buttonModule>\n    </modules> \n</page>\n",
      "created_date": "2011-08-15 13:29:57"
    }
  },
  {
    "pk": 161,
    "model": "filestorage.filestorage",
    "fields": {
      "owner": 1,
      "modified_date": "2011-08-15 13:29:57",
      "content_type": "text/xml",
      "contents": "<?xml version='1.0' encoding='UTF-8' ?>\n<interactiveContent>\n\n\t<style href=\"/media/content/styles/default/content.css\"/>\n\t\n\t<pages>\n    \t<page name='page 1' href='160'/> \n    </pages>\n</interactiveContent>",
      "created_date": "2011-08-15 13:29:57"
    }
  },
  {
    "pk": 163,
    "model": "filestorage.filestorage",
    "fields": {
      "owner": 1,
      "modified_date": "2011-08-15 13:30:16",
      "content_type": "text/xml",
      "contents": "<?xml version='1.0' encoding='UTF-8' ?> \n\n<page>\n\t<modules> \n\t\n\t\t<textModule left=\"5\" top=\"3\" width=\"90\" height=\"7\" style=\"\">\n\t\t\t<text>&lt;div style=&quot;text-align: center;&quot;&gt;Title&lt;/div&gt;</text>\n\t\t</textModule>\t\n\t\t<buttonModule left=\"1\" top=\"93\" width=\"9\" height=\"6\" style=\"\">\n\t\t\t<button type=\"prevPage\" text=\"\"/>\n\t\t</buttonModule>\n\t\t<buttonModule left=\"90\" top=\"93\" width=\"9\" height=\"6\" style=\"\">\n\t\t\t<button type=\"nextPage\" text=\"\"/>\n\t\t</buttonModule>\n    </modules> \n</page>\n",
      "created_date": "2011-08-15 13:30:16"
    }
  },
  {
    "pk": 164,
    "model": "filestorage.filestorage",
    "fields": {
      "owner": 1,
      "modified_date": "2011-08-15 13:30:16",
      "content_type": "text/xml",
      "contents": "<?xml version='1.0' encoding='UTF-8' ?>\n<interactiveContent>\n\n\t<style href=\"/media/content/styles/default/content.css\"/>\n\t\n\t<pages>\n    \t<page name='page 1' href='163'/> \n    </pages>\n</interactiveContent>",
      "created_date": "2011-08-15 13:30:16"
    }
  },
  {
    "pk": 166,
    "model": "filestorage.filestorage",
    "fields": {
      "owner": 1,
      "modified_date": "2011-09-19 10:50:08",
      "content_type": "text/xml",
      "contents": "<?xml version='1.0' encoding='UTF-8' ?><page><modules><textModule id='5tEwjj' left='5' top='3' width='90' height='7' style='' class=''><text>&lt;div style=&quot;text-align: center;&quot;&gt;Title&lt;/div&gt;</text></textModule><buttonModule id='FPkOx1' left='1' top='93' width='9' height='6' style='' class=''><button type='prevPage' text='' onclick=''/></buttonModule><buttonModule id='UNquJy' left='90' top='93' width='9' height='6' style='' class=''><button type='nextPage' text='' onclick=''/></buttonModule><youtubeModule id='omLAOr' left='9.67128027681662' top='24.84924623115573' width='61.3840830449823' height='56.984924623115745' style='' class=''><video id='LUgcQ6XZuQk'/></youtubeModule></modules></page>",
      "created_date": "2011-08-15 13:31:32"
    }
  },
  {
    "pk": 167,
    "model": "filestorage.filestorage",
    "fields": {
      "owner": 1,
      "modified_date": "2011-09-19 10:43:13",
      "content_type": "text/xml",
      "contents": "<?xml version='1.0' encoding='UTF-8' ?><interactiveContent><style>.ic_page{\n\twidth:\t580px;\n\theight:\t400px;\n\tfont-family: Verdana, Arial, sans-serif;\n\tbackground-color:white;\n\tbackground-image:none;\n\tcolor: black;\n\tfont-size: 18px;\n}\n\n.blue{\nbackground-color:CornflowerBlue;\n}\n\n.Crimson{\nbackground-color:Crimson;\n}\n\n</style><pages><page name='page 1' href='166'/><page name='new page' href='355'/></pages><assets></assets></interactiveContent>",
      "created_date": "2011-08-15 13:31:32"
    }
  },
  {
    "pk": 169,
    "model": "filestorage.filestorage",
    "fields": {
      "owner": 1,
      "modified_date": "2011-12-02 18:59:49",
      "content_type": "text/xml",
      "contents": "<?xml version='1.0' encoding='UTF-8' ?><page layout='pixels' style='width:800px;height:600px;'><modules><textModule id='krJTRl' left='29' top='12' width='522' height='28' style=''><text>&lt;div style=&quot;text-align: center;&quot;&gt;Title&lt;/div&gt;</text></textModule><buttonModule id='ycRopg' left='-1' top='552' width='69' height='46' style=''><button type='prevPage' text='' onclick=''/></buttonModule><buttonModule id='AIXhmz' left='734' top='551' width='65' height='49' style=''><button type='nextPage' text='' onclick=''/></buttonModule><choiceModule id='c2RpWh' left='50' top='64' width='424' height='151' style=''><choice isMulti='true'/><option value='0'>Opcja za 0 punktw</option><option value='1'>Opcja za 1 punkt</option><option value='3'>Opcja za 3 punkty</option></choiceModule><feedbackModule id='Hv5sER' left='72' top='284' width='441' height='99' style=''><scope type='page'/><feedback value='0'>Wybraa opcj za 0 punktw</feedback><feedback value='1'>Wybraa opcj za 1 punkt</feedback><feedback value='3'>Wybraa opcj za 3 punkty</feedback></feedbackModule><imageModule id='edfllI' left='449' top='285' width='341' height='231' style=''><image src='/file/serve/418'/></imageModule></modules></page>",
      "created_date": "2011-08-15 13:31:49"
    }
  },
  {
    "pk": 170,
    "model": "filestorage.filestorage",
    "fields": {
      "owner": 1,
      "modified_date": "2011-12-02 18:59:49",
      "content_type": "text/xml",
      "contents": "<?xml version='1.0' encoding='UTF-8' ?><interactiveContent><metadata><entry key='theme.href' value='/file/295'/></metadata><libs></libs><style>.ic_page{\n\twidth:\t580px;\n\theight:\t400px;\n\tfont-family: Verdana, Arial, sans-serif;\n\tbackground-color:white;\n\tbackground-image:none;\n\tcolor: black;\n\tfont-size: 18px;\n}\n\n</style><pages><page name='new page' href='172'/><page name='page 1' href='169'/><page name='new page' href='501'/><page name='new page' href='502'/></pages><assets><asset href='/file/serve/418'/></assets></interactiveContent>",
      "created_date": "2011-08-15 13:31:49"
    }
  },
  {
    "pk": 172,
    "model": "filestorage.filestorage",
    "fields": {
      "owner": 1,
      "modified_date": "2011-12-02 18:59:43",
      "content_type": "text/xml",
      "contents": "<?xml version='1.0' encoding='UTF-8' ?><page layout='pixels'><modules><textModule id='3aqZlr' left='29' top='12' width='522' height='28' style=''><text>&lt;div style=&quot;text-align: center;&quot;&gt;Nagroda&lt;/div&gt;</text></textModule><buttonModule id='gWYFJs' left='5' top='372' width='52' height='24' style=''><button type='prevPage' text='' onclick=''/></buttonModule><buttonModule id='VYWNU7' left='522' top='372' width='52' height='24' style=''><button type='nextPage' text='' onclick=''/></buttonModule><imageModule id='qCWqUh' left='180' top='72' width='341' height='231' style=''><image src='/file/serve/418'/></imageModule></modules></page>",
      "created_date": "2011-08-15 17:36:30"
    }
  },
  {
    "pk": 183,
    "model": "filestorage.filestorage",
    "fields": {
      "owner": 1,
      "modified_date": "2011-08-29 08:59:38",
      "content_type": "text/xml",
      "contents": "<?xml version='1.0' encoding='UTF-8' ?><interactiveContent><style>.ic_page{\n\twidth:\t580px;\n\theight:\t400px;\n\tfont-family: Verdana, Arial, sans-serif;\n\tbackground-color:white;\n\tbackground-image:none;\n\tcolor: black;\n\tfont-size: 18px;\n}\n\n.ic_button_nextpage{\n\tbackground-image\t:url(&apos;/media/content/next_page.gif&apos;);\n\tbackground-repeat\t:no-repeat;\n\tbackground-position\t:center;\n \t}\n\n.ic_button_nextpage-down-hovering{\n\tbackground-image\t:url(&apos;/media/content/next_page_down.gif&apos;);\n}\n\n.ic_button_nextpage-up-disabled{\n\tbackground-image\t:none;\n}\n\n.ic_button_prevpage{\n\tbackground-image\t:url(&apos;/media/content/prev_page.gif&apos;);\n\tbackground-repeat\t:no-repeat;\n\tbackground-position\t:center;\n \t}\n\n.ic_button_prevpage-down-hovering{\n\tbackground-image\t:url(&apos;/media/content/prev_page_down.gif&apos;);\n}\n\n.ic_button_prevpage-up-disabled{\n\tbackground-image\t:none;\n}\n\n</style><pages><page name='page 1' href='2'/><page name='page 2' href='185'/></pages><assets><asset href='null'/><asset href='/file/serve/315'/></assets></interactiveContent>",
      "created_date": "2011-08-18 20:07:00"
    }
  },
  {
    "pk": 185,
    "model": "filestorage.filestorage",
    "fields": {
      "owner": 1,
      "modified_date": "2011-08-29 08:15:24",
      "content_type": "text/xml",
      "contents": "<?xml version='1.0' encoding='UTF-8' ?><page><modules><textModule id='fJTNjM' left='5' top='3' width='90' height='7' style=''><text>&lt;div style=&quot;text-align: center;&quot;&gt;Title&lt;/div&gt;</text></textModule><buttonModule id='028HSa' left='1' top='93' width='9' height='6' style=''><button type='prevPage' text=''/></buttonModule><buttonModule id='y45PoO' left='90' top='93' width='9' height='6' style=''><button type='nextPage' text=''/></buttonModule></modules></page>",
      "created_date": "2011-08-18 20:07:07"
    }
  },
  {
    "pk": 186,
    "model": "filestorage.filestorage",
    "fields": {
      "owner": 1,
      "modified_date": "2011-08-18 20:21:15",
      "content_type": "text/xml",
      "contents": "<?xml version='1.0' encoding='UTF-8' ?><page><modules><textModule id='3aqZlr' left='5' top='3' width='90' height='7' style=''><text>&lt;div style=&quot;text-align: center;&quot;&gt;Nagroda&lt;/div&gt;</text></textModule><buttonModule id='gWYFJs' left='1' top='93' width='9' height='6' style=''><button type='prevPage' text=''/></buttonModule><buttonModule id='VYWNU7' left='90' top='93' width='9' height='6' style=''><button type='nextPage' text=''/></buttonModule><imageModule id='qCWqUh' left='21' top='24.000000000000007' width='58.875' height='57.99999999999993' style=''><image src='/file/serve/177'/></imageModule></modules></page>",
      "created_date": "2011-08-18 20:21:15"
    }
  },
  {
    "pk": 187,
    "model": "filestorage.filestorage",
    "fields": {
      "owner": 1,
      "modified_date": "2011-08-18 20:21:15",
      "content_type": "text/xml",
      "contents": "<?xml version='1.0' encoding='UTF-8' ?><page><modules><textModule id='krJTRl' left='5' top='3' width='90' height='7' style=''><text>&lt;div style=&quot;text-align: center;&quot;&gt;Title&lt;/div&gt;</text></textModule><buttonModule id='ycRopg' left='1' top='93' width='9' height='6' style=''><button type='prevPage' text=''/></buttonModule><buttonModule id='AIXhmz' left='90' top='93' width='9' height='6' style=''><button type='nextPage' text=''/></buttonModule><choiceModule id='c2RpWh' left='8.625' top='16.166666666666664' width='73.125' height='37.83333333333335' style=''><option value='0'>Opcja za 0 punktw</option><option value='1'>Opcja za 1 punkt</option><option value='3'>Opcja za 3 punkty</option></choiceModule><feedbackModule id='Hv5sER' left='12.875' top='84.83333333333354' width='76.375' height='11.666666666666666' style=''><feedback value='0'>Wybraa opcj za 0 punktw</feedback><feedback value='1'>Wybraa opcj za 1 punkt</feedback><feedback value='3'>Wybraa opcj za 3 punkty</feedback></feedbackModule></modules></page>",
      "created_date": "2011-08-18 20:21:15"
    }
  },
  {
    "pk": 188,
    "model": "filestorage.filestorage",
    "fields": {
      "owner": 1,
      "modified_date": "2011-09-22 14:27:54",
      "content_type": "text/xml",
      "contents": "<?xml version='1.0' encoding='UTF-8' ?><page><modules><textModule id='3aqZlr' left='5' top='3' width='90' height='7' style='' class=''><text>&lt;div style=&quot;text-align: center;&quot;&gt;Nagroda&lt;/div&gt;</text></textModule><buttonModule id='gWYFJs' left='1' top='93' width='9' height='6' style='' class=''><button type='prevPage' text='' onclick=''/></buttonModule><buttonModule id='VYWNU7' left='90' top='93' width='9' height='6' style='' class=''><button type='nextPage' text='' onclick=''/></buttonModule><imageModule id='qCWqUh' left='3.2179930795847356' top='23.46733668341711' width='60' height='58' style='' class=''><image src='/file/serve/177'/></imageModule></modules></page>",
      "created_date": "2011-08-18 15:23:38"
    }
  },
  {
    "pk": 189,
    "model": "filestorage.filestorage",
    "fields": {
      "owner": 1,
      "modified_date": "2011-08-18 15:23:39",
      "content_type": "text/xml",
      "contents": "<?xml version='1.0' encoding='UTF-8' ?><page><modules><textModule id='krJTRl' left='5' top='3' width='90' height='7' style=''><text>&lt;div style=&quot;text-align: center;&quot;&gt;Title&lt;/div&gt;</text></textModule><buttonModule id='ycRopg' left='1' top='93' width='9' height='6' style=''><button type='prevPage' text=''/></buttonModule><buttonModule id='AIXhmz' left='90' top='93' width='9' height='6' style=''><button type='nextPage' text=''/></buttonModule><choiceModule id='c2RpWh' left='8.625' top='16.166666666666664' width='73.125' height='37.83333333333335' style=''><option value='0'>Opcja za 0 punktw</option><option value='1'>Opcja za 1 punkt</option><option value='3'>Opcja za 3 punkty</option></choiceModule><feedbackModule id='Hv5sER' left='12.875' top='84.83333333333354' width='76.375' height='11.666666666666666' style=''><feedback value='0'>Wybraa opcj za 0 punktw</feedback><feedback value='1'>Wybraa opcj za 1 punkt</feedback><feedback value='3'>Wybraa opcj za 3 punkty</feedback></feedbackModule></modules></page>",
      "created_date": "2011-08-18 15:23:39"
    }
  },
  {
    "pk": 190,
    "model": "filestorage.filestorage",
    "fields": {
      "owner": 1,
      "modified_date": "2011-09-22 14:27:54",
      "content_type": "text/xml",
      "contents": "<?xml version='1.0' encoding='UTF-8' ?><interactiveContent><pages><page name='new page' href='188'/><page name='page 1' href='189'/></pages><assets></assets></interactiveContent>",
      "created_date": "2011-08-18 15:23:38"
    }
  },
  {
    "pk": 192,
    "model": "filestorage.filestorage",
    "fields": {
      "owner": 1,
      "modified_date": "2011-10-11 12:53:04",
      "content_type": "text/xml",
      "contents": "<?xml version='1.0' encoding='UTF-8' ?><page><modules><imageModule id='CzXEtA' left='23.11935318275154' top='16.17031463748289' width='62.76257700205349' height='68.52963976288191' style=''><image src='/file/serve/6'/></imageModule><buttonModule id='wA7hZ8' left='88.625' top='88.50000000000011' width='10' height='10' style=''><button type='nextPage' text='' onclick=''/></buttonModule><imageModule id='b9N5P1' left='3.125' top='84.99999999999996' width='10' height='10' style=''><image src='/file/serve/181'/></imageModule></modules></page>",
      "created_date": "2011-08-18 20:23:57"
    }
  },
  {
    "pk": 193,
    "model": "filestorage.filestorage",
    "fields": {
      "owner": 1,
      "modified_date": "2011-08-28 12:16:17",
      "content_type": "text/xml",
      "contents": "<?xml version='1.0' encoding='UTF-8' ?><page><modules><textModule id='fJTNjM' left='5.375' top='61.16666666666668' width='90' height='7' style=''><text>&lt;div style=&quot;text-align: center;&quot;&gt;Title&lt;/div&gt;</text></textModule><buttonModule id='028HSa' left='1' top='93' width='9' height='6' style=''><button type='prevPage' text=''/></buttonModule><buttonModule id='y45PoO' left='90' top='93' width='9' height='6' style=''><button type='nextPage' text=''/></buttonModule></modules></page>",
      "created_date": "2011-08-18 20:23:57"
    }
  },
  {
    "pk": 194,
    "model": "filestorage.filestorage",
    "fields": {
      "owner": 1,
      "modified_date": "2011-10-11 12:53:04",
      "content_type": "text/xml",
      "contents": "<?xml version='1.0' encoding='UTF-8' ?><interactiveContent><metadata><entry key='theme.href' value=''/></metadata><style>.ic_page{\n\twidth:\t580px;\n\theight:\t400px;\n\tfont-family: Verdana, Arial, sans-serif;\n\tbackground-color:black;\n\tbackground-image:none;\n\tcolor: white;\n\tfont-size: 18px;\n}\n\n.ic_button_nextpage{background-image\t:url(&apos;/file/serve/480&apos;);background-repeat\t:no-repeat;background-position\t:center;}\n.ic_button_prevpage{background-image\t:url(&apos;/file/serve/482&apos;);background-repeat\t:no-repeat;background-position\t:center;}</style><pages><page name='page 1' href='192'/><page name='page2' href='193'/></pages><assets><asset href='null'/></assets></interactiveContent>",
      "created_date": "2011-08-18 20:23:57"
    }
  },
  {
    "pk": 197,
    "model": "filestorage.filestorage",
    "fields": {
      "owner": 1,
      "modified_date": "2011-10-11 12:10:22",
      "content_type": "text/xml",
      "contents": "<?xml version='1.0' encoding='UTF-8' ?><page><modules><buttonModule id='wA7hZ8' left='90' top='90' width='10' height='10' style=''><button type='nextPage' text='' onclick=''/></buttonModule><buttonModule id='gGCSkh' left='0' top='90' width='10' height='10' style=''><button type='prevPage' text='' onclick=''/></buttonModule><textModule id='7jNCiF' left='4.826989619377162' top='3.7437185929648242' width='91.31487889273352' height='7.989949748743725' style=''><text>&lt;div style=&quot;text-align: center;&quot;&gt;Page title&lt;/div&gt;</text></textModule></modules></page>",
      "created_date": "2011-08-18 15:28:13"
    }
  },
  {
    "pk": 198,
    "model": "filestorage.filestorage",
    "fields": {
      "owner": 1,
      "modified_date": "2011-10-11 12:08:28",
      "content_type": "text/xml",
      "contents": "<?xml version='1.0' encoding='UTF-8' ?><page><modules><textModule id='fJTNjM' left='5.125' top='5.166666666666663' width='90' height='7' style=''><text>&lt;div style=&quot;text-align: center;&quot;&gt;Title&lt;/div&gt;</text></textModule><buttonModule id='028HSa' left='1' top='93' width='9' height='6' style=''><button type='prevPage' text='' onclick=''/></buttonModule></modules></page>",
      "created_date": "2011-08-18 15:28:13"
    }
  },
  {
    "pk": 199,
    "model": "filestorage.filestorage",
    "fields": {
      "owner": 1,
      "modified_date": "2011-10-11 12:10:22",
      "content_type": "text/xml",
      "contents": "<?xml version='1.0' encoding='UTF-8' ?><interactiveContent><metadata><entry key='theme.href' value=''/></metadata><style>.ic_page{\n\twidth:\t578px;\n\theight:\t398px;\n\tbackground-image:url(&apos;/file/serve/308&apos;);\n\tfont-size: 18px;\n\tcolor: #72500e;\n\tborder: 1px solid #72500e;\n}\n\n.ic_button_nextpage{\n\tbackground-image\t:url(&apos;/file/serve/480&apos;);\n\tbackground-repeat\t:no-repeat;\n\tbackground-position\t:center;\n \t}\n\n.ic_button_prevpage{\n\tbackground-image\t:url(&apos;/file/serve/482&apos;);\n\tbackground-repeat\t:no-repeat;\n\tbackground-position\t:center;\n \t}\n\n</style><pages><page name='page 1' href='197'/></pages><assets><asset href='null'/><asset href='/file/serve/'/><asset href='/file/serve/480'/><asset href='/file/serve/482'/></assets></interactiveContent>",
      "created_date": "2011-08-18 15:28:13"
    }
  },
  {
    "pk": 272,
    "model": "filestorage.filestorage",
    "fields": {
      "owner": 1,
      "modified_date": "2011-10-11 12:08:26",
      "content_type": "text/xml",
      "contents": "<?xml version='1.0' encoding='UTF-8' ?><page><modules><textModule id='BckgCE' left='2.6666666666666665' top='40.25' width='90' height='7' style=''><text>&lt;div style=&quot;text-align: center;&quot;&gt;Title&lt;/div&gt;</text></textModule><buttonModule id='H9c7Ih' left='1' top='93' width='9' height='6' style=''><button type='prevPage' text='' onclick=''/></buttonModule><buttonModule id='F7c6ah' left='90' top='93' width='9' height='6' style=''><button type='nextPage' text='' onclick=''/></buttonModule></modules></page>",
      "created_date": "2011-08-25 10:33:58"
    }
  },
  {
    "pk": 279,
    "model": "filestorage.filestorage",
    "fields": {
      "owner": 1,
      "modified_date": "2011-12-07 15:15:22",
      "content_type": "text/xml",
      "contents": "<?xml version='1.0' encoding='UTF-8' ?><page layout='pixels'><modules><textModule id='pWu2Qa' left='28' top='19' width='526' height='44' style='font-size:150%'><text>&lt;div style=&quot;text-align: center;&quot;&gt;Summary&lt;br&gt;&lt;/div&gt;</text></textModule><buttonModule id='3r0hD7' left='497' top='342' width='57' height='39' style=''><button type='sendResult' text='' onclick=''/></buttonModule><reportModule id='CjjEjr' left='36' top='85' width='511' height='121' style=''></reportModule></modules></page>",
      "created_date": "2011-08-26 15:53:46"
    }
  },
  {
    "pk": 294,
    "model": "filestorage.filestorage",
    "fields": {
      "owner": 1,
      "modified_date": "2011-10-11 12:50:40",
      "content_type": "text/xml",
      "contents": "<?xml version='1.0' encoding='UTF-8' ?><page><modules><textModule id='lCG7sP' left='5' top='3' width='90' height='7' style=''><text>&lt;div style=&quot;text-align: center;&quot;&gt;Form presentation&lt;br&gt;&lt;/div&gt;</text></textModule><buttonModule id='c4T1o9' left='1' top='93' width='9' height='6' style=''><button type='prevPage' text='' onclick=''/></buttonModule><buttonModule id='tzecJX' left='90' top='93' width='9' height='6' style=''><button type='nextPage' text='' onclick=''/></buttonModule></modules></page>",
      "created_date": "2011-08-27 09:43:46"
    }
  },
  {
    "pk": 295,
    "model": "filestorage.filestorage",
    "fields": {
      "owner": 1,
      "modified_date": "2011-10-11 12:50:40",
      "content_type": "text/xml",
      "contents": "<?xml version='1.0' encoding='UTF-8' ?><interactiveContent><metadata></metadata><style>.ic_page{\n\twidth:\t580px;\n\theight:\t400px;\n\tfont-family: Verdana, Arial, sans-serif;\n\tbackground-color:white;\n\tbackground-image:none;\n\tcolor: black;\n\tfont-size: 18px;\n}\n\n</style><pages><page name='page 1' href='294'/></pages><assets><asset href='null'/></assets></interactiveContent>",
      "created_date": "2011-08-27 09:43:46"
    }
  },
  {
    "pk": 317,
    "model": "filestorage.filestorage",
    "fields": {
      "owner": 202,
      "modified_date": "2011-08-30 07:57:02",
      "content_type": "text/xml",
      "contents": "<?xml version='1.0' encoding='UTF-8' ?><page><modules><textModule id='xg6DsX' left='5' top='3' width='90' height='7' style=''><text>&lt;div style=&quot;text-align: center;&quot;&gt;Title&lt;/div&gt;</text></textModule><buttonModule id='P5x2N7' left='1' top='93' width='9' height='6' style=''><button type='prevPage' text=''/></buttonModule><buttonModule id='bvajZc' left='90' top='93' width='9' height='6' style=''><button type='nextPage' text=''/></buttonModule><imageModule id='VVcJcU' left='16.245674740484432' top='16.80904522613066' width='67.95847750865029' height='69.79899497487455' style=''><image src='/file/serve/321'/></imageModule></modules></page>",
      "created_date": "2011-08-30 07:56:37"
    }
  },
  {
    "pk": 318,
    "model": "filestorage.filestorage",
    "fields": {
      "owner": 202,
      "modified_date": "2011-08-30 07:56:55",
      "content_type": "text/xml",
      "contents": "<?xml version='1.0' encoding='UTF-8' ?><interactiveContent><pages><page name='page 1' href='317'/></pages><assets><asset href='/file/serve/321'/></assets></interactiveContent>",
      "created_date": "2011-08-30 07:56:37"
    }
  },
  {
    "pk": 325,
    "model": "filestorage.filestorage",
    "fields": {
      "owner": 1,
      "modified_date": "2011-12-16 08:11:38",
      "content_type": "text/xml",
      "contents": "<?xml version='1.0' encoding='UTF-8' ?><page layout='pixels'><modules><textModule id='hGgtPA' left='28' top='11' width='520' height='27' style=''><text>&lt;div style=&quot;text-align: center;&quot;&gt;Title&lt;/div&gt;</text></textModule><buttonModule id='Hy0XZL' left='5' top='370' width='52' height='23' style=''><button type='prevPage' text='' onclick=''/></buttonModule><buttonModule id='leo3we' left='518' top='370' width='52' height='23' style=''><button type='nextPage' text='' onclick=''/></buttonModule><buttonModule id='mJNmDl' left='217' top='312' width='57' height='39' style=''><button type='checkAnswers' text='' onclick=''/></buttonModule><buttonModule id='RRZkeU' left='309' top='311' width='57' height='39' style=''><button type='reset' text='' onclick=''/></buttonModule><textModule id='EcTR4j' left='32' top='52' width='444' height='250' style=''><text>&lt;meta http-equiv=&quot;content-type&quot; content=&quot;text/html; charset=utf-8&quot;&gt;1. She {{1: likes | have |been|like|are}} icecream.&lt;br&gt;&lt;br&gt;2. We {{1:have|&lt;meta http-equiv=&quot;content-type&quot; content=&quot;text/html; charset=utf-8&quot;&gt;likes|been|like|are}} 2 dogs.&lt;br&gt;&lt;br&gt;3. Where have you {{1:been|&lt;meta http-equiv=&quot;content-type&quot; content=&quot;text/html; charset=utf-8&quot;&gt;likes|have|like|are}}?&lt;br&gt;&lt;br&gt;4. Do you {{1:like|&lt;meta http-equiv=&quot;content-type&quot; content=&quot;text/html; charset=utf-8&quot;&gt;likes|have|been|are}} swimming?&lt;br&gt;&lt;br&gt;5. How old {{1:are|&lt;meta http-equiv=&quot;content-type&quot; content=&quot;text/html; charset=utf-8&quot;&gt;likes|have|been|like}} you?&lt;div&gt;&lt;br&gt;&lt;/div&gt;&lt;div&gt;&lt;meta http-equiv=&quot;content-type&quot; content=&quot;text/html; charset=utf-8&quot;&gt;6. We {{1: don&apos;t | likes |have|been|like}} like it.&lt;br&gt;&lt;div&gt;&lt;br&gt;&lt;/div&gt;&lt;/div&gt;</text></textModule></modules></page>",
      "created_date": "2011-08-30 16:11:44"
    }
  },
  {
    "pk": 326,
    "model": "filestorage.filestorage",
    "fields": {
      "owner": 1,
      "modified_date": "2011-10-10 13:04:34",
      "content_type": "text/xml",
      "contents": "<?xml version='1.0' encoding='UTF-8' ?><page><modules><textModule id='ekCUSh' left='5' top='3' width='90' height='7' style='image'><text>&lt;div style=&quot;text-align: center;&quot;&gt;Title&lt;/div&gt;</text></textModule><buttonModule id='u83JgR' left='1' top='93' width='9' height='6' style=''><button type='prevPage' text='' onclick=''/></buttonModule><buttonModule id='Fja3Pv' left='90.34602076124568' top='87.97487437185924' width='9.346020761245676' height='12.03015075376883' style=''><button type='nextPage' text='' onclick=''/></buttonModule><choiceModule id='I85VmD' left='6.903114186851216' top='15.804020100502491' width='51.69550173010384' height='50.20100502512556' style=''><option value='1'>ala. Punkt 1</option><option value='0'>ma</option><option value='0'>kota</option><option value='28'>28 punktw</option></choiceModule><buttonModule id='QMkZIZ' left='39.08304498269896' top='84.8994974874374' width='10' height='10' style=''><button type='checkAnswers' text='' onclick=''/></buttonModule><buttonModule id='6RjxjL' left='56.03806228373691' top='85.15075376884441' width='10' height='10' style=''><button type='reset' text='' onclick=''/></buttonModule><imageModule id='tyTdrO' left='65.20761245674744' top='22.839195979899475' width='31.626297577854693' height='36.88442211055277' style=''><image src='/file/serve/342'/></imageModule></modules></page>",
      "created_date": "2011-08-31 09:09:29"
    }
  },
  {
    "pk": 327,
    "model": "filestorage.filestorage",
    "fields": {
      "owner": 1,
      "modified_date": "2011-10-11 13:10:37",
      "content_type": "text/xml",
      "contents": "<?xml version='1.0' encoding='UTF-8' ?><interactiveContent><metadata><entry key='theme.href' value='/file/295'/></metadata><style>.ic_page{\n\twidth:\t580px;\n\theight:\t400px;\n\tfont-family: Verdana, Arial, sans-serif;\n\tbackground-color:white;\n\tbackground-image:none;\n\tcolor: black;\n\tfont-size: 18px;\n}\n\n</style><pages><page name='new page' href='344'/><page name='page 1' href='326'/><page name='summary' href='336'/><page name='new page' href='500'/></pages><assets><asset href='/file/serve/338'/><asset href='/file/serve/340'/><asset href='/file/serve/342'/><asset href='/file/serve/347'/></assets></interactiveContent>",
      "created_date": "2011-08-31 09:09:29"
    }
  },
  {
    "pk": 336,
    "model": "filestorage.filestorage",
    "fields": {
      "owner": 1,
      "modified_date": "2011-10-11 12:50:00",
      "content_type": "text/xml",
      "contents": "<?xml version='1.0' encoding='UTF-8' ?><page><modules><textModule id='pqfNxg' left='5' top='3' width='90' height='7' style=''><text>&lt;div style=&quot;text-align: center;&quot;&gt;Title&lt;/div&gt;</text></textModule><buttonModule id='WmHwET' left='1' top='93' width='9' height='6' style=''><button type='prevPage' text='' onclick=''/></buttonModule><buttonModule id='FFRdEB' left='90' top='93' width='9' height='6' style=''><button type='nextPage' text='' onclick=''/></buttonModule><textModule id='X7lqE6' left='5.865051903114189' top='18.316582914572827' width='89.41176470588245' height='13.768844221105315' style=''><text>Wynik {{score.total}} maksymalny {{score.max}}</text></textModule><feedbackModule id='YI3ZdH' left='6.55709342560554' top='37.9145728643216' width='88.89273356401405' height='46.68341708542711' style=''><scope type='presentation'/><feedback value='30'>Ponad 30 punktw</feedback><feedback value='5'>ponad 5 punktw</feedback><feedback value='1'>ponad 1 punkt</feedback></feedbackModule></modules></page>",
      "created_date": "2011-09-06 13:34:33"
    }
  },
  {
    "pk": 343,
    "model": "filestorage.filestorage",
    "fields": {
      "owner": 1,
      "modified_date": "2011-09-08 12:49:07",
      "content_type": "text/xml",
      "contents": "<?xml version='1.0' encoding='UTF-8' ?><page><modules><textModule id='MTczaq' left='5' top='3' width='90' height='7' style=''><text>&lt;div style=&quot;text-align: center;&quot;&gt;Title&lt;/div&gt;</text></textModule><buttonModule id='mLqa9p' left='1' top='90' width='10' height='10' style=''><button type='prevPage' text=''/></buttonModule><buttonModule id='iRkUZ1' left='90' top='90' width='10' height='10' style=''><button type='nextPage' text=''/></buttonModule></modules></page>",
      "created_date": "2011-09-08 12:48:50"
    }
  },
  {
    "pk": 344,
    "model": "filestorage.filestorage",
    "fields": {
      "owner": 1,
      "modified_date": "2011-10-11 13:10:37",
      "content_type": "text/xml",
      "contents": "<?xml version='1.0' encoding='UTF-8' ?><page><modules><textModule id='8BTgUJ' left='5' top='3' width='90' height='7' style=''><text>&lt;div style=&quot;text-align: -webkit-auto;&quot;&gt;Title&lt;/div&gt;</text></textModule><buttonModule id='68JYXi' left='0' top='90' width='10' height='10' style=''><button type='prevPage' text='' onclick=''/></buttonModule><buttonModule id='kGwJzw' left='90' top='90' width='10' height='10' style=''><button type='nextPage' text='' onclick=''/></buttonModule><imageModule id='xBfZNk' left='62.78546712802766' top='-0.2763819095475215' width='36.98961937716259' height='13.266331658291453' style=''><image src='/file/serve/347'/></imageModule><choiceModule id='59OccB' left='6.211072664359865' top='15.050251256281381' width='42.006920415224926' height='47.18592964824119' style=''><choice isMulti='true'/><option value='1'>Opcja za 1 punkt</option><option value='0'>Opcja za 0 punktw</option><option value='3'>Opcja za 3 punkty</option><option value='5'>Opcja za 5 punktw</option></choiceModule><buttonModule id='wlzHN4' left='25.588235294117677' top='65.80402010050246' width='10' height='10' style=''><button type='checkAnswers' text='' onclick=''/></buttonModule><buttonModule id='f2rObf' left='37.52595155709345' top='66.30653266331655' width='10' height='10' style=''><button type='reset' text='' onclick=''/></buttonModule><feedbackModule id='BMZdxU' left='65.38062283737024' top='25.85427135678383' width='30.761245674740533' height='46.18090452261307' style=''><scope type='page'/><feedback value='5'>5</feedback><feedback value='3'>3</feedback><feedback value='1'>1</feedback></feedbackModule></modules></page>",
      "created_date": "2011-09-08 12:49:07"
    }
  },
  {
    "pk": 345,
    "model": "filestorage.filestorage",
    "fields": {
      "owner": 1,
      "modified_date": "2011-12-07 15:15:24",
      "content_type": "text/xml",
      "contents": "<?xml version='1.0' encoding='UTF-8' ?><page layout='pixels'><modules><textModule id='mJw9Ch' left='28' top='11' width='520' height='27' style=''><text>&lt;div style=&quot;text-align: center;&quot;&gt;To jest popup&lt;/div&gt;</text></textModule><buttonModule id='LAEeQi' left='520' top='0' width='57' height='39' style=''><button type='cancel' text='' onclick=''/></buttonModule></modules></page>",
      "created_date": "2011-09-10 16:15:02"
    }
  },
  {
    "pk": 350,
    "model": "filestorage.filestorage",
    "fields": {
      "owner": 1,
      "modified_date": "2011-11-22 12:18:27",
      "content_type": "text/xml",
      "contents": "<?xml version='1.0' encoding='UTF-8' ?><page style='width:300px;height:200px;background-color:lightgray;'><modules><textModule id='GcRkdt' left='4.666666666666801' top='4' width='75.66666666666663' height='12' style=''><text>&lt;div style=&quot;text-align: center;&quot;&gt;Popup Title&lt;/div&gt;</text></textModule><buttonModule id='BOqvrn' left='84.66666666666643' top='0' width='16.666666666666682' height='16' style=''><button type='cancel' text='' onclick=''/></buttonModule></modules></page>",
      "created_date": "2011-09-13 14:17:42"
    }
  },
  {
    "pk": 355,
    "model": "filestorage.filestorage",
    "fields": {
      "owner": 1,
      "modified_date": "2011-09-19 10:50:27",
      "content_type": "text/xml",
      "contents": "<?xml version='1.0' encoding='UTF-8' ?><page><modules><textModule id='Ml6gAP' left='5' top='3' width='90' height='7' style='' class=''><text>&lt;div style=&quot;text-align: center;&quot;&gt;Title&lt;/div&gt;</text></textModule><buttonModule id='JMk68U' left='0' top='90' width='10' height='10' style='' class=''><button type='prevPage' text='' onclick=''/></buttonModule><buttonModule id='OBQaj0' left='90' top='90' width='10' height='10' style='' class=''><button type='nextPage' text='' onclick=''/></buttonModule><shapeModule id='37STlA' left='6.206896551724139' top='21.75' width='34.82758620689652' height='51.75' style='' class='blue'></shapeModule><shapeModule id='N3tJRF' left='52.58620689655149' top='22.5' width='33.620689655172576' height='51.25' style='' class='Crimson'></shapeModule></modules></page>",
      "created_date": "2011-09-19 10:33:33"
    }
  },
  {
    "pk": 394,
    "model": "filestorage.filestorage",
    "fields": {
      "owner": 1,
      "modified_date": "2011-09-21 02:23:48",
      "content_type": "text/xml",
      "contents": "<?xml version='1.0' encoding='UTF-8' ?> \n\n<page>\n\t<modules> \n\t\n\t\t<textModule left=\"5\" top=\"3\" width=\"90\" height=\"7\" style=\"\">\n\t\t\t<text>&lt;div style=&quot;text-align: center;&quot;&gt;Title&lt;/div&gt;</text>\n\t\t</textModule>\t\n\t\t<buttonModule left=\"0\" top=\"90\" width=\"10\" height=\"10\" style=\"\">\n\t\t\t<button type=\"prevPage\" text=\"\"/>\n\t\t</buttonModule>\n\t\t<buttonModule left=\"90\" top=\"90\" width=\"10\" height=\"10\" style=\"\">\n\t\t\t<button type=\"nextPage\" text=\"\"/>\n\t\t</buttonModule>\n    </modules> \n</page>\n",
      "created_date": "2011-09-21 02:23:48"
    }
  },
  {
    "pk": 395,
    "model": "filestorage.filestorage",
    "fields": {
      "owner": 1,
      "modified_date": "2011-09-21 02:23:48",
      "content_type": "text/xml",
      "contents": "<?xml version='1.0' encoding='UTF-8' ?>\n<interactiveContent>\n\n\t<style href=\"/media/content/styles/default/content.css\"/>\n\t\n\t<pages>\n    \t<page name='page 1' href='394'/> \n    </pages>\n</interactiveContent>",
      "created_date": "2011-09-21 02:23:48"
    }
  },
  {
    "pk": 397,
    "model": "filestorage.filestorage",
    "fields": {
      "owner": 1,
      "modified_date": "2011-09-21 07:24:08",
      "content_type": "text/xml",
      "contents": "<?xml version='1.0' encoding='UTF-8' ?> \n\n<page>\n\t<modules> \n\t\n\t\t<textModule left=\"5\" top=\"3\" width=\"90\" height=\"7\" style=\"\">\n\t\t\t<text>&lt;div style=&quot;text-align: center;&quot;&gt;Title&lt;/div&gt;</text>\n\t\t</textModule>\t\n\t\t<buttonModule left=\"0\" top=\"90\" width=\"10\" height=\"10\" style=\"\">\n\t\t\t<button type=\"prevPage\" text=\"\"/>\n\t\t</buttonModule>\n\t\t<buttonModule left=\"90\" top=\"90\" width=\"10\" height=\"10\" style=\"\">\n\t\t\t<button type=\"nextPage\" text=\"\"/>\n\t\t</buttonModule>\n    </modules> \n</page>\n",
      "created_date": "2011-09-21 07:24:08"
    }
  },
  {
    "pk": 398,
    "model": "filestorage.filestorage",
    "fields": {
      "owner": 1,
      "modified_date": "2011-09-21 07:24:08",
      "content_type": "text/xml",
      "contents": "<?xml version='1.0' encoding='UTF-8' ?>\n<interactiveContent>\n\n\t<style href=\"/media/content/styles/default/content.css\"/>\n\t\n\t<pages>\n    \t<page name='page 1' href='397'/> \n    </pages>\n</interactiveContent>",
      "created_date": "2011-09-21 07:24:08"
    }
  },
  {
    "pk": 400,
    "model": "filestorage.filestorage",
    "fields": {
      "owner": 1,
      "modified_date": "2011-09-21 08:00:17",
      "content_type": "text/xml",
      "contents": "<?xml version='1.0' encoding='UTF-8' ?> \n\n<page>\n\t<modules> \n\t\n\t\t<textModule left=\"5\" top=\"3\" width=\"90\" height=\"7\" style=\"\">\n\t\t\t<text>&lt;div style=&quot;text-align: center;&quot;&gt;Title&lt;/div&gt;</text>\n\t\t</textModule>\t\n\t\t<buttonModule left=\"0\" top=\"90\" width=\"10\" height=\"10\" style=\"\">\n\t\t\t<button type=\"prevPage\" text=\"\"/>\n\t\t</buttonModule>\n\t\t<buttonModule left=\"90\" top=\"90\" width=\"10\" height=\"10\" style=\"\">\n\t\t\t<button type=\"nextPage\" text=\"\"/>\n\t\t</buttonModule>\n    </modules> \n</page>\n",
      "created_date": "2011-09-21 08:00:17"
    }
  },
  {
    "pk": 401,
    "model": "filestorage.filestorage",
    "fields": {
      "owner": 1,
      "modified_date": "2011-09-21 08:00:17",
      "content_type": "text/xml",
      "contents": "<?xml version='1.0' encoding='UTF-8' ?>\n<interactiveContent>\n\n\t<style href=\"/media/content/styles/default/content.css\"/>\n\t\n\t<pages>\n    \t<page name='page 1' href='400'/> \n    </pages>\n</interactiveContent>",
      "created_date": "2011-09-21 08:00:17"
    }
  },
  {
    "pk": 414,
    "model": "filestorage.filestorage",
    "fields": {
      "owner": 1,
      "modified_date": "2011-09-21 10:46:23",
      "content_type": "text/xml",
      "contents": "<?xml version='1.0' encoding='UTF-8' ?> \n\n<page>\n\t<modules> \n\t\n\t\t<textModule left=\"5\" top=\"3\" width=\"90\" height=\"7\" style=\"\">\n\t\t\t<text>&lt;div style=&quot;text-align: center;&quot;&gt;Title&lt;/div&gt;</text>\n\t\t</textModule>\t\n\t\t<buttonModule left=\"0\" top=\"90\" width=\"10\" height=\"10\" style=\"\">\n\t\t\t<button type=\"prevPage\" text=\"\"/>\n\t\t</buttonModule>\n\t\t<buttonModule left=\"90\" top=\"90\" width=\"10\" height=\"10\" style=\"\">\n\t\t\t<button type=\"nextPage\" text=\"\"/>\n\t\t</buttonModule>\n    </modules> \n</page>\n",
      "created_date": "2011-09-21 10:46:23"
    }
  },
  {
    "pk": 415,
    "model": "filestorage.filestorage",
    "fields": {
      "owner": 1,
      "modified_date": "2011-09-21 10:46:23",
      "content_type": "text/xml",
      "contents": "<?xml version='1.0' encoding='UTF-8' ?>\n<interactiveContent>\n\n\t<style href=\"/media/content/styles/default/content.css\"/>\n\t\n\t<pages>\n    \t<page name='page 1' href='414'/> \n    </pages>\n</interactiveContent>",
      "created_date": "2011-09-21 10:46:23"
    }
  },
  {
    "pk": 419,
    "model": "filestorage.filestorage",
    "fields": {
      "owner": 1,
      "modified_date": "2011-09-22 14:30:13",
      "content_type": "text/xml",
      "contents": "<?xml version='1.0' encoding='UTF-8' ?><page><modules><textModule id='x1dgsU' left='5.173010380622838' top='55.51256281407045' width='90' height='7' style='' class=''><text>&lt;div style=&quot;text-align: center;&quot;&gt;Title&lt;/div&gt;</text></textModule><buttonModule id='6GcWvu' left='0' top='90' width='10' height='10' style='' class=''><button type='prevPage' text='' onclick=''/></buttonModule><buttonModule id='qQRjFU' left='90' top='90' width='10' height='10' style='' class=''><button type='nextPage' text='' onclick=''/></buttonModule></modules></page>",
      "created_date": "2011-09-22 14:30:09"
    }
  },
  {
    "pk": 420,
    "model": "filestorage.filestorage",
    "fields": {
      "owner": 1,
      "modified_date": "2011-09-22 14:30:09",
      "content_type": "text/xml",
      "contents": "<?xml version='1.0' encoding='UTF-8' ?>\n<interactiveContent>\n\n\t<style href=\"/media/content/styles/default/content.css\"/>\n\t\n\t<pages>\n    \t<page name='page 1' href='419'/> \n    </pages>\n</interactiveContent>",
      "created_date": "2011-09-22 14:30:09"
    }
  },
  {
    "pk": 431,
    "model": "filestorage.filestorage",
    "fields": {
      "owner": 1,
      "modified_date": "2011-09-27 07:55:27",
      "content_type": "text/xml",
      "contents": "<?xml version='1.0' encoding='UTF-8' ?><page><modules><textModule id='8BTgUJ' left='5' top='3' width='90' height='7' style=''><text>&lt;div style=&quot;text-align: -webkit-auto;&quot;&gt;Title&lt;/div&gt;</text></textModule><buttonModule id='68JYXi' left='0' top='90' width='10' height='10' style=''><button type='prevPage' text='' onclick=''/></buttonModule><buttonModule id='kGwJzw' left='90' top='90' width='10' height='10' style=''><button type='nextPage' text='' onclick=''/></buttonModule><imageModule id='xBfZNk' left='62.78546712802766' top='-0.2763819095475215' width='36.98961937716259' height='13.266331658291453' style=''><image src='/file/serve/347'/></imageModule><choiceModule id='59OccB' left='6.211072664359865' top='15.050251256281381' width='42.006920415224926' height='47.18592964824119' style=''><choice isMulti='true'/><option value='1'>Opcja za 1 punkt</option><option value='0'>Opcja za 0 punktw</option><option value='3'>Opcja za 3 punkty</option><option value='5'>Opcja za 5 punktw</option></choiceModule><buttonModule id='wlzHN4' left='25.588235294117677' top='65.80402010050246' width='10' height='10' style=''><button type='checkAnswers' text='' onclick=''/></buttonModule><buttonModule id='f2rObf' left='37.52595155709345' top='66.30653266331655' width='10' height='10' style=''><button type='reset' text='' onclick=''/></buttonModule></modules></page>",
      "created_date": "2011-09-27 07:55:27"
    }
  },
  {
    "pk": 432,
    "model": "filestorage.filestorage",
    "fields": {
      "owner": 1,
      "modified_date": "2011-09-27 07:55:27",
      "content_type": "text/xml",
      "contents": "<?xml version='1.0' encoding='UTF-8' ?><page><modules><textModule id='ekCUSh' left='5' top='3' width='90' height='7' style='image'><text>&lt;div style=&quot;text-align: center;&quot;&gt;Title&lt;/div&gt;</text></textModule><buttonModule id='u83JgR' left='1' top='93' width='9' height='6' style=''><button type='prevPage' text='' onclick=''/></buttonModule><buttonModule id='Fja3Pv' left='90.34602076124568' top='87.97487437185924' width='9.346020761245676' height='12.03015075376883' style=''><button type='nextPage' text='' onclick=''/></buttonModule><choiceModule id='I85VmD' left='6.903114186851216' top='15.804020100502491' width='51.69550173010384' height='50.20100502512556' style=''><option value='1'>ala. Punkt 1</option><option value='0'>ma</option><option value='0'>kota</option><option value='0'>23</option></choiceModule><buttonModule id='QMkZIZ' left='39.08304498269896' top='84.8994974874374' width='10' height='10' style=''><button type='checkAnswers' text='' onclick=''/></buttonModule><buttonModule id='6RjxjL' left='56.03806228373691' top='85.15075376884441' width='10' height='10' style=''><button type='reset' text='' onclick=''/></buttonModule><imageModule id='tyTdrO' left='65.20761245674744' top='22.839195979899475' width='31.626297577854693' height='36.88442211055277' style=''><image src='/file/serve/342'/></imageModule></modules></page>",
      "created_date": "2011-09-27 07:55:27"
    }
  },
  {
    "pk": 433,
    "model": "filestorage.filestorage",
    "fields": {
      "owner": 1,
      "modified_date": "2011-09-27 07:55:27",
      "content_type": "text/xml",
      "contents": "<?xml version='1.0' encoding='UTF-8' ?><page><modules><textModule id='pqfNxg' left='5' top='3' width='90' height='7' style=''><text>&lt;div style=&quot;text-align: center;&quot;&gt;Title&lt;/div&gt;</text></textModule><buttonModule id='WmHwET' left='1' top='93' width='9' height='6' style=''><button type='prevPage' text='' onclick=''/></buttonModule><buttonModule id='FFRdEB' left='90' top='93' width='9' height='6' style=''><button type='nextPage' text='' onclick=''/></buttonModule><textModule id='X7lqE6' left='5.865051903114189' top='18.316582914572827' width='88.54671280276824' height='70.05025125628136' style=''><text>Wynik {{score.total}} maksymalny {{score.max}}</text></textModule></modules></page>",
      "created_date": "2011-09-27 07:55:27"
    }
  },
  {
    "pk": 434,
    "model": "filestorage.filestorage",
    "fields": {
      "owner": 1,
      "modified_date": "2011-09-27 07:55:27",
      "content_type": "text/xml",
      "contents": "<?xml version=\"1.0\" ?><interactiveContent><pages><page href=\"431\" name=\"new page\"/><page href=\"432\" name=\"page 1\"/><page href=\"433\" name=\"new page\"/></pages><assets><asset href=\"/file/serve/338\"/><asset href=\"/file/serve/340\"/><asset href=\"/file/serve/342\"/><asset href=\"/file/serve/347\"/></assets></interactiveContent>",
      "created_date": "2011-09-27 07:55:27"
    }
  },
  {
    "pk": 436,
    "model": "filestorage.filestorage",
    "fields": {
      "owner": 1,
      "modified_date": "2011-09-29 09:06:39",
      "content_type": "text/xml",
      "contents": "<?xml version='1.0' encoding='UTF-8' ?><page><modules><textModule id='UkXr9o' left='5' top='3' width='90' height='7' style=''><text>&lt;div style=&quot;text-align: center;&quot;&gt;Math notation demo&lt;/div&gt;</text></textModule><buttonModule id='UKWupi' left='0' top='90' width='10' height='10' style=''><button type='prevPage' text='' onclick=''/></buttonModule><buttonModule id='u0AK58' left='90' top='90' width='10' height='10' style=''><button type='nextPage' text='' onclick=''/></buttonModule><textModule id='PQQMt1' left='5.692041522491351' top='16.557788944723587' width='89.58477508650536' height='64.2713567839196' style=''><text>&lt;div&gt;&lt;div style=&quot;text-align: left;&quot;&gt;&amp;nbsp;&amp;nbsp; &amp;nbsp;When \\(a \\ne 0\\), there are two solutions to \\(ax^2 + bx + c = 0\\) and they are&lt;/div&gt;&lt;div style=&quot;text-align: left;&quot;&gt;&amp;nbsp;&amp;nbsp; &amp;nbsp;$$x = {-b \\pm \\sqrt{b^2-4ac} \\over 2a}.$$&lt;/div&gt;&lt;/div&gt;&lt;div&gt;&lt;br&gt;&lt;/div&gt;</text></textModule></modules></page>",
      "created_date": "2011-09-28 16:29:09"
    }
  },
  {
    "pk": 437,
    "model": "filestorage.filestorage",
    "fields": {
      "owner": 1,
      "modified_date": "2011-09-29 09:06:39",
      "content_type": "text/xml",
      "contents": "<?xml version='1.0' encoding='UTF-8' ?><interactiveContent><pages><page name='page 1' href='436'/></pages><assets></assets></interactiveContent>",
      "created_date": "2011-09-28 16:29:09"
    }
  },
  {
    "pk": 439,
    "model": "filestorage.filestorage",
    "fields": {
      "owner": 1,
      "modified_date": "2011-09-29 09:06:35",
      "content_type": "text/xml",
      "contents": "<?xml version='1.0' encoding='UTF-8' ?><page><modules></modules></page>",
      "created_date": "2011-09-29 08:14:58"
    }
  },
  {
    "pk": 477,
    "model": "filestorage.filestorage",
    "fields": {
      "owner": 1,
      "modified_date": "2011-10-11 12:10:48",
      "content_type": "text/xml",
      "contents": "<?xml version='1.0' encoding='UTF-8' ?><page><modules><textModule id='Ah6G7o' left='5' top='3' width='90' height='7' style=''><text>&lt;div style=&quot;text-align: center;&quot;&gt;Title&lt;/div&gt;</text></textModule><buttonModule id='FVMhpm' left='0' top='90' width='10' height='10' style=''><button type='prevPage' text='' onclick=''/></buttonModule><buttonModule id='K2E7Ny' left='90' top='90' width='10' height='10' style=''><button type='nextPage' text='' onclick=''/></buttonModule></modules></page>",
      "created_date": "2011-10-11 12:06:51"
    }
  },
  {
    "pk": 483,
    "model": "filestorage.filestorage",
    "fields": {
      "owner": 1,
      "modified_date": "2011-10-11 12:10:56",
      "content_type": "text/xml",
      "contents": "<?xml version='1.0' encoding='UTF-8' ?><page><modules><textModule id='aRmYu0' left='5' top='3' width='90' height='7' style=''><text>&lt;div style=&quot;text-align: center;&quot;&gt;Title&lt;/div&gt;</text></textModule><buttonModule id='s9OY0D' left='0' top='90' width='10' height='10' style=''><button type='prevPage' text='' onclick=''/></buttonModule><buttonModule id='45udAc' left='90' top='90' width='10' height='10' style=''><button type='nextPage' text='' onclick=''/></buttonModule></modules></page>",
      "created_date": "2011-10-11 12:10:54"
    }
  },
  {
    "pk": 484,
    "model": "filestorage.filestorage",
    "fields": {
      "owner": 1,
      "modified_date": "2011-10-11 12:29:12",
      "content_type": "text/xml",
      "contents": "<?xml version='1.0' encoding='UTF-8' ?><page><modules><textModule id='3rYJeb' left='5' top='3' width='90' height='7' style=''><text>&lt;div style=&quot;text-align: center;&quot;&gt;Title&lt;/div&gt;</text></textModule><buttonModule id='P06VAH' left='0' top='90' width='10' height='10' style=''><button type='prevPage' text='' onclick=''/></buttonModule><buttonModule id='DmKMPc' left='90' top='90' width='10' height='10' style=''><button type='nextPage' text='' onclick=''/></buttonModule></modules></page>",
      "created_date": "2011-10-11 12:27:53"
    }
  },
  {
    "pk": 485,
    "model": "filestorage.filestorage",
    "fields": {
      "owner": 1,
      "modified_date": "2011-10-11 12:32:37",
      "content_type": "text/xml",
      "contents": "<?xml version='1.0' encoding='UTF-8' ?><page><modules><textModule id='oVBVmW' left='5' top='3' width='90' height='7' style=''><text>&lt;div style=&quot;text-align: center;&quot;&gt;Title&lt;/div&gt;</text></textModule><buttonModule id='iR6e4B' left='0' top='90' width='10' height='10' style=''><button type='prevPage' text='' onclick=''/></buttonModule><buttonModule id='ihu02s' left='90' top='90' width='10' height='10' style=''><button type='nextPage' text='' onclick=''/></buttonModule></modules></page>",
      "created_date": "2011-10-11 12:29:25"
    }
  },
  {
    "pk": 486,
    "model": "filestorage.filestorage",
    "fields": {
      "owner": 1,
      "modified_date": "2011-10-11 12:32:37",
      "content_type": "text/xml",
      "contents": "<?xml version='1.0' encoding='UTF-8' ?><page><modules><textModule id='vFs36G' left='5' top='3' width='90' height='7' style=''><text>&lt;div style=&quot;text-align: center;&quot;&gt;Title&lt;/div&gt;</text></textModule><buttonModule id='j2XJzy' left='0' top='90' width='10' height='10' style=''><button type='prevPage' text='' onclick=''/></buttonModule><buttonModule id='hEpLdK' left='90' top='90' width='10' height='10' style=''><button type='nextPage' text='' onclick=''/></buttonModule></modules></page>",
      "created_date": "2011-10-11 07:31:55"
    }
  },
  {
    "pk": 487,
    "model": "filestorage.filestorage",
    "fields": {
      "owner": 1,
      "modified_date": "2011-10-11 07:32:33",
      "content_type": "text/xml",
      "contents": "t.render(c)",
      "created_date": "2011-10-11 07:32:33"
    }
  },
  {
    "pk": 488,
    "model": "filestorage.filestorage",
    "fields": {
      "owner": 1,
      "modified_date": "2011-12-16 08:11:08",
      "content_type": "text/xml",
      "contents": "<?xml version='1.0' encoding='UTF-8' ?><page layout='pixels'><modules><textModule id='RPqZPf' left='28' top='11' width='520' height='27' style=''><text>&lt;div style=&quot;text-align: center;&quot;&gt;Title&lt;/div&gt;</text></textModule><buttonModule id='FDi3XO' left='0' top='358' width='57' height='39' style=''><button type='prevPage' text='' onclick=''/></buttonModule><buttonModule id='pAa1yr' left='520' top='358' width='57' height='39' style=''><button type='nextPage' text='' onclick=''/></buttonModule></modules></page>",
      "created_date": "2011-10-11 07:36:21"
    }
  },
  {
    "pk": 489,
    "model": "filestorage.filestorage",
    "fields": {
      "owner": 1,
      "modified_date": "2011-10-11 07:42:17",
      "content_type": "text/xml",
      "contents": "/file/",
      "created_date": "2011-10-11 07:42:17"
    }
  },
  {
    "pk": 490,
    "model": "filestorage.filestorage",
    "fields": {
      "owner": 1,
      "modified_date": "2011-10-11 07:45:08",
      "content_type": "text/xml",
      "contents": "<?xml version='1.0' encoding='UTF-8' ?><page><modules><buttonModule id='wA7hZ8' left='90' top='90' width='10' height='10' style=''><button type='nextPage' text='' onclick=''/></buttonModule><buttonModule id='gGCSkh' left='0' top='90' width='10' height='10' style=''><button type='prevPage' text='' onclick=''/></buttonModule><textModule id='7jNCiF' left='4.826989619377162' top='3.7437185929648242' width='91.31487889273352' height='7.989949748743725' style=''><text>&lt;div style=&quot;text-align: center;&quot;&gt;Page title&lt;/div&gt;</text></textModule></modules></page>",
      "created_date": "2011-10-11 07:45:08"
    }
  },
  {
    "pk": 491,
    "model": "filestorage.filestorage",
    "fields": {
      "owner": 1,
      "modified_date": "2011-10-11 12:45:27",
      "content_type": "text/xml",
      "contents": "<?xml version='1.0' encoding='UTF-8' ?><page><modules><buttonModule id='wA7hZ8' left='90' top='90' width='10' height='10' style=''><button type='nextPage' text='' onclick=''/></buttonModule><buttonModule id='gGCSkh' left='0' top='90' width='10' height='10' style=''><button type='prevPage' text='' onclick=''/></buttonModule><textModule id='7jNCiF' left='4.826989619377162' top='3.7437185929648242' width='91.31487889273352' height='7.989949748743725' style=''><text>&lt;div style=&quot;text-align: center;&quot;&gt;Page title&lt;/div&gt;</text></textModule></modules></page>",
      "created_date": "2011-10-11 12:45:27"
    }
  },
  {
    "pk": 492,
    "model": "filestorage.filestorage",
    "fields": {
      "owner": 1,
      "modified_date": "2011-10-11 12:45:38",
      "content_type": "text/xml",
      "contents": "<?xml version='1.0' encoding='UTF-8' ?><page><modules><buttonModule id='wA7hZ8' left='90' top='90' width='10' height='10' style=''><button type='nextPage' text='' onclick=''/></buttonModule><buttonModule id='gGCSkh' left='0' top='90' width='10' height='10' style=''><button type='prevPage' text='' onclick=''/></buttonModule><textModule id='7jNCiF' left='4.826989619377162' top='3.7437185929648242' width='91.31487889273352' height='7.989949748743725' style=''><text>&lt;div style=&quot;text-align: center;&quot;&gt;Page title&lt;/div&gt;</text></textModule></modules></page>",
      "created_date": "2011-10-11 12:45:38"
    }
  },
  {
    "pk": 493,
    "model": "filestorage.filestorage",
    "fields": {
      "owner": 1,
      "modified_date": "2011-10-11 07:46:51",
      "content_type": "text/xml",
      "contents": "/file/",
      "created_date": "2011-10-11 07:46:51"
    }
  },
  {
    "pk": 494,
    "model": "filestorage.filestorage",
    "fields": {
      "owner": 1,
      "modified_date": "2011-10-11 07:47:19",
      "content_type": "text/xml",
      "contents": "1",
      "created_date": "2011-10-11 07:47:19"
    }
  },
  {
    "pk": 495,
    "model": "filestorage.filestorage",
    "fields": {
      "owner": 1,
      "modified_date": "2011-10-11 07:47:53",
      "content_type": "text/xml",
      "contents": "197",
      "created_date": "2011-10-11 07:47:53"
    }
  },
  {
    "pk": 496,
    "model": "filestorage.filestorage",
    "fields": {
      "owner": 1,
      "modified_date": "2011-10-11 07:48:10",
      "content_type": "text/xml",
      "contents": "<?xml version='1.0' encoding='UTF-8' ?><page><modules><buttonModule id='wA7hZ8' left='90' top='90' width='10' height='10' style=''><button type='nextPage' text='' onclick=''/></buttonModule><buttonModule id='gGCSkh' left='0' top='90' width='10' height='10' style=''><button type='prevPage' text='' onclick=''/></buttonModule><textModule id='7jNCiF' left='4.826989619377162' top='3.7437185929648242' width='91.31487889273352' height='7.989949748743725' style=''><text>&lt;div style=&quot;text-align: center;&quot;&gt;Page title&lt;/div&gt;</text></textModule></modules></page>",
      "created_date": "2011-10-11 07:48:10"
    }
  },
  {
    "pk": 497,
    "model": "filestorage.filestorage",
    "fields": {
      "owner": 1,
      "modified_date": "2011-12-16 08:11:10",
      "content_type": "text/xml",
      "contents": "<?xml version='1.0' encoding='UTF-8' ?><page layout='pixels'><modules><buttonModule id='wA7hZ8' left='520' top='358' width='57' height='39' style=''><button type='nextPage' text='' onclick=''/></buttonModule><buttonModule id='gGCSkh' left='0' top='358' width='57' height='39' style=''><button type='prevPage' text='' onclick=''/></buttonModule><textModule id='7jNCiF' left='27' top='14' width='527' height='31' style=''><text>&lt;div style=&quot;text-align: center;&quot;&gt;Page title&lt;/div&gt;</text></textModule></modules></page>",
      "created_date": "2011-10-11 12:48:21"
    }
  },
  {
    "pk": 498,
    "model": "filestorage.filestorage",
    "fields": {
      "owner": 1,
      "modified_date": "2011-10-11 12:49:59",
      "content_type": "text/xml",
      "contents": "<?xml version='1.0' encoding='UTF-8' ?><page><modules><textModule id='J4reBx' left='5' top='3' width='90' height='7' style=''><text>&lt;div style=&quot;text-align: center;&quot;&gt;Title&lt;/div&gt;</text></textModule><buttonModule id='vrtadW' left='0' top='90' width='10' height='10' style=''><button type='prevPage' text='' onclick=''/></buttonModule><buttonModule id='VhYK19' left='90' top='90' width='10' height='10' style=''><button type='nextPage' text='' onclick=''/></buttonModule></modules></page>",
      "created_date": "2011-10-11 12:49:07"
    }
  },
  {
    "pk": 499,
    "model": "filestorage.filestorage",
    "fields": {
      "owner": 1,
      "modified_date": "2011-10-11 12:49:58",
      "content_type": "text/xml",
      "contents": "<?xml version='1.0' encoding='UTF-8' ?><page><modules><buttonModule id='wA7hZ8' left='90' top='90' width='10' height='10' style=''><button type='nextPage' text='' onclick=''/></buttonModule><buttonModule id='gGCSkh' left='0' top='90' width='10' height='10' style=''><button type='prevPage' text='' onclick=''/></buttonModule><textModule id='7jNCiF' left='4.826989619377162' top='3.7437185929648242' width='91.31487889273352' height='7.989949748743725' style=''><text>&lt;div style=&quot;text-align: center;&quot;&gt;Page title&lt;/div&gt;</text></textModule></modules></page>",
      "created_date": "2011-10-11 12:49:19"
    }
  },
  {
    "pk": 500,
    "model": "filestorage.filestorage",
    "fields": {
      "owner": 1,
      "modified_date": "2011-10-11 12:53:19",
      "content_type": "text/xml",
      "contents": "<?xml version='1.0' encoding='UTF-8' ?><page><modules><buttonModule id='wA7hZ8' left='90' top='90' width='10' height='10' style=''><button type='nextPage' text='' onclick=''/></buttonModule><buttonModule id='gGCSkh' left='0' top='90' width='10' height='10' style=''><button type='prevPage' text='' onclick=''/></buttonModule><textModule id='7jNCiF' left='4.826989619377162' top='3.7437185929648242' width='91.31487889273352' height='7.989949748743725' style=''><text>&lt;div style=&quot;text-align: center;&quot;&gt;Page title&lt;/div&gt;</text></textModule></modules></page>",
      "created_date": "2011-10-11 12:49:59"
    }
  },
  {
    "pk": 501,
    "model": "filestorage.filestorage",
    "fields": {
      "owner": 1,
      "modified_date": "2011-11-29 10:00:41",
      "content_type": "text/xml",
      "contents": "<?xml version='1.0' encoding='UTF-8' ?><page layout='pixels'><modules><buttonModule id='wA7hZ8' left='522' top='360' width='58' height='40' style=''><button type='nextPage' text='' onclick=''/></buttonModule><buttonModule id='gGCSkh' left='0' top='360' width='58' height='40' style=''><button type='prevPage' text='' onclick=''/></buttonModule><textModule id='7jNCiF' left='27' top='14' width='529' height='31' style=''><text>&lt;div style=&quot;text-align: center;&quot;&gt;Page title&lt;/div&gt;</text></textModule><choiceModule id='Le1Viu' left='98' top='55' width='321' height='274' style=''><choice isMulti='true'/><option value='1'>Opcja za 1 punkt</option><option value='0'>Opcja za 0</option><option value='3'>Opcja za 3</option><option value='0'>Opcja za 0</option></choiceModule><buttonModule id='twk1Xz' left='96' top='346' width='58' height='40' style=''><button type='checkAnswers' text='' onclick=''/></buttonModule></modules></page>",
      "created_date": "2011-10-11 12:51:26"
    }
  },
  {
    "pk": 502,
    "model": "filestorage.filestorage",
    "fields": {
      "owner": 1,
      "modified_date": "2011-11-29 10:00:43",
      "content_type": "text/xml",
      "contents": "<?xml version='1.0' encoding='UTF-8' ?><page layout='pixels'><modules><imageModule id='CzXEtA' left='134' top='64' width='364' height='274' style=''><image src='/file/serve/6'/></imageModule><buttonModule id='wA7hZ8' left='514' top='354' width='58' height='40' style=''><button type='nextPage' text='' onclick=''/></buttonModule><imageModule id='b9N5P1' left='18' top='339' width='58' height='40' style=''><image src='/file/serve/181'/></imageModule></modules></page>",
      "created_date": "2011-10-11 12:52:13"
    }
  },
  {
    "pk": 503,
    "model": "filestorage.filestorage",
    "fields": {
      "owner": 1,
      "modified_date": "2011-10-11 12:53:18",
      "content_type": "text/xml",
      "contents": "<?xml version='1.0' encoding='UTF-8' ?><page><modules><imageModule id='CzXEtA' left='23.11935318275154' top='16.17031463748289' width='62.76257700205349' height='68.52963976288191' style=''><image src='/file/serve/6'/></imageModule><buttonModule id='wA7hZ8' left='88.625' top='88.50000000000011' width='10' height='10' style=''><button type='nextPage' text='' onclick=''/></buttonModule><imageModule id='b9N5P1' left='3.125' top='84.99999999999996' width='10' height='10' style=''><image src='/file/serve/181'/></imageModule></modules></page>",
      "created_date": "2011-10-11 12:53:15"
    }
  },
  {
    "pk": 539,
    "model": "filestorage.filestorage",
    "fields": {
      "owner": 1,
      "modified_date": "2011-10-13 14:10:36",
      "content_type": "text/xml",
      "contents": "<?xml version='1.0' encoding='UTF-8' ?><page><modules><textModule id='9egV7l' left='5' top='3' width='90' height='7' style=''><text>&lt;div style=&quot;text-align: center;&quot;&gt;Titlesdfsdf&lt;/div&gt;</text></textModule><buttonModule id='FVR2zv' left='0' top='90' width='10' height='10' style=''><button type='prevPage' text='' onclick=''/></buttonModule><buttonModule id='vBEtpY' left='90' top='90' width='10' height='10' style=''><button type='nextPage' text='' onclick=''/></buttonModule><imageModule id='hzDxFl' left='15.899653979238776' top='14.547738693467359' width='71.24567474048446' height='71.80904522613075' style=''><image src='/file/serve/543'/></imageModule></modules></page>",
      "created_date": "2011-10-12 14:12:49"
    }
  },
  {
    "pk": 540,
    "model": "filestorage.filestorage",
    "fields": {
      "owner": 1,
      "modified_date": "2011-10-13 12:37:42",
      "content_type": "text/xml",
      "contents": "<?xml version='1.0' encoding='UTF-8' ?><page><modules><textModule id='Lzw6Nq' left='5' top='3' width='90' height='7' style=''><text>&lt;div style=&quot;text-align: center;&quot;&gt;Titlego&lt;/div&gt;</text></textModule><buttonModule id='KA65Mg' left='0' top='90' width='10' height='10' style=''><button type='prevPage' text='' onclick=''/></buttonModule><buttonModule id='fKj21Y' left='90' top='90' width='10' height='10' style=''><button type='nextPage' text='' onclick=''/></buttonModule><choiceModule id='x8Kz8d' left='56.0380622837369' top='18.567839195979897' width='38.89273356401385' height='49.195979899497466' style=''><choice isMulti='true'/><option value='0'>ala</option></choiceModule><choiceModule id='XRZG6j' left='2.750865051903105' top='11.78391959798999' width='45.986159169550184' height='58.241206030150735' style=''><option value='0'>sdfsf</option><option value='0'>sfsfd</option></choiceModule><choiceModule id='tJD7W0' left='26.1072664359862' top='19.07035175879399' width='45.986159169550184' height='58.241206030150735' style=''><option value='0'>sdfsf</option><option value='0'>sfsfd</option></choiceModule><choiceModule id='L6Uh0r' left='15.380622837370257' top='27.110552763819086' width='45.986159169550184' height='58.241206030150735' style=''><option value='0'>Opcja 1</option><option value='0'>sfsfd</option></choiceModule></modules></page>",
      "created_date": "2011-10-12 14:15:05"
    }
  },
  {
    "pk": 541,
    "model": "filestorage.filestorage",
    "fields": {
      "owner": 1,
      "modified_date": "2011-10-13 13:40:02",
      "content_type": "text/xml",
      "contents": "<?xml version='1.0' encoding='UTF-8' ?><page><modules><textModule id='LPpf8r' left='5' top='3' width='90' height='7' style=''><text>&lt;div style=&quot;text-align: center;&quot;&gt;Title&lt;/div&gt;</text></textModule><buttonModule id='gZ7nHB' left='0' top='90' width='10' height='10' style=''><button type='prevPage' text='' onclick=''/></buttonModule><buttonModule id='DfnBvs' left='90' top='90' width='10' height='10' style=''><button type='nextPage' text='' onclick=''/></buttonModule><youtubeModule id='9c2Wv4' left='10.017301038062289' top='9.271356783919593' width='79.55017301038069' height='82.61306532663333' style=''><video id='u39rCNFWDEA'/></youtubeModule></modules></page>",
      "created_date": "2011-10-13 12:37:42"
    }
  },
  {
    "pk": 544,
    "model": "filestorage.filestorage",
    "fields": {
      "owner": 1,
      "modified_date": "2011-10-13 13:40:05",
      "content_type": "text/xml",
      "contents": "<?xml version='1.0' encoding='UTF-8' ?><page><modules><textModule id='iHGYhN' left='5' top='3' width='90' height='7' style=''><text>&lt;div style=&quot;text-align: center;&quot;&gt;Title&lt;/div&gt;</text></textModule><buttonModule id='dThKyx' left='0' top='90' width='10' height='10' style=''><button type='prevPage' text='' onclick=''/></buttonModule><buttonModule id='PeGGoP' left='90' top='90' width='10' height='10' style=''><button type='nextPage' text='' onclick=''/></buttonModule></modules></page>",
      "created_date": "2011-10-13 13:40:02"
    }
  },
  {
    "pk": 545,
    "model": "filestorage.filestorage",
    "fields": {
      "owner": 1,
      "modified_date": "2011-12-16 10:23:44",
      "content_type": "text/xml",
      "contents": "<?xml version='1.0' encoding='UTF-8' ?><page layout='pixels'><modules><textModule id='acYJgZ' left='28' top='11' width='520' height='27' style=''><text>&lt;div style=&quot;text-align: center;&quot;&gt;Title&lt;/div&gt;</text></textModule><buttonModule id='Kk5WDs' left='0' top='358' width='57' height='39' style=''><button type='prevPage' text='' onclick=''/></buttonModule><buttonModule id='u8KDZu' left='520' top='358' width='57' height='39' style=''><button type='nextPage' text='' onclick=''/></buttonModule><imageModule id='fGHfj5' left='58' top='67' width='226' height='178' style=''><image src='/file/serve/600'/></imageModule><youtubeModule id='QjKfLR' left='395' top='74' width='100' height='100' style=''><video id=''/></youtubeModule><youtubeModule id='Cp2o4F' left='374' top='202' width='100' height='100' style=''><video id=''/></youtubeModule></modules></page>",
      "created_date": "2011-10-17 11:28:48"
    }
  },
  {
    "pk": 546,
    "model": "filestorage.filestorage",
    "fields": {
      "owner": 1,
      "modified_date": "2011-12-16 10:23:44",
      "content_type": "text/xml",
      "contents": "<?xml version='1.0' encoding='UTF-8' ?><interactiveContent><metadata><entry key='theme.href' value='/file/199'/></metadata><libs></libs><style>.ic_page{\n\twidth:\t578px;\n\theight:\t398px;\n\tbackground-image:url(&apos;/file/serve/308&apos;);\n\tfont-size: 18px;\n\tcolor: #72500e;\n\tborder: 1px solid #72500e;\n}\n\n.ic_button_nextpage{\n\tbackground-image\t:url(&apos;/file/serve/480&apos;);\n\tbackground-repeat\t:no-repeat;\n\tbackground-position\t:center;\n \t}\n\n.ic_button_prevpage{\n\tbackground-image\t:url(&apos;/file/serve/482&apos;);\n\tbackground-repeat\t:no-repeat;\n\tbackground-position\t:center;\n \t}\n\n</style><pages><page name='page 1' href='545'/><page name='new page' href='620'/></pages><assets><asset href='/file/serve/600'/></assets></interactiveContent>",
      "created_date": "2011-10-17 11:28:48"
    }
  },
  {
    "pk": 549,
    "model": "filestorage.filestorage",
    "fields": {
      "owner": 1,
      "modified_date": "2011-10-17 12:13:26",
      "content_type": "text/xml",
      "contents": "<?xml version='1.0' encoding='UTF-8' ?><page><modules><textModule id='DMknTe' left='5' top='3' width='90' height='7' style=''><text>&lt;div style=&quot;text-align: center;&quot;&gt;Title&lt;/div&gt;</text></textModule><buttonModule id='ugciFj' left='0' top='90' width='10' height='10' style=''><button type='prevPage' text='' onclick=''/></buttonModule><buttonModule id='ZK0iWf' left='90' top='90' width='10' height='10' style=''><button type='nextPage' text='' onclick=''/></buttonModule></modules></page>",
      "created_date": "2011-10-17 12:13:24"
    }
  },
  {
    "pk": 550,
    "model": "filestorage.filestorage",
    "fields": {
      "owner": 1,
      "modified_date": "2011-10-17 12:13:26",
      "content_type": "text/xml",
      "contents": "<?xml version='1.0' encoding='UTF-8' ?><interactiveContent><metadata></metadata><libs></libs><pages><page name='page 1' href='549'/></pages><assets></assets></interactiveContent>",
      "created_date": "2011-10-17 12:13:24"
    }
  },
  {
    "pk": 581,
    "model": "filestorage.filestorage",
    "fields": {
      "owner": 1,
      "modified_date": "2011-10-17 14:30:04",
      "content_type": "text/xml",
      "contents": "<?xml version='1.0' encoding='UTF-8' ?><page><modules><textModule id='Vw5A4m' left='5' top='3' width='90' height='7' style=''><text>&lt;div style=&quot;text-align: center;&quot;&gt;Title&lt;/div&gt;</text></textModule><buttonModule id='ZxrG2W' left='0' top='90' width='10' height='10' style=''><button type='prevPage' text='' onclick=''/></buttonModule><buttonModule id='LspTdl' left='90' top='90' width='10' height='10' style=''><button type='nextPage' text='' onclick=''/></buttonModule></modules></page>",
      "created_date": "2011-10-17 14:30:01"
    }
  },
  {
    "pk": 582,
    "model": "filestorage.filestorage",
    "fields": {
      "owner": 1,
      "modified_date": "2011-10-17 14:30:04",
      "content_type": "text/xml",
      "contents": "<?xml version='1.0' encoding='UTF-8' ?><interactiveContent><metadata></metadata><libs></libs><pages><page name='page 1' href='581'/></pages><assets></assets></interactiveContent>",
      "created_date": "2011-10-17 14:30:01"
    }
  },
  {
    "pk": 585,
    "model": "filestorage.filestorage",
    "fields": {
      "owner": 1,
      "modified_date": "2011-10-17 15:05:57",
      "content_type": "text/xml",
      "contents": "<?xml version='1.0' encoding='UTF-8' ?><page><modules><textModule id='9egV7l' left='5' top='3' width='90' height='7' style=''><text>&lt;div style=&quot;text-align: center;&quot;&gt;Titlesdfsdf&lt;/div&gt;</text></textModule><buttonModule id='FVR2zv' left='0' top='90' width='10' height='10' style=''><button type='prevPage' text='' onclick=''/></buttonModule><buttonModule id='vBEtpY' left='90' top='90' width='10' height='10' style=''><button type='nextPage' text='' onclick=''/></buttonModule><imageModule id='hzDxFl' left='15.899653979238776' top='14.547738693467359' width='71.24567474048446' height='71.80904522613075' style=''><image src='/file/serve/543'/></imageModule></modules></page>",
      "created_date": "2011-10-17 15:05:57"
    }
  },
  {
    "pk": 586,
    "model": "filestorage.filestorage",
    "fields": {
      "owner": 1,
      "modified_date": "2011-10-17 15:05:57",
      "content_type": "text/xml",
      "contents": "<?xml version='1.0' encoding='UTF-8' ?><page><modules><textModule id='Lzw6Nq' left='5' top='3' width='90' height='7' style=''><text>&lt;div style=&quot;text-align: center;&quot;&gt;Titlego&lt;/div&gt;</text></textModule><buttonModule id='KA65Mg' left='0' top='90' width='10' height='10' style=''><button type='prevPage' text='' onclick=''/></buttonModule><buttonModule id='fKj21Y' left='90' top='90' width='10' height='10' style=''><button type='nextPage' text='' onclick=''/></buttonModule><choiceModule id='x8Kz8d' left='56.0380622837369' top='18.567839195979897' width='38.89273356401385' height='49.195979899497466' style=''><choice isMulti='true'/><option value='0'>ala</option></choiceModule><choiceModule id='XRZG6j' left='2.750865051903105' top='11.78391959798999' width='45.986159169550184' height='58.241206030150735' style=''><option value='0'>sdfsf</option><option value='0'>sfsfd</option></choiceModule><choiceModule id='tJD7W0' left='26.1072664359862' top='19.07035175879399' width='45.986159169550184' height='58.241206030150735' style=''><option value='0'>sdfsf</option><option value='0'>sfsfd</option></choiceModule><choiceModule id='L6Uh0r' left='15.380622837370257' top='27.110552763819086' width='45.986159169550184' height='58.241206030150735' style=''><option value='0'>Opcja 1</option><option value='0'>sfsfd</option></choiceModule></modules></page>",
      "created_date": "2011-10-17 15:05:57"
    }
  },
  {
    "pk": 587,
    "model": "filestorage.filestorage",
    "fields": {
      "owner": 1,
      "modified_date": "2011-10-17 15:05:57",
      "content_type": "text/xml",
      "contents": "<?xml version='1.0' encoding='UTF-8' ?><page><modules><textModule id='LPpf8r' left='5' top='3' width='90' height='7' style=''><text>&lt;div style=&quot;text-align: center;&quot;&gt;Title&lt;/div&gt;</text></textModule><buttonModule id='gZ7nHB' left='0' top='90' width='10' height='10' style=''><button type='prevPage' text='' onclick=''/></buttonModule><buttonModule id='DfnBvs' left='90' top='90' width='10' height='10' style=''><button type='nextPage' text='' onclick=''/></buttonModule><youtubeModule id='9c2Wv4' left='10.017301038062289' top='9.271356783919593' width='79.55017301038069' height='82.61306532663333' style=''><video id='u39rCNFWDEA'/></youtubeModule></modules></page>",
      "created_date": "2011-10-17 15:05:57"
    }
  },
  {
    "pk": 588,
    "model": "filestorage.filestorage",
    "fields": {
      "owner": 1,
      "modified_date": "2011-10-17 15:05:57",
      "content_type": "text/xml",
      "contents": "<?xml version=\"1.0\" ?><interactiveContent><metadata/><pages><page href=\"585\" name=\"new page\"/><page href=\"586\" name=\"page 2\"/><page href=\"587\" name=\"new page\"/></pages><assets><asset href=\"/file/serve/543\"/></assets></interactiveContent>",
      "created_date": "2011-10-17 15:05:57"
    }
  },
  {
    "pk": 597,
    "model": "filestorage.filestorage",
    "fields": {
      "owner": 1,
      "modified_date": "2011-11-22 12:23:01",
      "content_type": "text/xml",
      "contents": "<?xml version='1.0' encoding='UTF-8' ?><page><modules><textModule id='uUwQ6f' left='5' top='3' width='90' height='7' style=''><text>&lt;div style=&quot;text-align: center;&quot;&gt;Page 2&lt;/div&gt;</text></textModule><buttonModule id='sgAjqp' left='0' top='90' width='10' height='10' style=''><button type='prevPage' text='' onclick=''/></buttonModule><buttonModule id='GhK6BP' left='90' top='90' width='10' height='10' style=''><button type='nextPage' text='' onclick=''/></buttonModule><buttonModule id='7cJEoZ' left='45.65743944636677' top='40.42713567839196' width='10' height='10' style=''><button type='gotoPage' text='' onclick='page 3'/></buttonModule></modules></page>",
      "created_date": "2011-11-22 12:18:28"
    }
  },
  {
    "pk": 598,
    "model": "filestorage.filestorage",
    "fields": {
      "owner": 1,
      "modified_date": "2011-11-22 12:22:55",
      "content_type": "text/xml",
      "contents": "<?xml version='1.0' encoding='UTF-8' ?><page><modules><textModule id='kDxEhd' left='5' top='3' width='90' height='7' style=''><text>&lt;div style=&quot;text-align: center;&quot;&gt;Page 3&lt;br&gt;&lt;/div&gt;</text></textModule><buttonModule id='ee0TKc' left='0' top='90' width='10' height='10' style=''><button type='prevPage' text='' onclick=''/></buttonModule><buttonModule id='CjBy3e' left='90' top='90' width='10' height='10' style=''><button type='nextPage' text='' onclick=''/></buttonModule><buttonModule id='7ZDz64' left='41.3321799307958' top='36.90954773869349' width='10' height='10' style=''><button type='gotoPage' text='' onclick='page2'/></buttonModule></modules></page>",
      "created_date": "2011-11-22 12:21:31"
    }
  },
  {
    "pk": 601,
    "model": "filestorage.filestorage",
    "fields": {
      "owner": 1,
      "modified_date": "2011-11-24 08:21:40",
      "content_type": "text/xml",
      "contents": "<?xml version='1.0' encoding='UTF-8' ?><page><modules><textModule id='H1Qmr6' left='5' top='3' width='90' height='7' style=''><text>&lt;div style=&quot;text-align: center;&quot;&gt;Title&lt;/div&gt;</text></textModule><buttonModule id='LuXv3h' left='0' top='90' width='10' height='10' style=''><button type='prevPage' text='' onclick=''/></buttonModule><buttonModule id='ob0OAz' left='90' top='90' width='10' height='10' style=''><button type='nextPage' text='' onclick=''/></buttonModule><imageModule id='5N8A6v' left='6.9031141868512' top='18.567839195979918' width='45.2941176470588' height='45.17587939698494' style=''><image src='/file/serve/606'/></imageModule></modules></page>",
      "created_date": "2011-11-23 11:07:31"
    }
  },
  {
    "pk": 602,
    "model": "filestorage.filestorage",
    "fields": {
      "owner": 1,
      "modified_date": "2011-11-23 12:35:29",
      "content_type": "text/xml",
      "contents": "<?xml version='1.0' encoding='UTF-8' ?><interactiveContent><metadata></metadata><libs></libs><pages><page name='page 1' href='601'/><page name='new page' href='607'/></pages><assets><asset href='/file/serve/606'/><asset href='/file/serve/609'/></assets></interactiveContent>",
      "created_date": "2011-11-23 11:07:31"
    }
  },
  {
    "pk": 607,
    "model": "filestorage.filestorage",
    "fields": {
      "owner": 1,
      "modified_date": "2011-11-24 08:21:42",
      "content_type": "text/xml",
      "contents": "<?xml version='1.0' encoding='UTF-8' ?><page><modules><textModule id='DuQvAU' left='5' top='3' width='90' height='7' style=''><text>&lt;div style=&quot;text-align: center;&quot;&gt;Title&lt;/div&gt;</text></textModule><buttonModule id='m9Ve2M' left='0' top='90' width='10' height='10' style=''><button type='prevPage' text='' onclick=''/></buttonModule><buttonModule id='ea8R9o' left='90' top='90' width='10' height='10' style=''><button type='nextPage' text='' onclick=''/></buttonModule><imageModule id='UP9mO9' left='15.207612456747395' top='14.045226130653294' width='69.8615916955018' height='80.60301507537702' style=''><image src='/file/serve/609'/></imageModule></modules></page>",
      "created_date": "2011-11-23 12:34:56"
    }
  },
  {
    "pk": 610,
    "model": "filestorage.filestorage",
    "fields": {
      "owner": 1,
      "modified_date": "2011-11-29 08:56:24",
      "content_type": "text/xml",
      "contents": "<?xml version='1.0' encoding='UTF-8' ?><page><modules><textModule id='3aWwP0' left='3.75' top='7.1666666666666305' width='90' height='7' style=''><text>&lt;div style=&quot;text-align: center;&quot;&gt;Title&lt;/div&gt;</text></textModule><buttonModule id='OtcA8e' left='1' top='93' width='9' height='6' style=''><button type='prevPage' text=''/></buttonModule><buttonModule id='Lxuuli' left='90' top='93' width='9' height='6' style=''><button type='nextPage' text=''/></buttonModule><choiceModule id='EhOvy2' left='5.25' top='23.333333333333343' width='20.75' height='22.833333333333318' style=''><option value='3'>asdasdasd</option></choiceModule><imageModule id='eSXc0M' left='42.375' top='19.166666666666632' width='51.5' height='69.16666666666674' style=''><image src='/file/serve/85'/></imageModule></modules></page>",
      "created_date": "2011-11-29 08:56:24"
    }
  },
  {
    "pk": 611,
    "model": "filestorage.filestorage",
    "fields": {
      "owner": 1,
      "modified_date": "2011-11-29 08:56:24",
      "content_type": "text/xml",
      "contents": "<?xml version='1.0' encoding='UTF-8' ?><page><modules><textModule id='MUwVEQ' left='5' top='3' width='90' height='7' style=''><text>&lt;div style=&quot;text-align: center;&quot;&gt;Title&lt;/div&gt;</text></textModule><buttonModule id='JNvA86' left='1' top='93' width='9' height='6' style=''><button type='prevPage' text=''/></buttonModule><buttonModule id='o7BtAv' left='90' top='93' width='9' height='6' style=''><button type='nextPage' text=''/></buttonModule><imageModule id='9JGgBz' left='15.375' top='22.33333333333334' width='52' height='58.499999999999964' style=''><image src='/file/serve/155'/></imageModule></modules></page>",
      "created_date": "2011-11-29 08:56:24"
    }
  },
  {
    "pk": 612,
    "model": "filestorage.filestorage",
    "fields": {
      "owner": 1,
      "modified_date": "2011-11-29 08:56:24",
      "content_type": "text/xml",
      "contents": "<?xml version=\"1.0\" encoding=\"utf-8\"?><interactiveContent><style>.ic_page{\n\twidth:\t580px;\n\theight: 600px;\n\tfont-family: Verdana, Arial, sans-serif;\n\tbackground-color:black;\n\tbackground-image:none;\n\tcolor: white;\n\tfont-size: 18px;\n}\n\n\n.ic_button_nextpage{\n\tbackground-image\t:url(&amp;apos;/media/content/next_page.gif&amp;apos;);\n\tbackground-repeat\t:no-repeat;\n\tbackground-position\t:center;\n \t}\n\n\n.ic_button_nextpage-down-hovering{\n\tbackground-image\t:url(&amp;apos;/media/content/next_page_down.gif&amp;apos;);\n}\n\n\n.ic_button_nextpage-up-disabled{\n\tbackground-image\t:none;\n}\n\n\n.ic_button_prevpage{\n\tbackground-image\t:url(&amp;apos;/media/content/prev_page.gif&amp;apos;);\n\tbackground-repeat\t:no-repeat;\n\tbackground-position\t:center;\n \t}\n\n\n.ic_button_prevpage-down-hovering{\n\tbackground-image\t:url(&amp;apos;/media/content/prev_page_down.gif&amp;apos;);\n}\n\n\n.ic_button_prevpage-up-disabled{\n\tbackground-image\t:none;\n}\n\n</style><pages><page href=\"610\" name=\"page 1\"/><page href=\"611\" name=\"new page\"/></pages><assets><asset href=\"null\"/></assets></interactiveContent>",
      "created_date": "2011-11-29 08:56:24"
    }
  },
  {
    "pk": 615,
    "model": "filestorage.filestorage",
    "fields": {
      "owner": 1,
      "modified_date": "2011-12-05 16:32:43",
      "content_type": "text/xml",
      "contents": "<?xml version='1.0' encoding='UTF-8' ?><page layout='pixels'><modules><textModule id='xg6DsX' left='28' top='11' width='520' height='27' style=''><text>&lt;div style=&quot;text-align: center;&quot;&gt;Title&lt;/div&gt;</text></textModule><buttonModule id='P5x2N7' left='8' top='1266' width='52' height='23' style=''><button type='prevPage' text='' onclick=''/></buttonModule><buttonModule id='bvajZc' left='518' top='1267' width='52' height='23' style=''><button type='nextPage' text='' onclick=''/></buttonModule><imageModule id='VVcJcU' left='100' top='170' width='392' height='277' style=''><image src='/file/serve/321'/></imageModule><textModule id='sgeqMW' left='47' top='50' width='264' height='91' style=''><text>To jest &lt;a href=&quot;#page%202&quot;&gt;link do strony 2&lt;/a&gt;&lt;br&gt;</text></textModule><buttonModule id='DAQuyC' left='431' top='520' width='49' height='46' style=''><button type='nextPage' text='' onclick=''/></buttonModule></modules></page>",
      "created_date": "2011-11-29 08:58:04"
    }
  },
  {
    "pk": 616,
    "model": "filestorage.filestorage",
    "fields": {
      "owner": 1,
      "modified_date": "2011-12-05 16:32:43",
      "content_type": "text/xml",
      "contents": "<?xml version='1.0' encoding='UTF-8' ?><interactiveContent><metadata><entry key='theme.href' value='/file/199'/></metadata><libs></libs><style>.ic_page{\n\twidth:\t578px;\n\theight: 1298px;\n\tbackground-image:url(&apos;/file/serve/308&apos;);\n\tfont-size: 18px;\n\tcolor: #72500e;\n\tborder: 1px solid #72500e;\n}\n\n.ic_button_nextpage{\n\tbackground-image\t:url(&apos;/file/serve/480&apos;);\n\tbackground-repeat\t:no-repeat;\n\tbackground-position\t:center;\n \t}\n\n.ic_button_prevpage{\n\tbackground-image\t:url(&apos;/file/serve/482&apos;);\n\tbackground-repeat\t:no-repeat;\n\tbackground-position\t:center;\n \t}\n\n</style><pages><page name='page 1' href='615'/><page name='page 2' href='619'/></pages><assets><asset href='/file/serve/321'/></assets></interactiveContent>",
      "created_date": "2011-11-29 08:58:04"
    }
  },
  {
    "pk": 619,
    "model": "filestorage.filestorage",
    "fields": {
      "owner": 1,
      "modified_date": "2011-12-05 15:09:48",
      "content_type": "text/xml",
      "contents": "<?xml version='1.0' encoding='UTF-8' ?><page layout='pixels'><modules><textModule id='PMphWa' left='127' top='95' width='266' height='90' style=''><text>Page 2&lt;br&gt;</text></textModule><buttonModule id='I6vArW' left='1' top='1252' width='70' height='45' style=''><button type='prevPage' text='' onclick=''/></buttonModule><buttonModule id='pO4YZk' left='500' top='1237' width='75' height='57' style=''><button type='nextPage' text='' onclick=''/></buttonModule></modules></page>",
      "created_date": "2011-11-29 13:56:19"
    }
  },
  {
    "pk": 620,
    "model": "filestorage.filestorage",
    "fields": {
      "owner": 1,
      "modified_date": "2011-12-16 10:23:37",
      "content_type": "text/xml",
      "contents": "<?xml version='1.0' encoding='UTF-8' ?><page layout='pixels'><modules><buttonModule id='wA7hZ8' left='520' top='358' width='57' height='39' style=''><button type='nextPage' text='' onclick=''/></buttonModule><buttonModule id='gGCSkh' left='0' top='358' width='57' height='39' style=''><button type='prevPage' text='' onclick=''/></buttonModule><textModule id='7jNCiF' left='27' top='14' width='527' height='31' style=''><text>&lt;div style=&quot;text-align: center;&quot;&gt;Page title&lt;/div&gt;</text></textModule><imageModule id='qexAaU' left='67' top='92' width='226' height='178' style=''><image src='/file/serve/600'/></imageModule><youtubeModule id='qHWa9d' left='395' top='74' width='100' height='100' style=''><video id=''/></youtubeModule><youtubeModule id='hS4SsU' left='374' top='202' width='100' height='100' style=''><video id=''/></youtubeModule></modules></page>",
      "created_date": "2011-12-16 10:22:48"
    }
  },
  {
    "pk": 674,
    "model": "filestorage.filestorage",
    "fields": {
      "owner": 1,
      "modified_date": "2011-12-19 12:08:44",
      "content_type": "text/xml",
      "contents": "<?xml version='1.0' encoding='UTF-8' ?> \n\n<page>\n\t<modules> \n\t\n\t\t<textModule left=\"5\" top=\"3\" width=\"90\" height=\"7\" style=\"\">\n\t\t\t<text>&lt;div style=&quot;text-align: center;&quot;&gt;Title&lt;/div&gt;</text>\n\t\t</textModule>\t\n\t\t<buttonModule left=\"0\" top=\"90\" width=\"10\" height=\"10\" style=\"\">\n\t\t\t<button type=\"prevPage\" text=\"\"/>\n\t\t</buttonModule>\n\t\t<buttonModule left=\"90\" top=\"90\" width=\"10\" height=\"10\" style=\"\">\n\t\t\t<button type=\"nextPage\" text=\"\"/>\n\t\t</buttonModule>\n    </modules> \n</page>\n",
      "created_date": "2011-12-19 12:08:44"
    }
  },
  {
    "pk": 675,
    "model": "filestorage.filestorage",
    "fields": {
      "owner": 1,
      "modified_date": "2011-12-19 12:08:44",
      "content_type": "text/xml",
      "contents": "<?xml version='1.0' encoding='UTF-8' ?>\n<interactiveContent>\n\n\t<style href=\"/media/content/styles/default/content.css\"/>\n\t\n\t<pages>\n    \t<page name='page 1' href='674'/> \n    </pages>\n</interactiveContent>",
      "created_date": "2011-12-19 12:08:44"
    }
  },
  {
    "pk": 678,
    "model": "filestorage.filestorage",
    "fields": {
      "owner": 1,
      "modified_date": "2011-12-19 12:24:40",
      "content_type": "text/xml",
      "contents": "<?xml version='1.0' encoding='UTF-8' ?> \n\n<page>\n\t<modules> \n\t\n\t\t<textModule left=\"5\" top=\"3\" width=\"90\" height=\"7\" style=\"\">\n\t\t\t<text>&lt;div style=&quot;text-align: center;&quot;&gt;Title&lt;/div&gt;</text>\n\t\t</textModule>\t\n\t\t<buttonModule left=\"0\" top=\"90\" width=\"10\" height=\"10\" style=\"\">\n\t\t\t<button type=\"prevPage\" text=\"\"/>\n\t\t</buttonModule>\n\t\t<buttonModule left=\"90\" top=\"90\" width=\"10\" height=\"10\" style=\"\">\n\t\t\t<button type=\"nextPage\" text=\"\"/>\n\t\t</buttonModule>\n    </modules> \n</page>\n",
      "created_date": "2011-12-19 12:24:40"
    }
  },
  {
    "pk": 679,
    "model": "filestorage.filestorage",
    "fields": {
      "owner": 1,
      "modified_date": "2011-12-19 12:24:40",
      "content_type": "text/xml",
      "contents": "<?xml version='1.0' encoding='UTF-8' ?>\n<interactiveContent>\n\n\t<style href=\"/media/content/styles/default/content.css\"/>\n\t\n\t<pages>\n    \t<page name='page 1' href='678'/> \n    </pages>\n</interactiveContent>",
      "created_date": "2011-12-19 12:24:40"
    }
  },
  {
    "pk": 682,
    "model": "filestorage.filestorage",
    "fields": {
      "owner": 1,
      "modified_date": "2011-12-19 12:48:10",
      "content_type": "text/xml",
      "contents": "<?xml version='1.0' encoding='UTF-8' ?> \n\n<page>\n\t<modules> \n\t\n\t\t<textModule left=\"5\" top=\"3\" width=\"90\" height=\"7\" style=\"\">\n\t\t\t<text>&lt;div style=&quot;text-align: center;&quot;&gt;Title&lt;/div&gt;</text>\n\t\t</textModule>\t\n\t\t<buttonModule left=\"0\" top=\"90\" width=\"10\" height=\"10\" style=\"\">\n\t\t\t<button type=\"prevPage\" text=\"\"/>\n\t\t</buttonModule>\n\t\t<buttonModule left=\"90\" top=\"90\" width=\"10\" height=\"10\" style=\"\">\n\t\t\t<button type=\"nextPage\" text=\"\"/>\n\t\t</buttonModule>\n    </modules> \n</page>\n",
      "created_date": "2011-12-19 12:48:10"
    }
  },
  {
    "pk": 683,
    "model": "filestorage.filestorage",
    "fields": {
      "owner": 1,
      "modified_date": "2011-12-19 12:48:10",
      "content_type": "text/xml",
      "contents": "<?xml version='1.0' encoding='UTF-8' ?>\n<interactiveContent>\n\n\t<style href=\"/media/content/styles/default/content.css\"/>\n\t\n\t<pages>\n    \t<page name='page 1' href='682'/> \n    </pages>\n</interactiveContent>",
      "created_date": "2011-12-19 12:48:10"
    }
  },
  {
    "pk": 694,
    "model": "filestorage.filestorage",
    "fields": {
      "owner": 1,
      "modified_date": "2011-12-19 15:09:54",
      "content_type": "text/xml",
      "contents": "<?xml version='1.0' encoding='UTF-8' ?> \n\n<page>\n\t<modules> \n\t\n\t\t<textModule left=\"5\" top=\"3\" width=\"90\" height=\"7\" style=\"\">\n\t\t\t<text>&lt;div style=&quot;text-align: center;&quot;&gt;Title&lt;/div&gt;</text>\n\t\t</textModule>\t\n\t\t<buttonModule left=\"0\" top=\"90\" width=\"10\" height=\"10\" style=\"\">\n\t\t\t<button type=\"prevPage\" text=\"\"/>\n\t\t</buttonModule>\n\t\t<buttonModule left=\"90\" top=\"90\" width=\"10\" height=\"10\" style=\"\">\n\t\t\t<button type=\"nextPage\" text=\"\"/>\n\t\t</buttonModule>\n    </modules> \n</page>\n",
      "created_date": "2011-12-19 15:09:54"
    }
  },
  {
    "pk": 695,
    "model": "filestorage.filestorage",
    "fields": {
      "owner": 1,
      "modified_date": "2011-12-19 15:09:54",
      "content_type": "text/xml",
      "contents": "<?xml version=\"1.0\" encoding=\"utf-8\"?><interactiveContent>\n\n\t<style href=\"/media/content/styles/default/content.css\"/>\n\t\n\t<pages>\n    \t<page href=\"694\" name=\"page 1\"/> \n    </pages>\n</interactiveContent>",
      "created_date": "2011-12-19 15:09:54"
    }
  },
  {
    "pk": 698,
    "model": "filestorage.filestorage",
    "fields": {
      "owner": 1,
      "modified_date": "2011-12-19 15:31:27",
      "content_type": "text/xml",
      "contents": "<?xml version='1.0' encoding='UTF-8' ?><page><modules><textModule id='xg6DsX' left='5' top='3' width='90' height='7' style=''><text>&lt;div style=&quot;text-align: center;&quot;&gt;Title&lt;/div&gt;</text></textModule><buttonModule id='P5x2N7' left='1' top='93' width='9' height='6' style=''><button type='prevPage' text=''/></buttonModule><buttonModule id='bvajZc' left='90' top='93' width='9' height='6' style=''><button type='nextPage' text=''/></buttonModule><imageModule id='VVcJcU' left='16.245674740484432' top='16.80904522613066' width='67.95847750865029' height='69.79899497487455' style=''><image src='/file/serve/321'/></imageModule></modules></page>",
      "created_date": "2011-12-19 15:31:27"
    }
  },
  {
    "pk": 699,
    "model": "filestorage.filestorage",
    "fields": {
      "owner": 1,
      "modified_date": "2011-12-19 15:31:27",
      "content_type": "text/xml",
      "contents": "<?xml version=\"1.0\" encoding=\"utf-8\"?><interactiveContent><pages><page href=\"698\" name=\"page 1\"/></pages><assets><asset href=\"/file/serve/321\"/></assets></interactiveContent>",
      "created_date": "2011-12-19 15:31:27"
    }
  },
  {
    "pk": 702,
    "model": "filestorage.filestorage",
    "fields": {
      "owner": 1,
      "modified_date": "2011-12-19 15:34:38",
      "content_type": "text/xml",
      "contents": "<?xml version='1.0' encoding='UTF-8' ?><page><modules><textModule id='xg6DsX' left='5' top='3' width='90' height='7' style=''><text>&lt;div style=&quot;text-align: center;&quot;&gt;Title&lt;/div&gt;</text></textModule><buttonModule id='P5x2N7' left='1' top='93' width='9' height='6' style=''><button type='prevPage' text=''/></buttonModule><buttonModule id='bvajZc' left='90' top='93' width='9' height='6' style=''><button type='nextPage' text=''/></buttonModule><imageModule id='VVcJcU' left='16.245674740484432' top='16.80904522613066' width='67.95847750865029' height='69.79899497487455' style=''><image src='/file/serve/321'/></imageModule></modules></page>",
      "created_date": "2011-12-19 15:34:38"
    }
  },
  {
    "pk": 703,
    "model": "filestorage.filestorage",
    "fields": {
      "owner": 1,
      "modified_date": "2011-12-19 15:34:38",
      "content_type": "text/xml",
      "contents": "<?xml version=\"1.0\" encoding=\"utf-8\"?><interactiveContent><pages><page href=\"702\" name=\"page 1\"/></pages><assets><asset href=\"/file/serve/321\"/></assets></interactiveContent>",
      "created_date": "2011-12-19 15:34:38"
    }
  },
  {
    "pk": 706,
    "model": "filestorage.filestorage",
    "fields": {
      "owner": 1,
      "modified_date": "2011-12-19 15:38:05",
      "content_type": "text/xml",
      "contents": "<?xml version='1.0' encoding='UTF-8' ?><page layout='pixels'><modules><buttonModule id='wA7hZ8' left='512' top='352' width='57' height='39' style=''><button type='nextPage' text='' onclick=''/></buttonModule><textModule id='Hyfyrh' left='27' top='60' width='381' height='235' style=''><text>&lt;div style=&quot;text-align: left;&quot;&gt;1. She {{1:don&apos;t}} like icecream.&lt;br&gt;&lt;br&gt;2. We {{1:have}} 2 dogs.&lt;br&gt;&lt;br&gt;3. Where have you {{1:been}}?&lt;br&gt;&lt;br&gt;4. Do you {{1:like}} swimming?&lt;br&gt;&lt;br&gt;5. How old {{1:are}} you?&lt;br&gt;&lt;/div&gt;</text></textModule><textModule id='lnafqI' left='32' top='310' width='375' height='25' style=''><text>&lt;div style=&quot;text-align: left;&quot;&gt;&lt;span style=&quot;font-weight: bold;&quot;&gt;are, been, have, like, likes&lt;/span&gt;&lt;br&gt;&lt;/div&gt;</text></textModule><textModule id='tW1YGp' left='20' top='6' width='539' height='39' style=''><text>&lt;div style=&quot;text-align: left;&quot;&gt;Fill the blanks with the right word&lt;br&gt;&lt;/div&gt;</text></textModule><buttonModule id='hSgcud' left='269' top='339' width='57' height='39' style=''><button type='checkAnswers' text='' onclick=''/></buttonModule><buttonModule id='6IPW0T' left='345' top='338' width='57' height='39' style=''><button type='reset' text='' onclick=''/></buttonModule><buttonModule id='kklhKy' left='511' top='281' width='57' height='39' style=''><button type='popup' text='' onclick='popup'/></buttonModule><buttonModule id='a9L6IE' left='459' top='104' width='91' height='79' style='' class='myButton'><button type='nextPage' text='' onclick=''/></buttonModule></modules></page>",
      "created_date": "2011-12-19 15:38:05"
    }
  },
  {
    "pk": 707,
    "model": "filestorage.filestorage",
    "fields": {
      "owner": 1,
      "modified_date": "2011-12-19 15:38:05",
      "content_type": "text/xml",
      "contents": "<?xml version='1.0' encoding='UTF-8' ?><page layout='pixels'><modules><textModule id='hGgtPA' left='28' top='11' width='520' height='27' style=''><text>&lt;div style=&quot;text-align: center;&quot;&gt;Title&lt;/div&gt;</text></textModule><buttonModule id='Hy0XZL' left='5' top='370' width='52' height='23' style=''><button type='prevPage' text='' onclick=''/></buttonModule><buttonModule id='leo3we' left='518' top='370' width='52' height='23' style=''><button type='nextPage' text='' onclick=''/></buttonModule><buttonModule id='mJNmDl' left='217' top='312' width='57' height='39' style=''><button type='checkAnswers' text='' onclick=''/></buttonModule><buttonModule id='RRZkeU' left='309' top='311' width='57' height='39' style=''><button type='reset' text='' onclick=''/></buttonModule><textModule id='EcTR4j' left='32' top='52' width='444' height='250' style=''><text>&lt;meta http-equiv=&quot;content-type&quot; content=&quot;text/html; charset=utf-8&quot;&gt;1. She {{1: likes | have |been|like|are}} icecream.&lt;br&gt;&lt;br&gt;2. We {{1:have|&lt;meta http-equiv=&quot;content-type&quot; content=&quot;text/html; charset=utf-8&quot;&gt;likes|been|like|are}} 2 dogs.&lt;br&gt;&lt;br&gt;3. Where have you {{1:been|&lt;meta http-equiv=&quot;content-type&quot; content=&quot;text/html; charset=utf-8&quot;&gt;likes|have|like|are}}?&lt;br&gt;&lt;br&gt;4. Do you {{1:like|&lt;meta http-equiv=&quot;content-type&quot; content=&quot;text/html; charset=utf-8&quot;&gt;likes|have|been|are}} swimming?&lt;br&gt;&lt;br&gt;5. How old {{1:are|&lt;meta http-equiv=&quot;content-type&quot; content=&quot;text/html; charset=utf-8&quot;&gt;likes|have|been|like}} you?&lt;div&gt;&lt;br&gt;&lt;/div&gt;&lt;div&gt;&lt;meta http-equiv=&quot;content-type&quot; content=&quot;text/html; charset=utf-8&quot;&gt;6. We {{1: don&apos;t | likes |have|been|like}} like it.&lt;br&gt;&lt;div&gt;&lt;br&gt;&lt;/div&gt;&lt;/div&gt;</text></textModule></modules></page>",
      "created_date": "2011-12-19 15:38:05"
    }
  },
  {
    "pk": 708,
    "model": "filestorage.filestorage",
    "fields": {
      "owner": 1,
      "modified_date": "2011-12-19 15:38:05",
      "content_type": "text/xml",
      "contents": "<?xml version='1.0' encoding='UTF-8' ?><page layout='pixels'><modules><textModule id='pWu2Qa' left='28' top='19' width='526' height='44' style='font-size:150%'><text>&lt;div style=&quot;text-align: center;&quot;&gt;Summary&lt;br&gt;&lt;/div&gt;</text></textModule><buttonModule id='3r0hD7' left='497' top='342' width='57' height='39' style=''><button type='sendResult' text='' onclick=''/></buttonModule><reportModule id='CjjEjr' left='36' top='85' width='511' height='121' style=''></reportModule></modules></page>",
      "created_date": "2011-12-19 15:38:05"
    }
  },
  {
    "pk": 709,
    "model": "filestorage.filestorage",
    "fields": {
      "owner": 1,
      "modified_date": "2011-12-19 15:38:05",
      "content_type": "text/xml",
      "contents": "<?xml version='1.0' encoding='UTF-8' ?><page layout='pixels'><modules><textModule id='mJw9Ch' left='28' top='11' width='520' height='27' style=''><text>&lt;div style=&quot;text-align: center;&quot;&gt;To jest popup&lt;/div&gt;</text></textModule><buttonModule id='LAEeQi' left='520' top='0' width='57' height='39' style=''><button type='cancel' text='' onclick=''/></buttonModule></modules></page>",
      "created_date": "2011-12-19 15:38:05"
    }
  },
  {
    "pk": 710,
    "model": "filestorage.filestorage",
    "fields": {
      "owner": 1,
      "modified_date": "2011-12-19 15:38:05",
      "content_type": "text/xml",
      "contents": "<?xml version=\"1.0\" encoding=\"utf-8\"?><interactiveContent><metadata/><libs/><style>.ic_page{\n\twidth:\t578px;\n\theight:\t398px;\n\tbackground-image:url('/file/serve/308');\n\tfont-size: 18px;\n\tcolor: #72500e;\n\tborder: 1px solid #72500e;\n}\n\n.myButton{\nbackground-color:red;\n}\n\n.myButton-up-hovering{background-color:blue;}\n</style><pages><page href=\"706\" name=\"Gap filling\"/><page href=\"707\" name=\"Inline choice\"/><page href=\"708\" name=\"Report Page\"/><page href=\"709\" name=\"popup\"/></pages><assets/></interactiveContent>",
      "created_date": "2011-12-19 15:38:05"
    }
  },
  {
    "pk": 713,
    "model": "filestorage.filestorage",
    "fields": {
      "owner": 1,
      "modified_date": "2011-12-19 15:39:00",
      "content_type": "text/xml",
      "contents": "<?xml version='1.0' encoding='UTF-8' ?><page><modules><textModule id='xg6DsX' left='5' top='3' width='90' height='7' style=''><text>&lt;div style=&quot;text-align: center;&quot;&gt;Title&lt;/div&gt;</text></textModule><buttonModule id='P5x2N7' left='1' top='93' width='9' height='6' style=''><button type='prevPage' text=''/></buttonModule><buttonModule id='bvajZc' left='90' top='93' width='9' height='6' style=''><button type='nextPage' text=''/></buttonModule><imageModule id='VVcJcU' left='16.245674740484432' top='16.80904522613066' width='67.95847750865029' height='69.79899497487455' style=''><image src='/file/serve/321'/></imageModule></modules></page>",
      "created_date": "2011-12-19 15:39:00"
    }
  },
  {
    "pk": 714,
    "model": "filestorage.filestorage",
    "fields": {
      "owner": 1,
      "modified_date": "2011-12-19 15:39:00",
      "content_type": "text/xml",
      "contents": "<?xml version=\"1.0\" encoding=\"utf-8\"?><interactiveContent><pages><page href=\"713\" name=\"page 1\"/></pages><assets><asset href=\"/file/serve/321\"/></assets></interactiveContent>",
      "created_date": "2011-12-19 15:39:00"
    }
  },
  {
    "pk": 717,
    "model": "filestorage.filestorage",
    "fields": {
      "owner": 1,
      "modified_date": "2011-12-19 15:42:22",
      "content_type": "text/xml",
      "contents": "<?xml version='1.0' encoding='UTF-8' ?><page><modules><textModule id='xg6DsX' left='5' top='3' width='90' height='7' style=''><text>&lt;div style=&quot;text-align: center;&quot;&gt;Title&lt;/div&gt;</text></textModule><buttonModule id='P5x2N7' left='1' top='93' width='9' height='6' style=''><button type='prevPage' text=''/></buttonModule><buttonModule id='bvajZc' left='90' top='93' width='9' height='6' style=''><button type='nextPage' text=''/></buttonModule><imageModule id='VVcJcU' left='16.245674740484432' top='16.80904522613066' width='67.95847750865029' height='69.79899497487455' style=''><image src='/file/serve/321'/></imageModule></modules></page>",
      "created_date": "2011-12-19 15:42:22"
    }
  },
  {
    "pk": 718,
    "model": "filestorage.filestorage",
    "fields": {
      "owner": 1,
      "modified_date": "2011-12-19 15:42:22",
      "content_type": "text/xml",
      "contents": "<?xml version=\"1.0\" encoding=\"utf-8\"?><interactiveContent><pages><page href=\"717\" name=\"page 1\"/></pages><assets><asset href=\"/file/serve/321\"/></assets></interactiveContent>",
      "created_date": "2011-12-19 15:42:22"
    }
  },
  {
    "pk": 721,
    "model": "filestorage.filestorage",
    "fields": {
      "owner": 1,
      "modified_date": "2011-12-19 15:59:32",
      "content_type": "text/xml",
      "contents": "<?xml version='1.0' encoding='UTF-8' ?><page><modules><textModule id='xg6DsX' left='5' top='3' width='90' height='7' style=''><text>&lt;div style=&quot;text-align: center;&quot;&gt;Title&lt;/div&gt;</text></textModule><buttonModule id='P5x2N7' left='1' top='93' width='9' height='6' style=''><button type='prevPage' text=''/></buttonModule><buttonModule id='bvajZc' left='90' top='93' width='9' height='6' style=''><button type='nextPage' text=''/></buttonModule><imageModule id='VVcJcU' left='16.245674740484432' top='16.80904522613066' width='67.95847750865029' height='69.79899497487455' style=''><image src='/file/serve/321'/></imageModule></modules></page>",
      "created_date": "2011-12-19 15:59:32"
    }
  },
  {
    "pk": 722,
    "model": "filestorage.filestorage",
    "fields": {
      "owner": 1,
      "modified_date": "2011-12-19 15:59:32",
      "content_type": "text/xml",
      "contents": "<?xml version=\"1.0\" encoding=\"utf-8\"?><interactiveContent><pages><page href=\"721\" name=\"page 1\"/></pages><assets><asset href=\"/file/serve/321\"/></assets></interactiveContent>",
      "created_date": "2011-12-19 15:59:32"
    }
  },
  {
    "pk": 6,
    "model": "filestorage.uploadedfile",
    "fields": {
      "owner": null,
      "file": "6PTLjJ5Ylmoyxwr3jI4VAQ==/uploads/2011/08/04/16/50/05/landing.png",
      "content_type": null
    }
  },
  {
    "pk": 13,
    "model": "filestorage.uploadedfile",
    "fields": {
      "owner": null,
      "file": "o481xLl2FVFBT0fnzmEcRQ==/uploads/2011/08/05/06/19/33/2223340202_724c3a2263.jpg",
      "content_type": null
    }
  },
  {
    "pk": 23,
    "model": "filestorage.uploadedfile",
    "fields": {
      "owner": null,
      "file": "F_zsCqHM_Bo2xG9S-S03Ng==/uploads/2011/08/06/10/41/32/Golden_Retriever_standing_Tucker.jpg",
      "content_type": null
    }
  },
  {
    "pk": 25,
    "model": "filestorage.uploadedfile",
    "fields": {
      "owner": null,
      "file": "O3HHzKafXvKmmxYV7YlMyg==/uploads/2011/08/06/11/17/33/psy.jpg",
      "content_type": null
    }
  },
  {
    "pk": 28,
    "model": "filestorage.uploadedfile",
    "fields": {
      "owner": null,
      "file": "7c6rTCQ5lFlGbfgW0VnUsA==/uploads/2011/08/06/11/18/57/doberman.jpg",
      "content_type": null
    }
  },
  {
    "pk": 43,
    "model": "filestorage.uploadedfile",
    "fields": {
      "owner": null,
      "file": "th0dQQsOAvHQWF0A7zAcpg==/uploads/2011/08/08/20/28/20/g13ice04.gif",
      "content_type": null
    }
  },
  {
    "pk": 45,
    "model": "filestorage.uploadedfile",
    "fields": {
      "owner": null,
      "file": "RyOTCYUnTcscgMx3q0S5Pg==/uploads/2011/08/08/20/28/43/bernenski_pies_pasterski.jpg",
      "content_type": null
    }
  },
  {
    "pk": 72,
    "model": "filestorage.uploadedfile",
    "fields": {
      "owner": 1,
      "file": "",
      "content_type": null
    }
  },
  {
    "pk": 77,
    "model": "filestorage.uploadedfile",
    "fields": {
      "owner": 1,
      "file": "FFg-LzndtBHUOcR990R7Yg==/uploads/2011/08/12/18/03/42/river.jpg",
      "content_type": null
    }
  },
  {
    "pk": 82,
    "model": "filestorage.uploadedfile",
    "fields": {
      "owner": 1,
      "file": "qRRYcrZfimnVh_IRSw6c-Q==/uploads/2011/08/12/18/07/38/river.jpg",
      "content_type": null
    }
  },
  {
    "pk": 85,
    "model": "filestorage.uploadedfile",
    "fields": {
      "owner": 1,
      "file": "ptKrx2NBR7q04HWvwS-hUw==/uploads/2011/08/12/18/11/09/22003.jpg",
      "content_type": "multipart/form-data; boundary=\"===============1335599714==\""
    }
  },
  {
    "pk": 89,
    "model": "filestorage.uploadedfile",
    "fields": {
      "owner": 1,
      "file": "j91U3G9h9t0H5iOju0Rnbg==/uploads/2011/08/12/18/14/50/river.jpg",
      "content_type": "image/jpeg"
    }
  },
  {
    "pk": 103,
    "model": "filestorage.uploadedfile",
    "fields": {
      "owner": 1,
      "file": "YlcjExGeDxCGqFKfSol1gQ==/uploads/2011/08/15/11/51/39/river.jpg",
      "content_type": "image/jpeg"
    }
  },
  {
    "pk": 106,
    "model": "filestorage.uploadedfile",
    "fields": {
      "owner": 1,
      "file": "8xuA9YQK9an2EafYYQRBtw==/uploads/2011/08/15/11/52/29/river.jpg",
      "content_type": "image/jpeg"
    }
  },
  {
    "pk": 141,
    "model": "filestorage.uploadedfile",
    "fields": {
      "owner": 1,
      "file": "A-sBofC1HqPpnSRNJmukuA==/uploads/2011/08/15/12/24/34/DSCN0826.jpg",
      "content_type": "image/jpeg"
    }
  },
  {
    "pk": 143,
    "model": "filestorage.uploadedfile",
    "fields": {
      "owner": 1,
      "file": "tQ1DZXHVZIffb-JaDOTB8g==/uploads/2011/08/15/12/30/56/river.jpg",
      "content_type": "image/jpeg"
    }
  },
  {
    "pk": 145,
    "model": "filestorage.uploadedfile",
    "fields": {
      "owner": 1,
      "file": "uepQX_E7qNX3fL3Sk-uu_A==/uploads/2011/08/15/12/33/41/river.jpg",
      "content_type": "image/jpeg"
    }
  },
  {
    "pk": 147,
    "model": "filestorage.uploadedfile",
    "fields": {
      "owner": 1,
      "file": "7a139aJHM3h4kqTib4PH1w==/uploads/2011/08/15/12/37/54/river.jpg",
      "content_type": "image/jpeg"
    }
  },
  {
    "pk": 149,
    "model": "filestorage.uploadedfile",
    "fields": {
      "owner": 1,
      "file": "T8yZVGplmUQJu5_4_MORYg==/uploads/2011/08/15/12/42/07/river.jpg",
      "content_type": "image/jpeg"
    }
  },
  {
    "pk": 151,
    "model": "filestorage.uploadedfile",
    "fields": {
      "owner": 1,
      "file": "AN_USuiUxVlbM51oPAlwDg==/uploads/2011/08/15/12/42/33/river.jpg",
      "content_type": "image/jpeg"
    }
  },
  {
    "pk": 153,
    "model": "filestorage.uploadedfile",
    "fields": {
      "owner": 1,
      "file": "o0FJ0Ayiwm5dfI--ovIuSQ==/uploads/2011/08/15/12/43/37/river.jpg",
      "content_type": "image/jpeg"
    }
  },
  {
    "pk": 155,
    "model": "filestorage.uploadedfile",
    "fields": {
      "owner": 1,
      "file": "wyJTRcHV4X35rJaBA_eTxw==/uploads/2011/08/15/12/45/56/river.jpg",
      "content_type": "image/jpeg"
    }
  },
  {
    "pk": 158,
    "model": "filestorage.uploadedfile",
    "fields": {
      "owner": 1,
      "file": "nh70nDNbwRBGRVn0MnfXcw==/uploads/2011/08/15/12/46/21/22003.jpg",
      "content_type": "image/jpeg"
    }
  },
  {
    "pk": 175,
    "model": "filestorage.uploadedfile",
    "fields": {
      "owner": 1,
      "file": "hU6YJar7TSz2g_FzR5W0Tw==/uploads/2011/08/15/17/37/33/DSCN0830.jpg",
      "content_type": "image/jpeg"
    }
  },
  {
    "pk": 177,
    "model": "filestorage.uploadedfile",
    "fields": {
      "owner": 1,
      "file": "Avl4hADihfdzU09YR-zXyA==/uploads/2011/08/15/17/37/48/DSCN0833.jpg",
      "content_type": "image/jpeg"
    }
  },
  {
    "pk": 181,
    "model": "filestorage.uploadedfile",
    "fields": {
      "owner": 1,
      "file": "3Deradd5QyDwsmuPN8kaxA==/uploads/2011/08/16/18/00/38/DSCN0826.jpg",
      "content_type": "image/jpeg"
    }
  },
  {
    "pk": 274,
    "model": "filestorage.uploadedfile",
    "fields": {
      "owner": 1,
      "file": "anVF8JJo76m94dnb8PlJbA==/uploads/2011/08/25/13/05/20/2904161722_c4f9bb28c8_b.jpg",
      "content_type": "image/jpeg"
    }
  },
  {
    "pk": 277,
    "model": "filestorage.uploadedfile",
    "fields": {
      "owner": 1,
      "file": "6JWoFkonZe1RX26gJtwv6w==/uploads/2011/08/25/13/05/55/2904161722_c4f9bb28c8_b.jpg",
      "content_type": "image/jpeg"
    }
  },
  {
    "pk": 290,
    "model": "filestorage.uploadedfile",
    "fields": {
      "owner": 1,
      "file": "AifCoa53j2d9aDSSLwD6ww==/uploads/2011/08/27/09/07/08/zrzut_ekranu.8.jpg",
      "content_type": "image/jpeg"
    }
  },
  {
    "pk": 299,
    "model": "filestorage.uploadedfile",
    "fields": {
      "owner": 1,
      "file": "oUSpACCWgAzgaI6fn5k3Rw==/uploads/2011/08/28/12/05/42/preview.jpg",
      "content_type": "image/jpeg"
    }
  },
  {
    "pk": 302,
    "model": "filestorage.uploadedfile",
    "fields": {
      "owner": 1,
      "file": "cS336vwVcSX3CEkA8aDRTQ==/uploads/2011/08/28/12/07/31/preview.jpg",
      "content_type": "image/jpeg"
    }
  },
  {
    "pk": 306,
    "model": "filestorage.uploadedfile",
    "fields": {
      "owner": 1,
      "file": "lUmfyDH46llEGW7hSm-0pw==/uploads/2011/08/28/12/08/29/preview.jpg",
      "content_type": "image/jpeg"
    }
  },
  {
    "pk": 308,
    "model": "filestorage.uploadedfile",
    "fields": {
      "owner": 1,
      "file": "x9TNmb5jZ3Xcfa2DtW7E3g==/uploads/2011/08/28/13/07/37/pattern.jpg",
      "content_type": "image/jpeg"
    }
  },
  {
    "pk": 313,
    "model": "filestorage.uploadedfile",
    "fields": {
      "owner": 1,
      "file": "N_VMKC2hq1-V-0WhQLOxTw==/uploads/2011/08/29/08/14/13/start_page.jpg",
      "content_type": "image/jpeg"
    }
  },
  {
    "pk": 315,
    "model": "filestorage.uploadedfile",
    "fields": {
      "owner": 1,
      "file": "eVDRotL-1fMUb1OwjBwfHg==/uploads/2011/08/29/08/59/38/right.jpg",
      "content_type": "image/jpeg"
    }
  },
  {
    "pk": 321,
    "model": "filestorage.uploadedfile",
    "fields": {
      "owner": 202,
      "file": "RhVlbwA0DvAvGKrS2yzM2A==/uploads/2011/08/30/07/56/54/Golden_Retriever_standing_Tucker.jpg",
      "content_type": "image/jpeg"
    }
  },
  {
    "pk": 324,
    "model": "filestorage.uploadedfile",
    "fields": {
      "owner": 202,
      "file": "-SbFQBHccovQifIZbqKYug==/uploads/2011/08/30/07/58/40/Golden_Retriever_standing_Tucker.jpg",
      "content_type": "image/jpeg"
    }
  },
  {
    "pk": 330,
    "model": "filestorage.uploadedfile",
    "fields": {
      "owner": 1,
      "file": "uiI-l3z9AYmCJ3DU6copAA==/uploads/2011/09/06/10/50/03/river.jpg",
      "content_type": "image/jpeg"
    }
  },
  {
    "pk": 332,
    "model": "filestorage.uploadedfile",
    "fields": {
      "owner": 1,
      "file": "_vywX7mB-HOUUx7x4hvWxg==/uploads/2011/09/06/10/50/13/DSCN0826.jpg",
      "content_type": "image/jpeg"
    }
  },
  {
    "pk": 334,
    "model": "filestorage.uploadedfile",
    "fields": {
      "owner": 1,
      "file": "LgmK0Mr8Bir-ilXxZ_KGsQ==/uploads/2011/09/06/10/50/22/Golden_Retriever_standing_Tucker.jpg",
      "content_type": "image/jpeg"
    }
  },
  {
    "pk": 338,
    "model": "filestorage.uploadedfile",
    "fields": {
      "owner": 1,
      "file": "JKEAA3Wwrv7xG068fjqtwg==/uploads/2011/09/07/15/46/53/DSCN0819.JPG",
      "content_type": "image/jpeg"
    }
  },
  {
    "pk": 340,
    "model": "filestorage.uploadedfile",
    "fields": {
      "owner": 1,
      "file": "TX0ot_cdRDwLL-I2mXcpgQ==/uploads/2011/09/07/15/47/13/river.jpg",
      "content_type": "image/jpeg"
    }
  },
  {
    "pk": 342,
    "model": "filestorage.uploadedfile",
    "fields": {
      "owner": 1,
      "file": "Vpag2kVVUWwYe2dUyv6qtw==/uploads/2011/09/07/15/47/53/800px-Billy_the_Yorkshire_Terrier_(Black_and_Tan).JPG",
      "content_type": "image/jpeg"
    }
  },
  {
    "pk": 347,
    "model": "filestorage.uploadedfile",
    "fields": {
      "owner": 1,
      "file": "OiAD5bVJDAVr1NUzSETSWA==/uploads/2011/09/13/07/36/54/logo.png",
      "content_type": "image/png"
    }
  },
  {
    "pk": 349,
    "model": "filestorage.uploadedfile",
    "fields": {
      "owner": 1,
      "file": "E8YbPV8BSALL65EoK5tY3w==/uploads/2011/09/13/14/17/13/g13ice04.gif",
      "content_type": "image/gif"
    }
  },
  {
    "pk": 354,
    "model": "filestorage.uploadedfile",
    "fields": {
      "owner": 1,
      "file": "K1AcYgbiX3FCDghEQQPq9Q==/uploads/2011/09/18/21/29/37/DSCN0831.JPG",
      "content_type": "image/jpeg"
    }
  },
  {
    "pk": 418,
    "model": "filestorage.uploadedfile",
    "fields": {
      "owner": 1,
      "file": "QIXDdP5YalUw-hvgRyzM0w==/uploads/2011/09/22/14/29/48/DSCN0828.JPG",
      "content_type": "image/jpeg"
    }
  },
  {
    "pk": 441,
    "model": "filestorage.uploadedfile",
    "fields": {
      "owner": 1,
      "file": "JQC82Tc1F6NF6Btmc52l0g==/uploads/2011/09/29/09/39/24/zrzut_ekranu.jpg",
      "content_type": "image/jpeg"
    }
  },
  {
    "pk": 476,
    "model": "filestorage.uploadedfile",
    "fields": {
      "owner": 1,
      "file": "vzuCZBELj7E5h7jYuy4O2w==/uploads/2011/10/10/13/05/19/4464887587_14903a3237.jpg",
      "content_type": "image/jpeg"
    }
  },
  {
    "pk": 480,
    "model": "filestorage.uploadedfile",
    "fields": {
      "owner": 1,
      "file": "SAU_dpg3nNUXDR9LOysLbg==/uploads/2011/10/11/12/09/14/next_page.gif",
      "content_type": "image/gif"
    }
  },
  {
    "pk": 482,
    "model": "filestorage.uploadedfile",
    "fields": {
      "owner": 1,
      "file": "R5ybV1SmmRmiIfPaGWPzoQ==/uploads/2011/10/11/12/09/55/prev_page.gif",
      "content_type": "image/gif"
    }
  },
  {
    "pk": 543,
    "model": "filestorage.uploadedfile",
    "fields": {
      "owner": 1,
      "file": "VX3adDPD_wHtPGTGNbBv3A==/uploads/2011/10/13/12/52/37/leancanvas2.png",
      "content_type": "image/png"
    }
  },
  {
    "pk": 600,
    "model": "filestorage.uploadedfile",
    "fields": {
      "owner": 1,
      "file": "XkwThanGWg_ebpNo9SW7pQ==/uploads/2011/11/23/11/06/58/g2.jpg",
      "content_type": "image/jpeg"
    }
  },
  {
    "pk": 606,
    "model": "filestorage.uploadedfile",
    "fields": {
      "owner": 1,
      "file": "9UWbtZtX0qZSR28IRxD5oA==/uploads/2011/11/23/11/07/52/river.jpg",
      "content_type": "image/jpeg"
    }
  },
  {
    "pk": 609,
    "model": "filestorage.uploadedfile",
    "fields": {
      "owner": 1,
      "file": "_vGtL5j-o0ut43SBYlgYSA==/uploads/2011/11/23/12/35/14/g2.jpg",
      "content_type": "image/jpeg"
    }
  },
  {
    "pk": 422,
    "model": "wiki.wikipage",
    "fields": {
      "text": "## Header 2\r\n\r\n* Lista\r\n    * Wciecie\r\n* Lista",
      "title": "Jedna ze stron wiki",
      "modified_date": "2011-09-23 13:36:26",
      "is_toc": false,
      "author": 1
    }
  },
  {
    "pk": 423,
    "model": "wiki.wikipage",
    "fields": {
      "text": "## [Documentation](426)\r\n\r\n## [Forum](/forum)",
      "title": "Get Help",
      "modified_date": "2011-09-24 08:55:46",
      "is_toc": true,
      "author": 1
    }
  },
  {
    "pk": 426,
    "model": "wiki.wikipage",
    "fields": {
      "text": "Module  | CSS Class\r\n------- | -------------\r\nButton close popup | **ic_button_cancel**\r\nButton check answers | _ic_button_check_\r\nButton next page | _ic_button_nextpage_\r\nButton popup | _ic_button_popup_\r\nButton previous page | _ic_button_prevpage_\r\nButton reset | _ic_button_reset_\r\n",
      "title": "Documentation",
      "modified_date": "2011-09-24 08:55:58",
      "is_toc": false,
      "author": 1
    }
  },
  {
    "pk": 427,
    "model": "wiki.wikipage",
    "fields": {
      "text": "Tekst strony 53",
      "title": "Strona 53",
      "modified_date": "2011-09-23 13:19:43",
      "is_toc": false,
      "author": 1
    }
  }
]