<?xml version="1.0" encoding="UTF-8" ?> 
<page layout="pixels">

	<modules>
		
		<imageModule left="10" top="10" width="300" height="300" style="border:1px solid red;">
			<image src="river.jpg"/>
		</imageModule>
		
		<imageModule left="380" top="10" width="300" height="300" style="border:1px solid red;">
			<image src="river.jpg" mode="keepSize"/>
		</imageModule>
		
		<imageModule left="10" top="330" width="300" height="250" style="border:1px solid red;">
			<image src="river.jpg" mode="keepAspect"/>
		</imageModule>
		
		<imageModule left="380" top="330" width="100" height="250" style="border:1px solid red;">
			<image src="river.jpg" mode="keepAspect"/>
		</imageModule>
		
	</modules>

</page>
