<?xml version="1.0" encoding="UTF-8" ?> 
<page layout="pixels">

	<modules>
		
		<sourceListModule id="sl2" left='40' top='100' width='640' height='40'>
			<items>
				<item text="didn&apos;t" type="string"/>
				<item text="volvo" type="string"/>
				<item text="Opcja 1" type="string"/>
				<item text="Pozostałe" type="string"/>
			</items>
		</sourceListModule>

		<textModule id="cloze" left='40' top='200' width='640' height='240'>
			<text draggable='false'>
				&lt;p&gt;She {{2:didn&apos;t}} like him very much (didn&apos;t).&lt;/p&gt;
				&lt;p&gt;I like to drive {{2:volvo}}.&lt;/p&gt;
			</text>
		</textModule>
		
		<buttonModule  left="520" top="400" width="80" height="60" style="">
			<button type="checkAnswers" text=""/>
		</buttonModule>
		
		<buttonModule  left="600" top="400" width="80" height="60" style="">
			<button type="reset" text=""/>
		</buttonModule>
		
		<buttonModule  left="0" top="540" width="80" height="60" style="">
			<button type="prevPage" text=""/>
		</buttonModule>
		
		<buttonModule  left="720" top="540" width="80" height="60" style="">
			<button type="nextPage" text=""/>
		</buttonModule>
		
	</modules>

</page>
