[
  {
    "pk": 2, 
    "model": "contenttypes.contenttype", 
    "fields": {
      "model": "space", 
      "name": "space", 
      "app_label": "spaces"
    }
  }, 
  {
    "pk": 6, 
    "model": "contenttypes.contenttype", 
    "fields": {
      "model": "spaceaccess", 
      "name": "space access", 
      "app_label": "spaces"
    }
  }, 
  {
    "pk": 1, 
    "model": "auth.user", 
    "fields": {
      "username": "test", 
      "first_name": "", 
      "last_name": "", 
      "is_active": true, 
      "idxf_email_l_iexact": "test@test.pl", 
      "idxf_username_l_iexact": "test", 
      "is_superuser": true, 
      "is_staff": true, 
      "last_login": "2012-04-11 10:35:35", 
      "groups": [], 
      "user_permissions": [], 
      "password": "sha1$7290a$78070d40a731236171044b71fb6eddbc9591b1a6", 
      "email": "test@test.pl", 
      "date_joined": "2012-04-11 10:34:53"
    }
  }, 
  {
    "pk": "1bbe8aca69d12f732fe76f26da586d38", 
    "model": "sessions.session", 
    "fields": {
      "expire_date": "2012-04-25 10:38:12", 
      "session_data": "NjJiYmMwZDVkNTQ2OTMxZmU2M2JlMzg4OWJhOTU5YzQ0NzI0ZTlkMzqAAn1xAChVDWxhc3Rfc3Bh\nY2VfaWRxAUsDVQ1fYXV0aF91c2VyX2lkcQKKAQFVEl9hdXRoX3VzZXJfYmFja2VuZHEDVSlkamFu\nZ28uY29udHJpYi5hdXRoLmJhY2tlbmRzLk1vZGVsQmFja2VuZHEEdS4=\n"
    }
  }, 
  {
    "pk": 13, 
    "model": "search.relationindex_mycontent_content_search_index", 
    "fields": {
      "modified_date": "2012-04-11 10:38:03", 
      "is_featured": false, 
      "big_icon_href": null, 
      "is_deleted": false, 
      "file": 12, 
      "title": "Karol presentation", 
      "author": 1, 
      "public_version": null, 
      "view_count": 0, 
      "name": null, 
      "search_index_search_list_field": [
        "karol", 
        "present"
      ], 
      "is_template": false, 
      "is_globally_public": false, 
      "content_type": 1, 
      "created_date": "2012-04-11 10:37:47", 
      "short_description": "", 
      "is_public": false, 
      "icon_href": null, 
      "associated_content": null, 
      "tags": "", 
      "description": ""
    }
  }, 
  {
    "pk": 20, 
    "model": "search.relationindex_mycontent_content_search_index", 
    "fields": {
      "modified_date": "2012-04-11 10:44:31", 
      "is_featured": false, 
      "big_icon_href": null, 
      "is_deleted": false, 
      "file": 19, 
      "title": "1", 
      "author": 1, 
      "public_version": null, 
      "view_count": 0, 
      "name": null, 
      "search_index_search_list_field": [
        "1"
      ], 
      "is_template": false, 
      "is_globally_public": false, 
      "content_type": 1, 
      "created_date": "2012-04-11 10:44:30", 
      "short_description": "", 
      "is_public": false, 
      "icon_href": null, 
      "associated_content": null, 
      "tags": "", 
      "description": ""
    }
  }, 
  {
    "pk": 24, 
    "model": "search.relationindex_mycontent_content_search_index", 
    "fields": {
      "modified_date": "2012-04-11 10:44:42", 
      "is_featured": false, 
      "big_icon_href": null, 
      "is_deleted": false, 
      "file": 23, 
      "title": "2", 
      "author": 1, 
      "public_version": null, 
      "view_count": 0, 
      "name": null, 
      "search_index_search_list_field": [
        "2"
      ], 
      "is_template": false, 
      "is_globally_public": false, 
      "content_type": 1, 
      "created_date": "2012-04-11 10:44:41", 
      "short_description": "", 
      "is_public": false, 
      "icon_href": null, 
      "associated_content": null, 
      "tags": "", 
      "description": ""
    }
  }, 
  {
    "pk": 28, 
    "model": "search.relationindex_mycontent_content_search_index", 
    "fields": {
      "modified_date": "2012-04-11 10:45:07", 
      "is_featured": false, 
      "big_icon_href": null, 
      "is_deleted": false, 
      "file": 27, 
      "title": "3", 
      "author": 1, 
      "public_version": null, 
      "view_count": 0, 
      "name": null, 
      "search_index_search_list_field": [
        "3"
      ], 
      "is_template": false, 
      "is_globally_public": false, 
      "content_type": 1, 
      "created_date": "2012-04-11 10:45:07", 
      "short_description": "", 
      "is_public": false, 
      "icon_href": null, 
      "associated_content": null, 
      "tags": "", 
      "description": ""
    }
  }, 
  {
    "pk": 31, 
    "model": "search.relationindex_mycontent_content_search_index", 
    "fields": {
      "modified_date": "2012-04-11 10:45:25", 
      "is_featured": false, 
      "big_icon_href": null, 
      "is_deleted": false, 
      "file": 30, 
      "title": "4", 
      "author": 1, 
      "public_version": null, 
      "view_count": 0, 
      "name": "czwarty_addon", 
      "search_index_search_list_field": [
        "4"
      ], 
      "is_template": false, 
      "is_globally_public": false, 
      "content_type": 3, 
      "created_date": "2012-04-11 10:45:25", 
      "short_description": "", 
      "is_public": false, 
      "icon_href": null, 
      "associated_content": null, 
      "tags": "", 
      "description": ""
    }
  }, 
  {
    "pk": 34, 
    "model": "search.relationindex_mycontent_content_search_index", 
    "fields": {
      "modified_date": "2012-04-11 10:45:36", 
      "is_featured": false, 
      "big_icon_href": null, 
      "is_deleted": false, 
      "file": 33, 
      "title": "5", 
      "author": 1, 
      "public_version": null, 
      "view_count": 0, 
      "name": "piaty_addon", 
      "search_index_search_list_field": [
        "5"
      ], 
      "is_template": false, 
      "is_globally_public": false, 
      "content_type": 3, 
      "created_date": "2012-04-11 10:45:36", 
      "short_description": "", 
      "is_public": false, 
      "icon_href": null, 
      "associated_content": null, 
      "tags": "", 
      "description": ""
    }
  }, 
  {
    "pk": 38, 
    "model": "search.relationindex_mycontent_content_search_index", 
    "fields": {
      "modified_date": "2012-04-11 10:45:44", 
      "is_featured": false, 
      "big_icon_href": null, 
      "is_deleted": false, 
      "file": 37, 
      "title": "6", 
      "author": 1, 
      "public_version": null, 
      "view_count": 0, 
      "name": null, 
      "search_index_search_list_field": [
        "6"
      ], 
      "is_template": false, 
      "is_globally_public": false, 
      "content_type": 1, 
      "created_date": "2012-04-11 10:45:44", 
      "short_description": "", 
      "is_public": false, 
      "icon_href": null, 
      "associated_content": null, 
      "tags": "", 
      "description": ""
    }
  }, 
  {
    "pk": 42, 
    "model": "search.relationindex_mycontent_content_search_index", 
    "fields": {
      "modified_date": "2012-04-11 10:45:55", 
      "is_featured": false, 
      "big_icon_href": null, 
      "is_deleted": false, 
      "file": 41, 
      "title": "7", 
      "author": 1, 
      "public_version": null, 
      "view_count": 0, 
      "name": null, 
      "search_index_search_list_field": [
        "7"
      ], 
      "is_template": false, 
      "is_globally_public": false, 
      "content_type": 1, 
      "created_date": "2012-04-11 10:45:55", 
      "short_description": "", 
      "is_public": false, 
      "icon_href": null, 
      "associated_content": null, 
      "tags": "", 
      "description": ""
    }
  }, 
  {
    "pk": 46, 
    "model": "search.relationindex_mycontent_content_search_index", 
    "fields": {
      "modified_date": "2012-04-11 10:46:08", 
      "is_featured": false, 
      "big_icon_href": null, 
      "is_deleted": false, 
      "file": 45, 
      "title": "8", 
      "author": 1, 
      "public_version": null, 
      "view_count": 0, 
      "name": null, 
      "search_index_search_list_field": [
        "8"
      ], 
      "is_template": false, 
      "is_globally_public": false, 
      "content_type": 1, 
      "created_date": "2012-04-11 10:46:08", 
      "short_description": "", 
      "is_public": false, 
      "icon_href": null, 
      "associated_content": null, 
      "tags": "", 
      "description": ""
    }
  }, 
  {
    "pk": 49, 
    "model": "search.relationindex_mycontent_content_search_index", 
    "fields": {
      "modified_date": "2012-04-11 10:46:26", 
      "is_featured": false, 
      "big_icon_href": null, 
      "is_deleted": false, 
      "file": 48, 
      "title": "9", 
      "author": 1, 
      "public_version": null, 
      "view_count": 0, 
      "name": "dziewiaty_addon", 
      "search_index_search_list_field": [
        "9"
      ], 
      "is_template": false, 
      "is_globally_public": false, 
      "content_type": 3, 
      "created_date": "2012-04-11 10:46:26", 
      "short_description": "", 
      "is_public": false, 
      "icon_href": null, 
      "associated_content": null, 
      "tags": "", 
      "description": ""
    }
  }, 
  {
    "pk": 53, 
    "model": "search.relationindex_mycontent_content_search_index", 
    "fields": {
      "modified_date": "2012-04-11 10:46:35", 
      "is_featured": false, 
      "big_icon_href": null, 
      "is_deleted": false, 
      "file": 52, 
      "title": "10", 
      "author": 1, 
      "public_version": null, 
      "view_count": 0, 
      "name": null, 
      "search_index_search_list_field": [
        "10"
      ], 
      "is_template": false, 
      "is_globally_public": false, 
      "content_type": 1, 
      "created_date": "2012-04-11 10:46:35", 
      "short_description": "", 
      "is_public": false, 
      "icon_href": null, 
      "associated_content": null, 
      "tags": "", 
      "description": ""
    }
  }, 
  {
    "pk": 53, 
    "model": "mycontent.content", 
    "fields": {
      "modified_date": "2012-04-11 10:46:35", 
      "is_featured": false, 
      "big_icon_href": null, 
      "is_deleted": false, 
      "file": 52, 
      "title": "10", 
      "author": 1, 
      "public_version": null, 
      "view_count": 0, 
      "name": null, 
      "is_template": false, 
      "is_globally_public": false, 
      "content_type": 1, 
      "created_date": "2012-04-11 10:46:35", 
      "short_description": "", 
      "is_public": false, 
      "icon_href": null, 
      "associated_content": null, 
      "tags": "", 
      "description": "",
      "spaces": [
      	"3"
      ]
    }
  }, 
  {
    "pk": 49, 
    "model": "mycontent.content", 
    "fields": {
      "modified_date": "2012-04-11 10:46:26", 
      "is_featured": false, 
      "big_icon_href": null, 
      "is_deleted": false, 
      "file": 48, 
      "title": "9", 
      "author": 1, 
      "public_version": null, 
      "view_count": 0, 
      "name": "dziewiaty_addon", 
      "is_template": false, 
      "is_globally_public": false, 
      "content_type": 3, 
      "created_date": "2012-04-11 10:46:26", 
      "short_description": "", 
      "is_public": false, 
      "icon_href": null, 
      "associated_content": null, 
      "tags": "", 
      "description": "",
      "spaces": [
      	"3"
      ]
    }
  }, 
  {
    "pk": 46, 
    "model": "mycontent.content", 
    "fields": {
      "modified_date": "2012-04-11 10:46:08", 
      "is_featured": false, 
      "big_icon_href": null, 
      "is_deleted": false, 
      "file": 45, 
      "title": "8", 
      "author": 1, 
      "public_version": null, 
      "view_count": 0, 
      "name": null, 
      "is_template": false, 
      "is_globally_public": false, 
      "content_type": 1, 
      "created_date": "2012-04-11 10:46:08", 
      "short_description": "", 
      "is_public": false, 
      "icon_href": null, 
      "associated_content": null, 
      "tags": "", 
      "description": "",
      "spaces": [
      	"3"
      ]
    }
  }, 
  {
    "pk": 42, 
    "model": "mycontent.content", 
    "fields": {
      "modified_date": "2012-04-11 10:45:55", 
      "is_featured": false, 
      "big_icon_href": null, 
      "is_deleted": false, 
      "file": 41, 
      "title": "7", 
      "author": 1, 
      "public_version": null, 
      "view_count": 0, 
      "name": null, 
      "is_template": false, 
      "is_globally_public": false, 
      "content_type": 1, 
      "created_date": "2012-04-11 10:45:55", 
      "short_description": "", 
      "is_public": false, 
      "icon_href": null, 
      "associated_content": null, 
      "tags": "", 
      "description": "",
      "spaces": [
      	"3"
      ]
    }
  }, 
  {
    "pk": 38, 
    "model": "mycontent.content", 
    "fields": {
      "modified_date": "2012-04-11 10:45:44", 
      "is_featured": false, 
      "big_icon_href": null, 
      "is_deleted": false, 
      "file": 37, 
      "title": "6", 
      "author": 1, 
      "public_version": null, 
      "view_count": 0, 
      "name": null, 
      "is_template": false, 
      "is_globally_public": false, 
      "content_type": 1, 
      "created_date": "2012-04-11 10:45:44", 
      "short_description": "", 
      "is_public": false, 
      "icon_href": null, 
      "associated_content": null, 
      "tags": "", 
      "description": "",
      "spaces": [
      	"3"
      ]
    }
  }, 
  {
    "pk": 34, 
    "model": "mycontent.content", 
    "fields": {
      "modified_date": "2012-04-11 10:45:36", 
      "is_featured": false, 
      "big_icon_href": null, 
      "is_deleted": false, 
      "file": 33, 
      "title": "5", 
      "author": 1, 
      "public_version": null, 
      "view_count": 0, 
      "name": "piaty_addon", 
      "is_template": false, 
      "is_globally_public": false, 
      "content_type": 3, 
      "created_date": "2012-04-11 10:45:36", 
      "short_description": "", 
      "is_public": false, 
      "icon_href": null, 
      "associated_content": null, 
      "tags": "", 
      "description": "",
      "spaces": [
      	"3"
      ]
    }
  }, 
  {
    "pk": 31, 
    "model": "mycontent.content", 
    "fields": {
      "modified_date": "2012-04-11 10:45:25", 
      "is_featured": false, 
      "big_icon_href": null, 
      "is_deleted": false, 
      "file": 30, 
      "title": "4", 
      "author": 1, 
      "public_version": null, 
      "view_count": 0, 
      "name": "czwarty_addon", 
      "is_template": false, 
      "is_globally_public": false, 
      "content_type": 3, 
      "created_date": "2012-04-11 10:45:25", 
      "short_description": "", 
      "is_public": false, 
      "icon_href": null, 
      "associated_content": null, 
      "tags": "", 
      "description": "",
      "spaces": [
      	"3"
      ]
    }
  }, 
  {
    "pk": 28, 
    "model": "mycontent.content", 
    "fields": {
      "modified_date": "2012-04-11 10:45:07", 
      "is_featured": false, 
      "big_icon_href": null, 
      "is_deleted": false, 
      "file": 27, 
      "title": "3", 
      "author": 1, 
      "public_version": null, 
      "view_count": 0, 
      "name": null, 
      "is_template": false, 
      "is_globally_public": false, 
      "content_type": 1, 
      "created_date": "2012-04-11 10:45:07", 
      "short_description": "", 
      "is_public": false, 
      "icon_href": null, 
      "associated_content": null, 
      "tags": "", 
      "description": "",
      "spaces": [
      	"3"
      ]
    }
  }, 
  {
    "pk": 24, 
    "model": "mycontent.content", 
    "fields": {
      "modified_date": "2012-04-11 10:44:42", 
      "is_featured": false, 
      "big_icon_href": null, 
      "is_deleted": false, 
      "file": 23, 
      "title": "2", 
      "author": 1, 
      "public_version": null, 
      "view_count": 0, 
      "name": null, 
      "is_template": false, 
      "is_globally_public": false, 
      "content_type": 1, 
      "created_date": "2012-04-11 10:44:41", 
      "short_description": "", 
      "is_public": false, 
      "icon_href": null, 
      "associated_content": null, 
      "tags": "", 
      "description": "",
      "spaces": [
      	"3"
      ]
    }
  }, 
  {
    "pk": 20, 
    "model": "mycontent.content", 
    "fields": {
      "modified_date": "2012-04-11 10:44:31", 
      "is_featured": false, 
      "big_icon_href": null, 
      "is_deleted": false, 
      "file": 19, 
      "title": "1", 
      "author": 1, 
      "public_version": null, 
      "view_count": 0, 
      "name": null, 
      "is_template": false, 
      "is_globally_public": false, 
      "content_type": 1, 
      "created_date": "2012-04-11 10:44:30", 
      "short_description": "", 
      "is_public": false, 
      "icon_href": null, 
      "associated_content": null, 
      "tags": "", 
      "description": "",
      "spaces": [
      	"3"
      ]
    }
  }, 
  {
    "pk": 13, 
    "model": "mycontent.content", 
    "fields": {
      "modified_date": "2012-04-11 10:38:03", 
      "is_featured": false, 
      "big_icon_href": null, 
      "is_deleted": false, 
      "file": 12, 
      "title": "Karol presentation", 
      "author": 1, 
      "public_version": null, 
      "view_count": 0, 
      "name": null, 
      "is_template": false, 
      "is_globally_public": false, 
      "content_type": 1, 
      "created_date": "2012-04-11 10:37:47", 
      "short_description": "", 
      "is_public": false, 
      "icon_href": null, 
      "associated_content": null, 
      "tags": "", 
      "description": "",
      "spaces": [
      	"3", "9"
      ]
    }
  }, 
  {
    "pk": 15, 
    "model": "mycontent.contentspace", 
    "fields": {
      "content": 13, 
      "is_deleted": false, 
      "space": 9
    }
  }, 
  {
    "pk": 21, 
    "model": "mycontent.contentspace", 
    "fields": {
      "content": 20, 
      "is_deleted": false, 
      "space": 3
    }
  }, 
  {
    "pk": 25, 
    "model": "mycontent.contentspace", 
    "fields": {
      "content": 24, 
      "is_deleted": false, 
      "space": 3
    }
  }, 
  {
    "pk": 29, 
    "model": "mycontent.contentspace", 
    "fields": {
      "content": 28, 
      "is_deleted": false, 
      "space": 3
    }
  }, 
  {
    "pk": 32, 
    "model": "mycontent.contentspace", 
    "fields": {
      "content": 31, 
      "is_deleted": false, 
      "space": 3
    }
  }, 
  {
    "pk": 35, 
    "model": "mycontent.contentspace", 
    "fields": {
      "content": 34, 
      "is_deleted": false, 
      "space": 3
    }
  }, 
  {
    "pk": 39, 
    "model": "mycontent.contentspace", 
    "fields": {
      "content": 38, 
      "is_deleted": false, 
      "space": 3
    }
  }, 
  {
    "pk": 43, 
    "model": "mycontent.contentspace", 
    "fields": {
      "content": 42, 
      "is_deleted": false, 
      "space": 3
    }
  }, 
  {
    "pk": 47, 
    "model": "mycontent.contentspace", 
    "fields": {
      "content": 46, 
      "is_deleted": false, 
      "space": 3
    }
  }, 
  {
    "pk": 50, 
    "model": "mycontent.contentspace", 
    "fields": {
      "content": 49, 
      "is_deleted": false, 
      "space": 3
    }
  }, 
  {
    "pk": 54, 
    "model": "mycontent.contentspace", 
    "fields": {
      "content": 53, 
      "is_deleted": false, 
      "space": 3
    }
  }, 
  {
    "pk": 3, 
    "model": "spaces.space", 
    "fields": {
      "modified_date": "2012-04-11 10:44:19", 
      "right": 6, 
      "is_deleted": false, 
      "parent": null, 
      "title": "test", 
      "rank": 20, 
      "top_level": 3, 
      "created_date": "2012-04-11 10:36:17", 
      "space_type": 1, 
      "left": 1,
      "path": [
      	3
      ]
    }
  }, 
  {
    "pk": 9, 
    "model": "spaces.space", 
    "fields": {
      "modified_date": "2012-04-11 10:37:11", 
      "right": 3, 
      "is_deleted": false, 
      "parent": 3, 
      "title": "Karol", 
      "rank": 20, 
      "top_level": 3, 
      "created_date": "2012-04-11 10:37:11", 
      "space_type": 1, 
      "left": 2,
      "path": [
      	3,
	    9
      ]
    }
  }, 
  {
    "pk": 16, 
    "model": "spaces.space", 
    "fields": {
      "modified_date": "2012-04-11 10:44:19", 
      "right": 5, 
      "is_deleted": false, 
      "parent": 3, 
      "title": "To copy", 
      "rank": 20, 
      "top_level": 3, 
      "created_date": "2012-04-11 10:44:19", 
      "space_type": 1, 
      "left": 4,
      "path": [
      	3,
      	16
      ]
    }
  }, 
  {
    "pk": 7, 
    "model": "spaces.spaceaccess", 
    "fields": {
      "modified_date": "2012-04-11 10:36:31", 
      "is_deleted": false, 
      "space": 3, 
      "user": 1, 
      "created_date": "2012-04-11 10:36:31", 
      "access_right": 3
    }
  }, 
  {
    "pk": 10, 
    "model": "spaces.spaceaccess", 
    "fields": {
      "modified_date": "2012-04-11 10:37:11", 
      "is_deleted": false, 
      "space": 9, 
      "user": 1, 
      "created_date": "2012-04-11 10:37:11", 
      "access_right": 3
    }
  }, 
  {
    "pk": 17, 
    "model": "spaces.spaceaccess", 
    "fields": {
      "modified_date": "2012-04-11 10:44:19", 
      "is_deleted": false, 
      "space": 16, 
      "user": 1, 
      "created_date": "2012-04-11 10:44:19", 
      "access_right": 3
    }
  }, 
  {
    "pk": 11, 
    "model": "filestorage.filestorage", 
    "fields": {
      "modified_date": "2012-04-11 10:37:47", 
      "history_for": null, 
      "version": null, 
      "content_type": "text/xml", 
      "created_date": "2012-04-11 10:37:47", 
      "owner": 1, 
      "contents": "<?xml version='1.0' encoding='UTF-8' ?> \n\n<page>\n\t<modules> \n\t\n\t\t<textModule id=\"Title\" left=\"5\" top=\"3\" width=\"90\" height=\"7\" style=\"\">\n\t\t\t<text>&lt;div style=&quot;text-align: center;&quot;&gt;Title&lt;/div&gt;</text>\n\t\t</textModule>\t\n\t\t<buttonModule id=\"PrevPage\" left=\"0\" top=\"90\" width=\"10\" height=\"10\" style=\"\">\n\t\t\t<button type=\"prevPage\" text=\"\"/>\n\t\t</buttonModule>\n\t\t<buttonModule id=\"NextPage\" left=\"90\" top=\"90\" width=\"10\" height=\"10\" style=\"\">\n\t\t\t<button type=\"nextPage\" text=\"\"/>\n\t\t</buttonModule>\n    </modules> \n</page>\n"
    }
  }, 
  {
    "pk": 12, 
    "model": "filestorage.filestorage", 
    "fields": {
      "modified_date": "2012-04-11 10:37:47", 
      "history_for": 13, 
      "version": 1, 
      "content_type": "text/xml", 
      "created_date": "2012-04-11 10:37:47", 
      "owner": 1, 
      "contents": "<?xml version='1.0' encoding='UTF-8' ?>\n<interactiveContent>\n\n\t<style href=\"/media/content/styles/default/content.css\"/>\n\t\n\t<pages>\n    \t<page name='page 1' href='11'/> \n    </pages>\n</interactiveContent>"
    }
  }, 
  {
    "pk": 18, 
    "model": "filestorage.filestorage", 
    "fields": {
      "modified_date": "2012-04-11 10:44:30", 
      "history_for": null, 
      "version": null, 
      "content_type": "text/xml", 
      "created_date": "2012-04-11 10:44:30", 
      "owner": 1, 
      "contents": "<?xml version='1.0' encoding='UTF-8' ?> \n\n<page>\n\t<modules> \n\t\n\t\t<textModule id=\"Title\" left=\"5\" top=\"3\" width=\"90\" height=\"7\" style=\"\">\n\t\t\t<text>&lt;div style=&quot;text-align: center;&quot;&gt;Title&lt;/div&gt;</text>\n\t\t</textModule>\t\n\t\t<buttonModule id=\"PrevPage\" left=\"0\" top=\"90\" width=\"10\" height=\"10\" style=\"\">\n\t\t\t<button type=\"prevPage\" text=\"\"/>\n\t\t</buttonModule>\n\t\t<buttonModule id=\"NextPage\" left=\"90\" top=\"90\" width=\"10\" height=\"10\" style=\"\">\n\t\t\t<button type=\"nextPage\" text=\"\"/>\n\t\t</buttonModule>\n    </modules> \n</page>\n"
    }
  }, 
  {
    "pk": 19, 
    "model": "filestorage.filestorage", 
    "fields": {
      "modified_date": "2012-04-11 10:44:30", 
      "history_for": 20, 
      "version": 1, 
      "content_type": "text/xml", 
      "created_date": "2012-04-11 10:44:30", 
      "owner": 1, 
      "contents": "<?xml version='1.0' encoding='UTF-8' ?>\n<interactiveContent>\n\n\t<style href=\"/media/content/styles/default/content.css\"/>\n\t\n\t<pages>\n    \t<page name='page 1' href='18'/> \n    </pages>\n</interactiveContent>"
    }
  }, 
  {
    "pk": 22, 
    "model": "filestorage.filestorage", 
    "fields": {
      "modified_date": "2012-04-11 10:44:41", 
      "history_for": null, 
      "version": null, 
      "content_type": "text/xml", 
      "created_date": "2012-04-11 10:44:41", 
      "owner": 1, 
      "contents": "<?xml version='1.0' encoding='UTF-8' ?> \n\n<page>\n\t<modules> \n\t\n\t\t<textModule id=\"Title\" left=\"5\" top=\"3\" width=\"90\" height=\"7\" style=\"\">\n\t\t\t<text>&lt;div style=&quot;text-align: center;&quot;&gt;Title&lt;/div&gt;</text>\n\t\t</textModule>\t\n\t\t<buttonModule id=\"PrevPage\" left=\"0\" top=\"90\" width=\"10\" height=\"10\" style=\"\">\n\t\t\t<button type=\"prevPage\" text=\"\"/>\n\t\t</buttonModule>\n\t\t<buttonModule id=\"NextPage\" left=\"90\" top=\"90\" width=\"10\" height=\"10\" style=\"\">\n\t\t\t<button type=\"nextPage\" text=\"\"/>\n\t\t</buttonModule>\n    </modules> \n</page>\n"
    }
  }, 
  {
    "pk": 23, 
    "model": "filestorage.filestorage", 
    "fields": {
      "modified_date": "2012-04-11 10:44:41", 
      "history_for": 24, 
      "version": 1, 
      "content_type": "text/xml", 
      "created_date": "2012-04-11 10:44:41", 
      "owner": 1, 
      "contents": "<?xml version='1.0' encoding='UTF-8' ?>\n<interactiveContent>\n\n\t<style href=\"/media/content/styles/default/content.css\"/>\n\t\n\t<pages>\n    \t<page name='page 1' href='22'/> \n    </pages>\n</interactiveContent>"
    }
  }, 
  {
    "pk": 26, 
    "model": "filestorage.filestorage", 
    "fields": {
      "modified_date": "2012-04-11 10:45:07", 
      "history_for": null, 
      "version": null, 
      "content_type": "text/xml", 
      "created_date": "2012-04-11 10:45:07", 
      "owner": 1, 
      "contents": "<?xml version='1.0' encoding='UTF-8' ?> \n\n<page>\n\t<modules> \n\t\n\t\t<textModule id=\"Title\" left=\"5\" top=\"3\" width=\"90\" height=\"7\" style=\"\">\n\t\t\t<text>&lt;div style=&quot;text-align: center;&quot;&gt;Title&lt;/div&gt;</text>\n\t\t</textModule>\t\n\t\t<buttonModule id=\"PrevPage\" left=\"0\" top=\"90\" width=\"10\" height=\"10\" style=\"\">\n\t\t\t<button type=\"prevPage\" text=\"\"/>\n\t\t</buttonModule>\n\t\t<buttonModule id=\"NextPage\" left=\"90\" top=\"90\" width=\"10\" height=\"10\" style=\"\">\n\t\t\t<button type=\"nextPage\" text=\"\"/>\n\t\t</buttonModule>\n    </modules> \n</page>\n"
    }
  }, 
  {
    "pk": 27, 
    "model": "filestorage.filestorage", 
    "fields": {
      "modified_date": "2012-04-11 10:45:07", 
      "history_for": 28, 
      "version": 1, 
      "content_type": "text/xml", 
      "created_date": "2012-04-11 10:45:07", 
      "owner": 1, 
      "contents": "<?xml version='1.0' encoding='UTF-8' ?>\n<interactiveContent>\n\n\t<style href=\"/media/content/styles/default/content.css\"/>\n\t\n\t<pages>\n    \t<page name='page 1' href='26'/> \n    </pages>\n</interactiveContent>"
    }
  }, 
  {
    "pk": 30, 
    "model": "filestorage.filestorage", 
    "fields": {
      "modified_date": "2012-04-11 10:45:25", 
      "history_for": 31, 
      "version": 1, 
      "content_type": "text/xml", 
      "created_date": "2012-04-11 10:45:25", 
      "owner": 1, 
      "contents": "<?xml version=\"1.0\" encoding=\"UTF-8\" ?> \n<addon id=\"czwarty_addon\">\n\n\t<metadata>\n\t\t<title>Hello world Addon</title>\n\t\t<description>\n\t\t\tEnter addon description here\n\t\t</description>\n\t</metadata>\n\t\n\t<model>\n\t\t<property name=\"Text\" type=\"string\"/>\n\t</model>\n\t\n\t<view>\n\t\t&lt;p&gt;test&lt;/p&gt;\n\t</view>\n\t\n\t<preview>\n\t\t&lt;p&gt;Addon czwarty_addon&lt;/p&gt;\n\t</preview>\n\t\n\t<presenter>\n\t\tfunction Addonczwarty_addon_create(){\n\t\t\t\n\t\t\tvar presenter = function(){}\n\n\t\t\tpresenter.run = function(view, model){\n\t\t\t\t\n\t\t\t\telement = view.getElementsByTagName('p')[0];\n\t\t\t\telement.innerHTML = model['Text'];\n\t\t\t}\n\n\t\t\tpresenter.setShowErrorsMode = function(){\n\t\t\t\telement.innerHTML = 'setShowErrorsMode';\n\t\t\t}\n\t\t\t\n\t\t\tpresenter.setWorkMode = function(){\n\t\t\t\telement.innerHTML = 'setWorkMode';\n\t\t\t}\n\t\t\t\n\t\t\tpresenter.reset = function(){\n\t\t\t\telement.innerHTML = 'Reset';\n\t\t\t}\n\t\t\t\n\t\t\tpresenter.getErrorCount = function(){\n\t\t\t\treturn 7;\n\t\t\t}\n\t\t\t\n\t\t\tpresenter.getMaxScore = function(){\n\t\t\t\treturn 3;\n\t\t\t}\n\t\t\t\n\t\t\tpresenter.getScore = function(){\n\t\t\t\treturn 1;\n\t\t\t}\n\t\t\t\n\t\t\treturn presenter;\n\t\t}\n\t\t\n\t</presenter>\n\t\n</addon>\n"
    }
  }, 
  {
    "pk": 33, 
    "model": "filestorage.filestorage", 
    "fields": {
      "modified_date": "2012-04-11 10:45:36", 
      "history_for": 34, 
      "version": 1, 
      "content_type": "text/xml", 
      "created_date": "2012-04-11 10:45:36", 
      "owner": 1, 
      "contents": "<?xml version=\"1.0\" encoding=\"UTF-8\" ?> \n<addon id=\"piaty_addon\">\n\n\t<metadata>\n\t\t<title>Hello world Addon</title>\n\t\t<description>\n\t\t\tEnter addon description here\n\t\t</description>\n\t</metadata>\n\t\n\t<model>\n\t\t<property name=\"Text\" type=\"string\"/>\n\t</model>\n\t\n\t<view>\n\t\t&lt;p&gt;test&lt;/p&gt;\n\t</view>\n\t\n\t<preview>\n\t\t&lt;p&gt;Addon piaty_addon&lt;/p&gt;\n\t</preview>\n\t\n\t<presenter>\n\t\tfunction Addonpiaty_addon_create(){\n\t\t\t\n\t\t\tvar presenter = function(){}\n\n\t\t\tpresenter.run = function(view, model){\n\t\t\t\t\n\t\t\t\telement = view.getElementsByTagName('p')[0];\n\t\t\t\telement.innerHTML = model['Text'];\n\t\t\t}\n\n\t\t\tpresenter.setShowErrorsMode = function(){\n\t\t\t\telement.innerHTML = 'setShowErrorsMode';\n\t\t\t}\n\t\t\t\n\t\t\tpresenter.setWorkMode = function(){\n\t\t\t\telement.innerHTML = 'setWorkMode';\n\t\t\t}\n\t\t\t\n\t\t\tpresenter.reset = function(){\n\t\t\t\telement.innerHTML = 'Reset';\n\t\t\t}\n\t\t\t\n\t\t\tpresenter.getErrorCount = function(){\n\t\t\t\treturn 7;\n\t\t\t}\n\t\t\t\n\t\t\tpresenter.getMaxScore = function(){\n\t\t\t\treturn 3;\n\t\t\t}\n\t\t\t\n\t\t\tpresenter.getScore = function(){\n\t\t\t\treturn 1;\n\t\t\t}\n\t\t\t\n\t\t\treturn presenter;\n\t\t}\n\t\t\n\t</presenter>\n\t\n</addon>\n"
    }
  }, 
  {
    "pk": 36, 
    "model": "filestorage.filestorage", 
    "fields": {
      "modified_date": "2012-04-11 10:45:44", 
      "history_for": null, 
      "version": null, 
      "content_type": "text/xml", 
      "created_date": "2012-04-11 10:45:44", 
      "owner": 1, 
      "contents": "<?xml version='1.0' encoding='UTF-8' ?> \n\n<page>\n\t<modules> \n\t\n\t\t<textModule id=\"Title\" left=\"5\" top=\"3\" width=\"90\" height=\"7\" style=\"\">\n\t\t\t<text>&lt;div style=&quot;text-align: center;&quot;&gt;Title&lt;/div&gt;</text>\n\t\t</textModule>\t\n\t\t<buttonModule id=\"PrevPage\" left=\"0\" top=\"90\" width=\"10\" height=\"10\" style=\"\">\n\t\t\t<button type=\"prevPage\" text=\"\"/>\n\t\t</buttonModule>\n\t\t<buttonModule id=\"NextPage\" left=\"90\" top=\"90\" width=\"10\" height=\"10\" style=\"\">\n\t\t\t<button type=\"nextPage\" text=\"\"/>\n\t\t</buttonModule>\n    </modules> \n</page>\n"
    }
  }, 
  {
    "pk": 37, 
    "model": "filestorage.filestorage", 
    "fields": {
      "modified_date": "2012-04-11 10:45:44", 
      "history_for": 38, 
      "version": 1, 
      "content_type": "text/xml", 
      "created_date": "2012-04-11 10:45:44", 
      "owner": 1, 
      "contents": "<?xml version='1.0' encoding='UTF-8' ?>\n<interactiveContent>\n\n\t<style href=\"/media/content/styles/default/content.css\"/>\n\t\n\t<pages>\n    \t<page name='page 1' href='36'/> \n    </pages>\n</interactiveContent>"
    }
  }, 
  {
    "pk": 40, 
    "model": "filestorage.filestorage", 
    "fields": {
      "modified_date": "2012-04-11 10:45:55", 
      "history_for": null, 
      "version": null, 
      "content_type": "text/xml", 
      "created_date": "2012-04-11 10:45:55", 
      "owner": 1, 
      "contents": "<?xml version='1.0' encoding='UTF-8' ?> \n\n<page>\n\t<modules> \n\t\n\t\t<textModule id=\"Title\" left=\"5\" top=\"3\" width=\"90\" height=\"7\" style=\"\">\n\t\t\t<text>&lt;div style=&quot;text-align: center;&quot;&gt;Title&lt;/div&gt;</text>\n\t\t</textModule>\t\n\t\t<buttonModule id=\"PrevPage\" left=\"0\" top=\"90\" width=\"10\" height=\"10\" style=\"\">\n\t\t\t<button type=\"prevPage\" text=\"\"/>\n\t\t</buttonModule>\n\t\t<buttonModule id=\"NextPage\" left=\"90\" top=\"90\" width=\"10\" height=\"10\" style=\"\">\n\t\t\t<button type=\"nextPage\" text=\"\"/>\n\t\t</buttonModule>\n    </modules> \n</page>\n"
    }
  }, 
  {
    "pk": 41, 
    "model": "filestorage.filestorage", 
    "fields": {
      "modified_date": "2012-04-11 10:45:55", 
      "history_for": 42, 
      "version": 1, 
      "content_type": "text/xml", 
      "created_date": "2012-04-11 10:45:55", 
      "owner": 1, 
      "contents": "<?xml version='1.0' encoding='UTF-8' ?>\n<interactiveContent>\n\n\t<style href=\"/media/content/styles/default/content.css\"/>\n\t\n\t<pages>\n    \t<page name='page 1' href='40'/> \n    </pages>\n</interactiveContent>"
    }
  }, 
  {
    "pk": 44, 
    "model": "filestorage.filestorage", 
    "fields": {
      "modified_date": "2012-04-11 10:46:08", 
      "history_for": null, 
      "version": null, 
      "content_type": "text/xml", 
      "created_date": "2012-04-11 10:46:08", 
      "owner": 1, 
      "contents": "<?xml version='1.0' encoding='UTF-8' ?> \n\n<page>\n\t<modules> \n\t\n\t\t<textModule id=\"Title\" left=\"5\" top=\"3\" width=\"90\" height=\"7\" style=\"\">\n\t\t\t<text>&lt;div style=&quot;text-align: center;&quot;&gt;Title&lt;/div&gt;</text>\n\t\t</textModule>\t\n\t\t<buttonModule id=\"PrevPage\" left=\"0\" top=\"90\" width=\"10\" height=\"10\" style=\"\">\n\t\t\t<button type=\"prevPage\" text=\"\"/>\n\t\t</buttonModule>\n\t\t<buttonModule id=\"NextPage\" left=\"90\" top=\"90\" width=\"10\" height=\"10\" style=\"\">\n\t\t\t<button type=\"nextPage\" text=\"\"/>\n\t\t</buttonModule>\n    </modules> \n</page>\n"
    }
  }, 
  {
    "pk": 45, 
    "model": "filestorage.filestorage", 
    "fields": {
      "modified_date": "2012-04-11 10:46:08", 
      "history_for": 46, 
      "version": 1, 
      "content_type": "text/xml", 
      "created_date": "2012-04-11 10:46:08", 
      "owner": 1, 
      "contents": "<?xml version='1.0' encoding='UTF-8' ?>\n<interactiveContent>\n\n\t<style href=\"/media/content/styles/default/content.css\"/>\n\t\n\t<pages>\n    \t<page name='page 1' href='44'/> \n    </pages>\n</interactiveContent>"
    }
  }, 
  {
    "pk": 48, 
    "model": "filestorage.filestorage", 
    "fields": {
      "modified_date": "2012-04-11 10:46:26", 
      "history_for": 49, 
      "version": 1, 
      "content_type": "text/xml", 
      "created_date": "2012-04-11 10:46:26", 
      "owner": 1, 
      "contents": "<?xml version=\"1.0\" encoding=\"UTF-8\" ?> \n<addon id=\"dziewiaty_addon\">\n\n\t<metadata>\n\t\t<title>Hello world Addon</title>\n\t\t<description>\n\t\t\tEnter addon description here\n\t\t</description>\n\t</metadata>\n\t\n\t<model>\n\t\t<property name=\"Text\" type=\"string\"/>\n\t</model>\n\t\n\t<view>\n\t\t&lt;p&gt;test&lt;/p&gt;\n\t</view>\n\t\n\t<preview>\n\t\t&lt;p&gt;Addon dziewiaty_addon&lt;/p&gt;\n\t</preview>\n\t\n\t<presenter>\n\t\tfunction Addondziewiaty_addon_create(){\n\t\t\t\n\t\t\tvar presenter = function(){}\n\n\t\t\tpresenter.run = function(view, model){\n\t\t\t\t\n\t\t\t\telement = view.getElementsByTagName('p')[0];\n\t\t\t\telement.innerHTML = model['Text'];\n\t\t\t}\n\n\t\t\tpresenter.setShowErrorsMode = function(){\n\t\t\t\telement.innerHTML = 'setShowErrorsMode';\n\t\t\t}\n\t\t\t\n\t\t\tpresenter.setWorkMode = function(){\n\t\t\t\telement.innerHTML = 'setWorkMode';\n\t\t\t}\n\t\t\t\n\t\t\tpresenter.reset = function(){\n\t\t\t\telement.innerHTML = 'Reset';\n\t\t\t}\n\t\t\t\n\t\t\tpresenter.getErrorCount = function(){\n\t\t\t\treturn 7;\n\t\t\t}\n\t\t\t\n\t\t\tpresenter.getMaxScore = function(){\n\t\t\t\treturn 3;\n\t\t\t}\n\t\t\t\n\t\t\tpresenter.getScore = function(){\n\t\t\t\treturn 1;\n\t\t\t}\n\t\t\t\n\t\t\treturn presenter;\n\t\t}\n\t\t\n\t</presenter>\n\t\n</addon>\n"
    }
  }, 
  {
    "pk": 51, 
    "model": "filestorage.filestorage", 
    "fields": {
      "modified_date": "2012-04-11 10:46:35", 
      "history_for": null, 
      "version": null, 
      "content_type": "text/xml", 
      "created_date": "2012-04-11 10:46:35", 
      "owner": 1, 
      "contents": "<?xml version='1.0' encoding='UTF-8' ?> \n\n<page>\n\t<modules> \n\t\n\t\t<textModule id=\"Title\" left=\"5\" top=\"3\" width=\"90\" height=\"7\" style=\"\">\n\t\t\t<text>&lt;div style=&quot;text-align: center;&quot;&gt;Title&lt;/div&gt;</text>\n\t\t</textModule>\t\n\t\t<buttonModule id=\"PrevPage\" left=\"0\" top=\"90\" width=\"10\" height=\"10\" style=\"\">\n\t\t\t<button type=\"prevPage\" text=\"\"/>\n\t\t</buttonModule>\n\t\t<buttonModule id=\"NextPage\" left=\"90\" top=\"90\" width=\"10\" height=\"10\" style=\"\">\n\t\t\t<button type=\"nextPage\" text=\"\"/>\n\t\t</buttonModule>\n    </modules> \n</page>\n"
    }
  }, 
  {
    "pk": 52, 
    "model": "filestorage.filestorage", 
    "fields": {
      "modified_date": "2012-04-11 10:46:35", 
      "history_for": 53, 
      "version": 1, 
      "content_type": "text/xml", 
      "created_date": "2012-04-11 10:46:35", 
      "owner": 1, 
      "contents": "<?xml version='1.0' encoding='UTF-8' ?>\n<interactiveContent>\n\n\t<style href=\"/media/content/styles/default/content.css\"/>\n\t\n\t<pages>\n    \t<page name='page 1' href='51'/> \n    </pages>\n</interactiveContent>"
    }
  }, 
  {
    "pk": 8, 
    "model": "admin.logentry", 
    "fields": {
      "action_flag": 1, 
      "action_time": "2012-04-11 10:36:31", 
      "object_repr": "test:test <owner>", 
      "object_id": "7", 
      "change_message": "", 
      "user": 1, 
      "content_type": 6
    }
  }, 
  {
    "pk": 4, 
    "model": "admin.logentry", 
    "fields": {
      "action_flag": 1, 
      "action_time": "2012-04-11 10:36:17", 
      "object_repr": "test", 
      "object_id": "3", 
      "change_message": "", 
      "user": 1, 
      "content_type": 2
    }
  }
]