<!DOCTYPE ui:UiBinder SYSTEM "http://dl.google.com/gwt/DTD/xhtml.ent">
<ui:UiBinder xmlns:ui="urn:ui:com.google.gwt.uibinder"
	xmlns:g="urn:import:com.google.gwt.user.client.ui">
	<ui:style>
	
	</ui:style>
	<g:HTMLPanel styleName="mainPage left" ui:field="panel">
		<div class="mainPageHeader">
			<h3 ui:field="addModule"></h3>
			<a class="mainPageCloseBtn closeWidgetLocker"></a>
		</div>
		<div ui:field="tabs" class="tabs">
		</div>
		<g:HTMLPanel ui:field="contents" styleName="contents scrollable"></g:HTMLPanel>
	</g:HTMLPanel>
</ui:UiBinder> 