<!DOCTYPE ui:UiBinder SYSTEM "http://dl.google.com/gwt/DTD/xhtml.ent">
<ui:UiBinder xmlns:ui="urn:ui:com.google.gwt.uibinder"
	xmlns:g="urn:import:com.google.gwt.user.client.ui">
	<ui:style>
	
	</ui:style>
	<g:HTMLPanel ui:field="panel" styleName="mainPage">
		<div class="mainPageHeader">
			<h3></h3>
			<a class="mainPageCloseBtn closeWidgetLocker"></a>
		</div>
		
		<div class="spinner-wrapper"> 
			<div class="spinner">
				<span></span> 
				<div class="bounce1"></div> 
				<div class="bounce2"></div> 
				<div class="bounce3"></div> 
			</div> 
		</div>
		<div id="docViewerPage-contents" class="contents scrollable">
			<div class="docViewerPage-docs"></div>
		</div>
	</g:HTMLPanel>
</ui:UiBinder> 