<!DOCTYPE ui:UiBinder SYSTEM "http://dl.google.com/gwt/DTD/xhtml.ent">
<ui:UiBinder xmlns:ui="urn:ui:com.google.gwt.uibinder"
	xmlns:g="urn:import:com.google.gwt.user.client.ui">
	<ui:style>
	
	</ui:style>
	<g:HTMLPanel ui:field="panel" >
		<span ui:field="addGapLabel"></span>
		<select ui:field="addGapOption"></select>
		<span ui:field="addAltTextLabel"></span>
		<a ui:field="addAltText" class="addAltText"></a>
		<span ui:field="renderedLabel"></span>
		<input type="checkbox" ui:field="renderedOption"></input>
	</g:HTMLPanel>
</ui:UiBinder> 