<!DOCTYPE ui:UiBinder SYSTEM "http://dl.google.com/gwt/DTD/xhtml.ent">
<ui:UiBinder xmlns:ui="urn:ui:com.google.gwt.uibinder"
	xmlns:g="urn:import:com.google.gwt.user.client.ui">
	<ui:style>
	
	</ui:style>
	<g:HTMLPanel styleName="" ui:field="panel">
		<div class="property propertiesItemFiled">
			<div class="propertiesItem-Label"></div>
			<div class="propertiesItem-Value">
				<select></select>
			</div>
		</div>
		<div class="property">
			<g:HTMLPanel ui:field="editableValue" styleName="propertiesItemFiled "></g:HTMLPanel>
		</div>
	</g:HTMLPanel>
</ui:UiBinder> 