<!DOCTYPE ui:UiBinder SYSTEM "http://dl.google.com/gwt/DTD/xhtml.ent">
<ui:UiBinder xmlns:ui="urn:ui:com.google.gwt.uibinder"
	xmlns:g="urn:import:com.google.gwt.user.client.ui">
	<ui:style>
	
	</ui:style>
	<g:HTMLPanel ui:field="panel" styleName="mainPage">
		<div class="mainPageHeader">
			<h3></h3>
			<a class="mainPageCloseBtn" ui:field="closeButton"></a>
		</div>
		
		<div class="tabs" ui:field="tabs">
			<a class="tabButton selected" for-name="all"></a>
			<a class="tabButton" for-name="image"></a>
			<a class="tabButton" for-name="audio"></a>
			<a class="tabButton" for-name="video"></a>
			<span class="tabsText" ui:field="sortBySpan"></span>
			<select class="selectSort" ui:field="sort">
			    <option value="name" ui:field="name"></option>
				<option value="date" ui:field="date"></option>
			</select>
			<a class="sortMode ascending" ui:field="sortMode">			</a>
		</div>
		
		<div class="file-select-schemeless-urls-warning file-select-schemeless-urls-no-warning" ui:field="schemelessURLWarning">
		</div>

		<div class="contents scrollable" ui:field="contentsTabs">
			<g:HTMLPanel ui:field="allTab" styleName="tabContents">
			</g:HTMLPanel>
			<g:HTMLPanel ui:field="imagesTab" styleName="tabContents">
			</g:HTMLPanel>
			<g:HTMLPanel ui:field="audiosTab" styleName="tabContents">
			</g:HTMLPanel>
			<g:HTMLPanel ui:field="videosTab" styleName="tabContents">
			</g:HTMLPanel>
		</div>

		<div class="fileSelectControls">
			<div style="position: relative; width: 500px; height: 50px;">
				<a class="gwt-RadioButton selected" ui:field="selectLoad"></a>
				<a class="gwt-RadioButton" ui:field="selectOnlineResource"></a>
				<a class="gwt-RadioButton" ui:field="empty"></a>
					
				<g:HTMLPanel ui:field="load" styleName="loadFromHDD">
					<a class="gwt-RadioButton selected" ui:field="upload"></a>
				</g:HTMLPanel>

				<div class="onlineResource" style="display: none;" ui:field="onlineResourceTab">
					<span class="gwt-Label" ui:field="url"></span>
					<input type="text" style="" ui:field="onlineResource" value=""/>
					<a class="gwt-RadioButton selected" ui:field="save"></a>
				</div>					
			</div>
		</div>
	</g:HTMLPanel>
</ui:UiBinder> 