<!DOCTYPE ui:UiBinder SYSTEM "http://dl.google.com/gwt/DTD/xhtml.ent">
<ui:UiBinder xmlns:ui="urn:ui:com.google.gwt.uibinder"
	xmlns:g="urn:import:com.google.gwt.user.client.ui">
	<ui:style>
	
	</ui:style>
	<g:HTMLPanel ui:field="panel" styleName="propertiesItemFiled propertiesItem-TextInput">
		<div class="propertiesItem-Label"></div>
		<div class="propertiesItem-Value">
			<div class="propertiesItemTextarea">
				<textarea></textarea>
			</div>
		</div>
	</g:HTMLPanel>
</ui:UiBinder> 