<?xml version="1.0" encoding="UTF-8" standalone="no"?><addon id="Page_Name">
	<model>
	</model>
<css>.pagename {&#13;
    width: 100%;&#13;
    height: 100%;&#13;
    border: 0;&#13;
    padding: 1px;&#13;
    color: #7C818E;&#13;
    font-size: 25px;&#13;
    direction: inherit;&#13;
}&#13;
</css><view>&lt;div class="pagename"&gt;&#13;
&lt;/div&gt;&#13;
</view><preview>&lt;div class="pagename"&gt;&#13;
&lt;/div&gt;&#13;
</preview><presenter>function AddonPage_Name_create() {&#13;
    var presenter = function () {};&#13;
    var presentationController;&#13;
&#13;
    function presenterLogic(view, name) {&#13;
        var nameElement = $(view).find('.pagename')[0];&#13;
&#13;
        $(nameElement).text(name);&#13;
    }&#13;
&#13;
    presenter.createPreview = function (view, model) {&#13;
        presenterLogic(view, "Page Name");&#13;
    };&#13;
&#13;
    presenter.getPageName = function () {&#13;
        var presentation = presentationController.getPresentation();&#13;
        var currentPage = presentationController.getCurrentPageIndex();&#13;
&#13;
        return presentation.getPage(currentPage).getName();&#13;
    };&#13;
&#13;
&#13;
    presenter.run = function (view, model) {&#13;
        var pageName = this.getPageName();&#13;
&#13;
        presenterLogic(view, pageName);&#13;
    };&#13;
&#13;
    presenter.setPlayerController = function(controller) {&#13;
        presentationController = controller;&#13;
    };&#13;
&#13;
    return presenter;&#13;
}&#13;
</presenter></addon>