<!DOCTYPE ui:UiBinder SYSTEM "http://dl.google.com/gwt/DTD/xhtml.ent">
<ui:UiBinder xmlns:ui="urn:ui:com.google.gwt.uibinder"
	xmlns:g="urn:import:com.google.gwt.user.client.ui">
	<ui:style>
	
	</ui:style>
	<g:HTMLPanel>
		<div id="headerWrapper">
			<div alt="logo" ui:field="logo"></div>
			<div id="header">
				<div class="headerContainer">
					<div ui:field="lessonTitle"></div>
					<div class="additionalHeaderItemsWrapper">
						<a ui:field="expand"></a>
						<div class="additionalHeaderItems" ui:field="subTitle">
						</div>
					</div>
				</div>
			</div>
		</div>
	</g:HTMLPanel>
</ui:UiBinder> 