<!DOCTYPE ui:UiBinder SYSTEM "http://dl.google.com/gwt/DTD/xhtml.ent">
<ui:UiBinder xmlns:ui="urn:ui:com.google.gwt.uibinder"
	xmlns:g="urn:import:com.google.gwt.user.client.ui">
	<ui:style>
	
	</ui:style>
	<g:HTMLPanel>
		<div id="menusWrapper">
			<div id="mainMenu">
				<ul class="level0">
					<li class="level0">
						<a ui:field="presentationMenu"></a>
						<ul class="level1">
							<li><a class="mainMenuItem mainMenuSeparator" ui:field="save"></a></li>
							<li><a class="mainMenuItem" ui:field="selectTemplate"></a></li>
							<li><a class="mainMenuItem" ui:field="editCSS"></a></li>
							<li><a class="mainMenuItem" ui:field="editLayouts"></a></li>
							<li><a class="mainMenuItem" ui:field="addWCAG"></a></li>
							<li><a class="mainMenuItem mainMenuSeparator" ui:field="settings"></a></li>
							<li><a class="mainMenuItem" ui:field="close"></a></li>
						</ul>
					</li>
					<li class="level0">
						<a ui:field="editMenu"></a>
						<ul class="level1">
							<li><a class="mainMenuItem" ui:field="undo"></a></li>
							<li><a class="mainMenuItem mainMenuSeparator" ui:field="redo"></a></li>
							<li><a class="mainMenuItem" ui:field="copy"></a></li>
							<li><a class="mainMenuItem" ui:field="paste"></a></li>
							<li><a class="mainMenuItem" ui:field="copyPage"></a></li>
							<li><a class="mainMenuItem" ui:field="pastePage"></a></li>
						</ul>
					</li>
					<li class="level0">
						<a ui:field="chapterMenu"></a>
						<ul class="level1">
							<li><a class="mainMenuItem" ui:field="addChapter"></a></li>
							<li><a class="mainMenuItem" ui:field="removeChapter"></a></li>
						</ul>
					</li>
					<li class="level0">
						<a class="" ui:field="pageMenu"></a>
						<ul class="level1">
							<li><a class="mainMenuItem" ui:field="addEmptyPage"></a></li>
							<li><a class="mainMenuItem" ui:field="addPageFromTemplate"></a></li>
							<li><a class="mainMenuItem mainMenuSeparator" ui:field="duplicatePage"></a></li>
							<li><a class="mainMenuItem" ui:field="movePageUp"></a></li>
							<li><a class="mainMenuItem" ui:field="movePageDown"></a></li>
							<li><a class="mainMenuItem" ui:field="movePageToCommons"></a></li>
							<li><a class="mainMenuItem mainMenuSeparator" ui:field="movePageToNavigation"></a></li>
							<li><a class="mainMenuItem" ui:field="removePage"></a></li>
						</ul>
					</li>
					<li class="level0">
						<a class="" ui:field="moduleMenu"></a>
						<ul class="level1">
							<li><a class="mainMenuItem mainMenuSeparator" ui:field="addModule"></a></li>
							<li><a class="mainMenuItem" ui:field="manageFavourites"></a></li>
							<li>
								<a class="mainMenuItem mainMenuItem-expandable"></a>
								<g:HTMLPanel ui:field="favourite" styleName="level2" tag="ul">
								</g:HTMLPanel>
							</li>
							<li>
								<a class="mainMenuItem mainMenuItem-expandable"></a>
								<g:HTMLPanel ui:field="activities" styleName="level2" tag="ul">
								</g:HTMLPanel>
							</li>
							<li>
								<a class="mainMenuItem mainMenuItem-expandable"></a>
								<g:HTMLPanel ui:field="games" styleName="level2" tag="ul">
								</g:HTMLPanel>
							</li>
							<li>
								<a class="mainMenuItem mainMenuItem-expandable"></a>
								<g:HTMLPanel ui:field="reporting" styleName="level2" tag="ul">
								</g:HTMLPanel>
							</li>
							<li>
								<a class="mainMenuItem mainMenuItem-expandable"></a>
								<g:HTMLPanel ui:field="learnpen" styleName="level2" tag="ul">
								</g:HTMLPanel>
							</li>
							<li>
								<a class="mainMenuItem mainMenuItem-expandable"></a>
								<g:HTMLPanel ui:field="navigation" styleName="level2" tag="ul">
								</g:HTMLPanel>
							</li>
							<li>
								<a class="mainMenuItem mainMenuItem-expandable"></a>
								<g:HTMLPanel ui:field="media" styleName="level2" tag="ul">
								</g:HTMLPanel>
							</li>
							<li>
								<a class="mainMenuItem mainMenuItem-expandable"></a>
								<g:HTMLPanel ui:field="scripting" styleName="level2" tag="ul">
								</g:HTMLPanel>
							</li>
							<li>
								<a class="mainMenuItem mainMenuItem-expandable mainMenuSeparator"></a>
								<g:HTMLPanel ui:field="privateAddons" styleName="level2" tag="ul">
								</g:HTMLPanel>
							</li>
							<li><a class="mainMenuItem" ui:field="groupModules"></a></li>
							<li><a class="mainMenuItem mainMenuSeparator" ui:field="ungroupModules"></a></li>
							<li><a class="mainMenuItem" ui:field="bringToFront"></a></li>
							<li><a class="mainMenuItem" ui:field="sendBack"></a></li>
							<li><a class="mainMenuItem" ui:field="moveModuleUp"></a></li>
							<li><a class="mainMenuItem" ui:field="moveModuleDown"></a></li>
							<li><a class="mainMenuItem" ui:field="removeModule"></a></li>						
						</ul>
					</li>
					<li class="level0">
						<a ui:field="helpMenu"></a>
						<ul class="level1">
							<li><a target="_blank" href="https://www.mauthor.com/doc/en" class="mainMenuItem" ui:field="documentation"></a></li>
							<li><a target="_blank" href="https://www.mauthor.com/doc/en/page/Interactive-Tutorials" class="mainMenuItem" ui:field="interactiveTutorials"></a></li>
							<li><a target="_blank" href="https://www.mauthor.com/doc/en/page/Sample-Lessons?no_menu" class="mainMenuItem" ui:field="modulesExamples"></a></li>
						</ul>
					</li>
				</ul>
			</div>
			<div id="additionalMenu">
				<div class="additionalMenuPanel">
					<span ui:field="pageAddiotonalMenuPanel"></span>
					<a class="additionalItem tooltip-bottom" data-tooltip="" ui:field="addEmptyPageButton"></a>
					<a class="additionalItem tooltip-bottom" data-tooltip="" ui:field="addPageFromTemplateButton"></a>
					<a class="additionalItem tooltip-bottom" data-tooltip="" ui:field="duplicatePageButton"></a>
					<a class="additionalItem tooltip-bottom" data-tooltip="" ui:field="copyPageButton"></a>
					<a class="additionalItem tooltip-bottom" data-tooltip="" ui:field="pastePageButton"></a>
					<a class="additionalItem tooltip-bottom" data-tooltip="" ui:field="removePageButton"></a>
					<a class="additionalItem tooltip-bottom" data-tooltip="" ui:field="movePageUpButton"></a>
					<a class="additionalItem tooltip-bottom" data-tooltip="" ui:field="movePageDownButton"></a>
				</div>
				
				<div class="additionalMenuPanel" ui:field="additionalMenuPanel">
					<span ui:field="moduleAddiotonalMenuPanel"></span>
					<a class="additionalItem tooltip-bottom" data-tooltip="" ui:field="undoButton"></a>
					<a class="additionalItem tooltip-bottom" data-tooltip="" ui:field="redoButton"></a>
					<a class="additionalItem tooltip-bottom" data-tooltip="" ui:field="addModuleButton"></a>
					<a class="additionalItem tooltip-bottom" data-tooltip="" ui:field="copyModuleButton"></a>
					<a class="additionalItem tooltip-bottom" data-tooltip="" ui:field="pasteModuleButton"></a>
					<a class="additionalItem tooltip-bottom" data-tooltip="" ui:field="removeModuleButton"></a>
				</div>
				<g:HTMLPanel styleName="additionalMenuPanel favouritiesMenuPanel" ui:field="panel">
					<span ui:field="favouriteModulesPanelLabel"></span>
					<a class="additionalItem tooltip-bottom" data-tooltip="" ui:field="favouriteModulesButton"></a>
				</g:HTMLPanel>
				
				<div class="additionalMenuPanel">
					<span ui:field="gridAddiotonalMenuPanel"></span>
					<a class="additionalItem doubleState disabled tooltip-bottom" ui:field="gridVisibilityButton"></a>
					<a class="additionalItem doubleState disabled tooltip-bottom" ui:field="gridSnappingButton"></a>
					<span ui:field="gridSizeText"></span>
					<div class="additionalItem input tooltip-bottom" ui:field="gridWidthButton">
						<input ui:field="gridSize" pattern="[0-9]{3}"></input>px
					</div>
				</div>
				
				<div class="additionalMenuPanel">
					<span ui:field="rulersAddiotonalMenuPanel"></span>
					<a class="additionalItem doubleState disabled tooltip-bottom" ui:field="rulersVisibilityButton"></a>
					<a class="additionalItem doubleState disabled tooltip-bottom" ui:field="rulersSnappingButton"></a>
				</div>
			</div>
			<div class="widgetLock"></div>
		</div>
	</g:HTMLPanel>
</ui:UiBinder> 