<!DOCTYPE ui:UiBinder SYSTEM "http://dl.google.com/gwt/DTD/xhtml.ent">
<ui:UiBinder xmlns:ui="urn:ui:com.google.gwt.uibinder"
	xmlns:g="urn:import:com.google.gwt.user.client.ui"
	xmlns:editor="urn:import:com.lorepo.iceditor.client.ui.widgets"
	xmlns:docs="urn:import:com.lorepo.iceditor.client.ui.widgets.docs"
	xmlns:pages="urn:import:com.lorepo.iceditor.client.ui.widgets.pages"
	xmlns:modules="urn:import:com.lorepo.iceditor.client.ui.widgets.modules"
	xmlns:content="urn:import:com.lorepo.iceditor.client.ui.widgets.content"
	xmlns:editorProperties="urn:import:com.lorepo.iceditor.client.ui.widgets.properties"
	xmlns:notification="urn:import:com.lorepo.iceditor.client.ui.widgets.notification"
	xmlns:modals="urn:import:com.lorepo.iceditor.client.ui.widgets.modals"
	xmlns:addmodules="urn:import:com.lorepo.iceditor.client.ui.widgets.modules.add"
	xmlns:editors="urn:import:com.lorepo.iceditor.client.ui.widgets.properties.editors"
	xmlns:templates="urn:import:com.lorepo.iceditor.client.ui.widgets.templates"
	xmlns:selectpages="urn:import:com.lorepo.iceditor.client.ui.widgets.pages.select"
	xmlns:semi-responsive="urn:import:com.lorepo.iceditor.client.semi.responsive.ui.widgets">

	<ui:style>
	
	</ui:style>

	<g:HTMLPanel ui:field="panel">
		<div id="leftResizerContainment"></div>
		<div id="rightResizerContainment"></div>

		<editor:HeaderWidget ui:field="header"></editor:HeaderWidget>
		<editor:MenuWidget ui:field="menu"></editor:MenuWidget>
		<editor:HeaderMenuWidget ui:field="headerMenu"></editor:HeaderMenuWidget>

		<div id="leftCol">
			<div id="leftCol-inner">
				<pages:PagesWidget ui:field="pages"></pages:PagesWidget>
				<modules:ModulesWidget ui:field="modules"></modules:ModulesWidget>
			</div>

			<div class="widgetLock"></div>
		</div>

		<div>
			<div id="contentWrapper">
				<g:SimplePanel ui:field="content">
					<content:PresentationWidget ui:field="presentation"></content:PresentationWidget>
				</g:SimplePanel>

				<div id="ruler_horizontal"></div>
	
				<content:EditCSSWidget ui:field="editCSS"></content:EditCSSWidget>
				<content:SettingsWidget ui:field="settings"></content:SettingsWidget>
				<content:AddWCAGWidget ui:field="addWCAG"></content:AddWCAGWidget>
				<semi-responsive:SemiResponsiveLayoutsWidget ui:field="semiResponsiveLayouts"></semi-responsive:SemiResponsiveLayoutsWidget>
				<content:FavouriteModulesListWidget ui:field="favouriteModules"></content:FavouriteModulesListWidget>
				<content:PreviewWidget ui:field="preview"></content:PreviewWidget>
				<content:PresentationLoadingWidget ui:field="presentationLoading"></content:PresentationLoadingWidget>
				<content:PageLoadingWidget ui:field="pageLoading"></content:PageLoadingWidget>
	
				<addmodules:AddModulePageWidget ui:field="addModule"></addmodules:AddModulePageWidget>
				
				<templates:SelectTemplateWidget ui:field="selectTemplate"></templates:SelectTemplateWidget>
				<selectpages:SelectPageWidget ui:field="selectPage"></selectpages:SelectPageWidget>
	
				<editors:TextEditorWidget ui:field="textEditor"></editors:TextEditorWidget>
				<editors:ConnectorBlocksEditorWidget ui:field="connectorBlocksEditor"></editors:ConnectorBlocksEditorWidget>
				<editors:HTMLEditorWidget ui:field="htmlEditor"></editors:HTMLEditorWidget>
				<editors:ItemsEditorWidget ui:field="itemsEditor"></editors:ItemsEditorWidget>
				<editors:LayoutEditorWidget ui:field="layoutEditor"></editors:LayoutEditorWidget>
				<editors:FileSelectorWidget ui:field="fileSelector"></editors:FileSelectorWidget>
				<editors:StaticItemsEditorWidget ui:field="staticItemsEditorWidget"></editors:StaticItemsEditorWidget>
				<docs:DocViewerWidget ui:field="docViewer"></docs:DocViewerWidget>
			</div>
		</div>	

		<div id="rightCol">
			<editorProperties:PropertiesWidget ui:field="properties"></editorProperties:PropertiesWidget>
			<editor:StylesWidget ui:field="styles"></editor:StylesWidget>

			<div class="widgetLock"></div>
		</div>

		<div id="leftResizer"></div>
		<div id="rightResizer"></div>

		<notification:NotificationsWidget ui:field="notifications"></notification:NotificationsWidget>

		<modals:ModalsWidget ui:field="modals"></modals:ModalsWidget>
	</g:HTMLPanel>
</ui:UiBinder> 