<!DOCTYPE ui:UiBinder SYSTEM "http://dl.google.com/gwt/DTD/xhtml.ent">
<ui:UiBinder xmlns:ui="urn:ui:com.google.gwt.uibinder"
	xmlns:g="urn:import:com.google.gwt.user.client.ui">
	<ui:style>
	
	</ui:style>
	<g:HTMLPanel styleName="modal-box prompt modal_filledgap_add" ui:field="panel">
		<span></span>
		<br/>
		<div class="addGapsTitle">
			<span ui:field="title"></span><br/>
		</div>
		<div class="filled-gap-initial-label">
			<span ui:field="visibleTextLabel"></span> <input type="text" ui:field="visibleText"></input><br/>
		</div>
		<div class="filled-gap-initial-label">
			<span ui:field="altTextLabel"></span> <input type="text" ui:field="altText"></input><br/>
		</div>
		<div class="filled-gap-initial-label">
			<span ui:field="langTagLabel"></span> <input type="text" ui:field="langTagText"></input><br/>
		</div>
		<div class="confirmationPanel">
			<a class="accept"></a>
			<a class="decline"></a>
		</div>
	</g:HTMLPanel>
</ui:UiBinder> 