<!DOCTYPE ui:UiBinder SYSTEM "http://dl.google.com/gwt/DTD/xhtml.ent">
<ui:UiBinder xmlns:ui="urn:ui:com.google.gwt.uibinder"
	xmlns:g="urn:import:com.google.gwt.user.client.ui">
	<ui:style>
	
	</ui:style>
	<g:HTMLPanel styleName="modal-box prompt" ui:field="panel">
		<span></span>
		<br/>
		<span ui:field="textBefore"></span>
		<input type="text" step="1" ui:field="heightValue"></input>
		<span ui:field="textAfter"></span>
		<a href="" class="accept"></a>
		<a class="decline"></a>
	</g:HTMLPanel>
</ui:UiBinder> 