<!DOCTYPE ui:UiBinder SYSTEM "http://dl.google.com/gwt/DTD/xhtml.ent">
<ui:UiBinder xmlns:ui="urn:ui:com.google.gwt.uibinder"
	xmlns:g="urn:import:com.google.gwt.user.client.ui"
	xmlns:semi-responsive="urn:import:com.lorepo.iceditor.client.semi.responsive.ui.widgets.layoutsCopier">
	<ui:style>
	</ui:style>
	<g:HTMLPanel styleName="property">
		<div class="propertyLabel" ui:field="label"></div>
		<div class="propertyValue">
			<semi-responsive:LayoutsList
			visibleItemCount="1" emptyChangeHandler="true"
			ui:field="layoutsList"
			></semi-responsive:LayoutsList>
		</div>
	</g:HTMLPanel>
</ui:UiBinder> 