<!DOCTYPE ui:UiBinder SYSTEM "http://dl.google.com/gwt/DTD/xhtml.ent">
<ui:UiBinder xmlns:ui="urn:ui:com.google.gwt.uibinder"
	xmlns:g="urn:import:com.google.gwt.user.client.ui">
	<ui:style>
	
	</ui:style>
	<g:HTMLPanel styleName="notification-box" ui:field="panel">
		<div class="notification">
			<span></span>
			<a class="closeNotificationBtn" ui:field="closeButton"></a>
			<a class="plainCloseNotificationBtn" ui:field="plainCloseButton"></a>
			<a class="notShowNotificationBtn" ui:field="notShowButton"></a>
		</div>
	</g:HTMLPanel>
</ui:UiBinder> 