[
  {
    "pk": 6, 
    "model": "contenttypes.contenttype", 
    "fields": {
      "model": "space", 
      "name": "space", 
      "app_label": "spaces"
    }
  }, 
  {
    "pk": 10, 
    "model": "contenttypes.contenttype", 
    "fields": {
      "model": "spaceaccess", 
      "name": "space access", 
      "app_label": "spaces"
    }
  }, 
  {
    "pk": 197, 
    "model": "contenttypes.contenttype", 
    "fields": {
      "model": "state", 
      "name": "state", 
      "app_label": "states"
    }
  }, 
  {
    "pk": 210, 
    "model": "contenttypes.contenttype", 
    "fields": {
      "model": "statetoset", 
      "name": "state to set", 
      "app_label": "states"
    }
  }, 
  {
    "pk": 191, 
    "model": "contenttypes.contenttype", 
    "fields": {
      "model": "statesset", 
      "name": "states set", 
      "app_label": "states"
    }
  }, 
  {
    "pk": 1, 
    "model": "auth.user", 
    "fields": {
      "username": "admin", 
      "first_name": "", 
      "last_name": "", 
      "is_active": true, 
      "idxf_email_l_iexact": "admin@wp.pl", 
      "idxf_username_l_iexact": "admin", 
      "is_superuser": true, 
      "is_staff": true, 
      "last_login": "2012-04-25 10:31:13", 
      "groups": [], 
      "user_permissions": [], 
      "password": "sha1$e60f0$bc21c81981e682f99ac88f55d69a21836bd7768d", 
      "email": "admin@wp.pl", 
      "date_joined": "2012-03-27 10:54:36"
    }
  }, 
  {
    "pk": 2, 
    "model": "auth.user", 
    "fields": {
      "username": "test", 
      "first_name": "", 
      "last_name": "", 
      "is_active": true, 
      "idxf_email_l_iexact": "test@wp.pl", 
      "idxf_username_l_iexact": "test", 
      "is_superuser": false, 
      "is_staff": true, 
      "last_login": "2012-04-25 16:44:14", 
      "groups": [], 
      "user_permissions": [], 
      "password": "sha1$b29c0$09d13f2405b5893f6d95946cf2eaa0a5466ef57c", 
      "email": "test@wp.pl", 
      "date_joined": "2012-03-27 10:55:21"
    }
  }, 
  {
    "pk": 25, 
    "model": "auth.user", 
    "fields": {
      "username": "test2", 
      "first_name": "", 
      "last_name": "", 
      "is_active": true, 
      "idxf_email_l_iexact": "test@wp.pl", 
      "idxf_username_l_iexact": "test2", 
      "is_superuser": false, 
      "is_staff": false, 
      "last_login": "2012-04-25 09:51:10", 
      "groups": [], 
      "user_permissions": [], 
      "password": "sha1$06fc1$c17867f7af5f302d60fa3be57fbbc74c398d3be4", 
      "email": "test@wp.pl", 
      "date_joined": "2012-03-27 16:38:37"
    }
  }, 
  {
    "pk": 23, 
    "model": "search.relationindex_mycontent_content_search_index", 
    "fields": {
      "modified_date": "2012-03-27 16:43:37", 
      "is_featured": false, 
      "big_icon_href": null, 
      "is_deleted": false, 
      "file": 22, 
      "title": "Test", 
      "author": 2, 
      "public_version": null, 
      "view_count": 0, 
      "name": null, 
      "search_index_search_list_field": [
        "test"
      ], 
      "is_template": false, 
      "is_globally_public": false, 
      "content_type": 1, 
      "created_date": "2012-03-27 16:37:43", 
      "short_description": "", 
      "is_public": false, 
      "icon_href": null, 
      "associated_content": null, 
      "tags": "", 
      "description": ""
    }
  }, 
  {
    "pk": 36, 
    "model": "search.relationindex_mycontent_content_search_index", 
    "fields": {
      "modified_date": "2012-03-29 10:54:09", 
      "is_featured": false, 
      "big_icon_href": null, 
      "is_deleted": false, 
      "file": 35, 
      "title": "Test", 
      "author": 2, 
      "public_version": null, 
      "view_count": 0, 
      "name": null, 
      "search_index_search_list_field": [
        "test"
      ], 
      "is_template": false, 
      "is_globally_public": false, 
      "content_type": 1, 
      "created_date": "2012-03-28 15:53:17", 
      "short_description": "", 
      "is_public": false, 
      "icon_href": null, 
      "associated_content": null, 
      "tags": "", 
      "description": ""
    }
  }, 
  {
    "pk": 53, 
    "model": "search.relationindex_mycontent_content_search_index", 
    "fields": {
      "modified_date": "2012-04-05 16:00:03", 
      "is_featured": false, 
      "big_icon_href": null, 
      "is_deleted": false, 
      "file": 52, 
      "title": "Test", 
      "author": 1, 
      "public_version": null, 
      "view_count": 0, 
      "name": "test", 
      "search_index_search_list_field": [
        "test"
      ], 
      "is_template": false, 
      "is_globally_public": false, 
      "content_type": 3, 
      "created_date": "2012-04-05 16:00:04", 
      "short_description": "", 
      "is_public": false, 
      "icon_href": null, 
      "associated_content": null, 
      "tags": "", 
      "description": ""
    }
  }, 
  {
    "pk": 57, 
    "model": "search.relationindex_mycontent_content_search_index", 
    "fields": {
      "modified_date": "2012-04-17 12:58:23", 
      "is_featured": false, 
      "big_icon_href": null, 
      "is_deleted": false, 
      "file": 186, 
      "title": "Test", 
      "author": 1, 
      "public_version": null, 
      "view_count": 0, 
      "name": null, 
      "search_index_search_list_field": [
        "test"
      ], 
      "is_template": false, 
      "is_globally_public": false, 
      "content_type": 1, 
      "created_date": "2012-04-05 16:00:09", 
      "short_description": "", 
      "is_public": false, 
      "icon_href": null, 
      "associated_content": null, 
      "tags": "", 
      "description": ""
    }
  }, 
  {
    "pk": 71, 
    "model": "search.relationindex_mycontent_content_search_index", 
    "fields": {
      "modified_date": "2012-04-12 10:28:14", 
      "is_featured": false, 
      "big_icon_href": null, 
      "is_deleted": false, 
      "file": 70, 
      "title": "Export presentation", 
      "author": 2, 
      "public_version": null, 
      "view_count": 0, 
      "name": null, 
      "search_index_search_list_field": [
        "present", 
        "export", 
        "test", 
        "tes", 
        "test", 
        "html"
      ], 
      "is_template": false, 
      "is_globally_public": false, 
      "content_type": 1, 
      "created_date": "2012-04-12 10:28:14", 
      "short_description": "", 
      "is_public": false, 
      "icon_href": null, 
      "associated_content": null, 
      "tags": "tes,test,tes,tes,tes,tes,tes,tes,tes,tes", 
      "description": "<html>TEST</html>"
    }
  }, 
  {
    "pk": 79, 
    "model": "search.relationindex_mycontent_content_search_index", 
    "fields": {
      "modified_date": "2012-04-12 10:31:54", 
      "is_featured": false, 
      "big_icon_href": null, 
      "is_deleted": false, 
      "file": 78, 
      "title": "Test", 
      "author": 2, 
      "public_version": null, 
      "view_count": 0, 
      "name": null, 
      "search_index_search_list_field": [
        "test", 
        "a", 
        "c", 
        "b", 
        "some", 
        "desc"
      ], 
      "is_template": false, 
      "is_globally_public": false, 
      "content_type": 1, 
      "created_date": "2012-04-12 10:31:54", 
      "short_description": "", 
      "is_public": false, 
      "icon_href": null, 
      "associated_content": null, 
      "tags": "a,b,c", 
      "description": "Some desc"
    }
  }, 
  {
    "pk": 87, 
    "model": "search.relationindex_mycontent_content_search_index", 
    "fields": {
      "modified_date": "2012-04-13 13:33:45", 
      "is_featured": false, 
      "big_icon_href": null, 
      "is_deleted": false, 
      "file": 90, 
      "title": "Test", 
      "author": 2, 
      "public_version": null, 
      "view_count": 0, 
      "name": null, 
      "search_index_search_list_field": [
        "test", 
        "a", 
        "c", 
        "b", 
        "some", 
        "desc"
      ], 
      "is_template": false, 
      "is_globally_public": false, 
      "content_type": 1, 
      "created_date": "2012-04-12 10:51:36", 
      "short_description": "", 
      "is_public": false, 
      "icon_href": null, 
      "associated_content": null, 
      "tags": "a,b,c", 
      "description": "Some desc"
    }
  }, 
  {
    "pk": 130, 
    "model": "search.relationindex_mycontent_content_search_index", 
    "fields": {
      "modified_date": "2012-04-16 09:37:15", 
      "is_featured": false, 
      "big_icon_href": null, 
      "is_deleted": false, 
      "file": 129, 
      "title": "Puzzle demo", 
      "author": 2, 
      "public_version": null, 
      "view_count": 0, 
      "name": null, 
      "search_index_search_list_field": [
        "demo", 
        "puzzl", 
        "demo", 
        "puzzl", 
        "addon", 
        "demo", 
        "puzzl", 
        "present", 
        "for", 
        "addon"
      ], 
      "is_template": false, 
      "is_globally_public": false, 
      "content_type": 1, 
      "created_date": "2012-04-16 09:37:16", 
      "short_description": "", 
      "is_public": false, 
      "icon_href": null, 
      "associated_content": null, 
      "tags": "demo, puzzle, addon", 
      "description": "Demo presentation for puzzle addon"
    }
  }, 
  {
    "pk": 137, 
    "model": "search.relationindex_mycontent_content_search_index", 
    "fields": {
      "modified_date": "2012-04-16 13:17:13", 
      "is_featured": false, 
      "big_icon_href": null, 
      "is_deleted": false, 
      "file": 161, 
      "title": "test", 
      "author": 2, 
      "public_version": null, 
      "view_count": 0, 
      "name": null, 
      "search_index_search_list_field": [
        "test"
      ], 
      "is_template": false, 
      "is_globally_public": false, 
      "content_type": 1, 
      "created_date": "2012-04-16 09:53:06", 
      "short_description": "", 
      "is_public": false, 
      "icon_href": null, 
      "associated_content": null, 
      "tags": "", 
      "description": ""
    }
  }, 
  {
    "pk": 165, 
    "model": "search.relationindex_mycontent_content_search_index", 
    "fields": {
      "modified_date": "2012-04-16 13:35:42", 
      "is_featured": false, 
      "big_icon_href": null, 
      "is_deleted": false, 
      "file": 179, 
      "title": "QWERTY", 
      "author": 2, 
      "public_version": null, 
      "view_count": 0, 
      "name": null, 
      "search_index_search_list_field": [
        "qwerti"
      ], 
      "is_template": false, 
      "is_globally_public": false, 
      "content_type": 1, 
      "created_date": "2012-04-16 13:32:21", 
      "short_description": "", 
      "is_public": false, 
      "icon_href": null, 
      "associated_content": null, 
      "tags": "", 
      "description": ""
    }
  }, 
  {
    "pk": 3, 
    "model": "registration.registrationprofile", 
    "fields": {
      "activation_key": "ALREADY_ACTIVATED", 
      "user": 2
    }
  }, 
  {
    "pk": 26, 
    "model": "registration.registrationprofile", 
    "fields": {
      "activation_key": "ALREADY_ACTIVATED", 
      "user": 25
    }
  }, 
  {
    "pk": 57, 
    "model": "mycontent.content", 
    "fields": {
      "modified_date": "2012-04-17 12:58:23", 
      "is_featured": false, 
      "big_icon_href": null, 
      "is_deleted": false, 
      "file": 186, 
      "title": "Test", 
      "author": 1, 
      "public_version": null, 
      "view_count": 0, 
      "name": null, 
      "is_template": false, 
      "is_globally_public": false, 
      "content_type": 1, 
      "created_date": "2012-04-05 16:00:09", 
      "short_description": "", 
      "is_public": false, 
      "icon_href": null, 
      "associated_content": null, 
      "tags": "", 
      "description": ""
    }
  }, 
  {
    "pk": 165, 
    "model": "mycontent.content", 
    "fields": {
      "modified_date": "2012-04-16 13:35:42", 
      "is_featured": false, 
      "big_icon_href": null, 
      "is_deleted": false, 
      "file": 179, 
      "title": "QWERTY", 
      "author": 2, 
      "public_version": null, 
      "view_count": 0, 
      "name": null, 
      "is_template": false, 
      "is_globally_public": false, 
      "content_type": 1, 
      "created_date": "2012-04-16 13:32:21", 
      "short_description": "", 
      "is_public": false, 
      "icon_href": null, 
      "associated_content": null, 
      "tags": "", 
      "description": ""
    }
  }, 
  {
    "pk": 137, 
    "model": "mycontent.content", 
    "fields": {
      "modified_date": "2012-04-16 13:17:13", 
      "is_featured": false, 
      "big_icon_href": null, 
      "is_deleted": false, 
      "file": 161, 
      "title": "test", 
      "author": 2, 
      "public_version": null, 
      "view_count": 0, 
      "name": null, 
      "is_template": false, 
      "is_globally_public": false, 
      "content_type": 1, 
      "created_date": "2012-04-16 09:53:06", 
      "short_description": "", 
      "is_public": false, 
      "icon_href": null, 
      "associated_content": null, 
      "tags": "", 
      "description": ""
    }
  }, 
  {
    "pk": 130, 
    "model": "mycontent.content", 
    "fields": {
      "modified_date": "2012-04-16 09:37:15", 
      "is_featured": false, 
      "big_icon_href": null, 
      "is_deleted": false, 
      "file": 129, 
      "title": "Puzzle demo", 
      "author": 2, 
      "public_version": null, 
      "view_count": 0, 
      "name": null, 
      "is_template": false, 
      "is_globally_public": false, 
      "content_type": 1, 
      "created_date": "2012-04-16 09:37:16", 
      "short_description": "", 
      "is_public": false, 
      "icon_href": null, 
      "associated_content": null, 
      "tags": "demo, puzzle, addon", 
      "description": "Demo presentation for puzzle addon"
    }
  }, 
  {
    "pk": 87, 
    "model": "mycontent.content", 
    "fields": {
      "modified_date": "2012-04-13 13:33:45", 
      "is_featured": false, 
      "big_icon_href": null, 
      "is_deleted": false, 
      "file": 90, 
      "title": "Test", 
      "author": 2, 
      "public_version": null, 
      "view_count": 0, 
      "name": null, 
      "is_template": false, 
      "is_globally_public": false, 
      "content_type": 1, 
      "created_date": "2012-04-12 10:51:36", 
      "short_description": "", 
      "is_public": false, 
      "icon_href": null, 
      "associated_content": null, 
      "tags": "a,b,c", 
      "description": "Some desc"
    }
  }, 
  {
    "pk": 79, 
    "model": "mycontent.content", 
    "fields": {
      "modified_date": "2012-04-12 10:31:54", 
      "is_featured": false, 
      "big_icon_href": null, 
      "is_deleted": false, 
      "file": 78, 
      "title": "Test", 
      "author": 2, 
      "public_version": null, 
      "view_count": 0, 
      "name": null, 
      "is_template": false, 
      "is_globally_public": false, 
      "content_type": 1, 
      "created_date": "2012-04-12 10:31:54", 
      "short_description": "", 
      "is_public": false, 
      "icon_href": null, 
      "associated_content": null, 
      "tags": "a,b,c", 
      "description": "Some desc"
    }
  }, 
  {
    "pk": 71, 
    "model": "mycontent.content", 
    "fields": {
      "modified_date": "2012-04-12 10:28:14", 
      "is_featured": false, 
      "big_icon_href": null, 
      "is_deleted": false, 
      "file": 70, 
      "title": "Export presentation", 
      "author": 2, 
      "public_version": null, 
      "view_count": 0, 
      "name": null, 
      "is_template": false, 
      "is_globally_public": false, 
      "content_type": 1, 
      "created_date": "2012-04-12 10:28:14", 
      "short_description": "", 
      "is_public": false, 
      "icon_href": null, 
      "associated_content": null, 
      "tags": "tes,test,tes,tes,tes,tes,tes,tes,tes,tes", 
      "description": "<html>TEST</html>"
    }
  }, 
  {
    "pk": 53, 
    "model": "mycontent.content", 
    "fields": {
      "modified_date": "2012-04-05 16:00:03", 
      "is_featured": false, 
      "big_icon_href": null, 
      "is_deleted": false, 
      "file": 52, 
      "title": "Test", 
      "author": 1, 
      "public_version": null, 
      "view_count": 0, 
      "name": "test", 
      "is_template": false, 
      "is_globally_public": false, 
      "content_type": 3, 
      "created_date": "2012-04-05 16:00:04", 
      "short_description": "", 
      "is_public": false, 
      "icon_href": null, 
      "associated_content": null, 
      "tags": "", 
      "description": ""
    }
  }, 
  {
    "pk": 36, 
    "model": "mycontent.content", 
    "fields": {
      "modified_date": "2012-03-29 10:54:09", 
      "is_featured": false, 
      "big_icon_href": null, 
      "is_deleted": false, 
      "file": 35, 
      "title": "Test", 
      "author": 2, 
      "public_version": null, 
      "view_count": 0, 
      "name": null, 
      "is_template": false, 
      "is_globally_public": false, 
      "content_type": 1, 
      "created_date": "2012-03-28 15:53:17", 
      "short_description": "", 
      "is_public": false, 
      "icon_href": null, 
      "associated_content": null, 
      "tags": "", 
      "description": ""
    }
  }, 
  {
    "pk": 23, 
    "model": "mycontent.content", 
    "fields": {
      "modified_date": "2012-03-27 16:43:37", 
      "is_featured": false, 
      "big_icon_href": null, 
      "is_deleted": false, 
      "file": 22, 
      "title": "Test", 
      "author": 2, 
      "public_version": null, 
      "view_count": 0, 
      "name": null, 
      "is_template": false, 
      "is_globally_public": false, 
      "content_type": 1, 
      "created_date": "2012-03-27 16:37:43", 
      "short_description": "", 
      "is_public": false, 
      "icon_href": null, 
      "associated_content": null, 
      "tags": "", 
      "description": ""
    }
  }, 
  {
    "pk": 33, 
    "model": "mycontent.contentspace", 
    "fields": {
      "content": 23, 
      "is_deleted": false, 
      "space": 32
    }
  }, 
  {
    "pk": 48, 
    "model": "mycontent.contentspace", 
    "fields": {
      "content": 36, 
      "is_deleted": false, 
      "space": 4
    }
  }, 
  {
    "pk": 54, 
    "model": "mycontent.contentspace", 
    "fields": {
      "content": 53, 
      "is_deleted": false, 
      "space": 7
    }
  }, 
  {
    "pk": 58, 
    "model": "mycontent.contentspace", 
    "fields": {
      "content": 57, 
      "is_deleted": false, 
      "space": 7
    }
  }, 
  {
    "pk": 72, 
    "model": "mycontent.contentspace", 
    "fields": {
      "content": 71, 
      "is_deleted": false, 
      "space": 4
    }
  }, 
  {
    "pk": 80, 
    "model": "mycontent.contentspace", 
    "fields": {
      "content": 79, 
      "is_deleted": false, 
      "space": 4
    }
  }, 
  {
    "pk": 88, 
    "model": "mycontent.contentspace", 
    "fields": {
      "content": 87, 
      "is_deleted": false, 
      "space": 4
    }
  }, 
  {
    "pk": 131, 
    "model": "mycontent.contentspace", 
    "fields": {
      "content": 130, 
      "is_deleted": false, 
      "space": 4
    }
  }, 
  {
    "pk": 138, 
    "model": "mycontent.contentspace", 
    "fields": {
      "content": 137, 
      "is_deleted": false, 
      "space": 4
    }
  }, 
  {
    "pk": 166, 
    "model": "mycontent.contentspace", 
    "fields": {
      "content": 165, 
      "is_deleted": false, 
      "space": 4
    }
  }, 
  {
    "pk": 4, 
    "model": "spaces.space", 
    "fields": {
      "modified_date": "2012-03-28 15:54:16", 
      "right": 4, 
      "is_deleted": false, 
      "parent": null, 
      "title": "test", 
      "rank": 20, 
      "top_level": 4, 
      "created_date": "2012-03-27 10:55:21", 
      "space_type": 1, 
      "left": 1
    }
  }, 
  {
    "pk": 7, 
    "model": "spaces.space", 
    "fields": {
      "modified_date": "2012-03-27 11:10:34", 
      "right": 2, 
      "is_deleted": false, 
      "parent": null, 
      "title": "admin", 
      "rank": 20, 
      "top_level": 7, 
      "created_date": "2012-03-27 11:10:34", 
      "space_type": 1, 
      "left": 1
    }
  }, 
  {
    "pk": 14, 
    "model": "spaces.space", 
    "fields": {
      "modified_date": "2012-04-13 16:13:27", 
      "right": 32, 
      "is_deleted": false, 
      "parent": null, 
      "title": "Test SA", 
      "rank": 20, 
      "top_level": 14, 
      "created_date": "2012-03-27 11:11:05", 
      "space_type": 3, 
      "left": 1
    }
  }, 
  {
    "pk": 15, 
    "model": "spaces.space", 
    "fields": {
      "modified_date": "2012-03-27 11:11:05", 
      "right": 2, 
      "is_deleted": false, 
      "parent": null, 
      "title": "Test SA Public", 
      "rank": 20, 
      "top_level": 15, 
      "created_date": "2012-03-27 11:11:05", 
      "space_type": 2, 
      "left": 1
    }
  }, 
  {
    "pk": 18, 
    "model": "spaces.space", 
    "fields": {
      "modified_date": "2012-03-28 16:12:05", 
      "right": 13, 
      "is_deleted": false, 
      "parent": 14, 
      "title": "Division 1", 
      "rank": 20, 
      "top_level": 14, 
      "created_date": "2012-03-27 16:34:23", 
      "space_type": 3, 
      "left": 2
    }
  }, 
  {
    "pk": 19, 
    "model": "spaces.space", 
    "fields": {
      "modified_date": "2012-03-27 16:43:09", 
      "right": 8, 
      "is_deleted": false, 
      "parent": 18, 
      "title": "Project 1", 
      "rank": 20, 
      "top_level": 14, 
      "created_date": "2012-03-27 16:35:29", 
      "space_type": 3, 
      "left": 3
    }
  }, 
  {
    "pk": 27, 
    "model": "spaces.space", 
    "fields": {
      "modified_date": "2012-03-27 16:38:37", 
      "right": 2, 
      "is_deleted": false, 
      "parent": null, 
      "title": "test2", 
      "rank": 20, 
      "top_level": 27, 
      "created_date": "2012-03-27 16:38:37", 
      "space_type": 1, 
      "left": 1
    }
  }, 
  {
    "pk": 30, 
    "model": "spaces.space", 
    "fields": {
      "modified_date": "2012-03-27 16:43:09", 
      "right": 7, 
      "is_deleted": false, 
      "parent": 19, 
      "title": "TOC 1", 
      "rank": 20, 
      "top_level": 14, 
      "created_date": "2012-03-27 16:43:02", 
      "space_type": 3, 
      "left": 4
    }
  }, 
  {
    "pk": 32, 
    "model": "spaces.space", 
    "fields": {
      "modified_date": "2012-03-27 16:43:18", 
      "right": 6, 
      "is_deleted": false, 
      "parent": 30, 
      "title": "Chapter 1", 
      "rank": 20, 
      "top_level": 14, 
      "created_date": "2012-03-27 16:43:09", 
      "space_type": 3, 
      "left": 5
    }
  }, 
  {
    "pk": 38, 
    "model": "spaces.space", 
    "fields": {
      "modified_date": "2012-03-28 15:54:16", 
      "right": 3, 
      "is_deleted": false, 
      "parent": 4, 
      "title": "Test", 
      "rank": 20, 
      "top_level": 4, 
      "created_date": "2012-03-28 15:54:16", 
      "space_type": 1, 
      "left": 2
    }
  }, 
  {
    "pk": 40, 
    "model": "spaces.space", 
    "fields": {
      "modified_date": "2012-03-28 15:54:35", 
      "right": 10, 
      "is_deleted": false, 
      "parent": 18, 
      "title": "Project 2", 
      "rank": 20, 
      "top_level": 14, 
      "created_date": "2012-03-28 15:54:35", 
      "space_type": 3, 
      "left": 9
    }
  }, 
  {
    "pk": 42, 
    "model": "spaces.space", 
    "fields": {
      "modified_date": "2012-03-28 16:12:05", 
      "right": 12, 
      "is_deleted": false, 
      "parent": 18, 
      "title": "Project 3", 
      "rank": 20, 
      "top_level": 14, 
      "created_date": "2012-03-28 16:12:05", 
      "space_type": 3, 
      "left": 11
    }
  }, 
  {
    "pk": 44, 
    "model": "spaces.space", 
    "fields": {
      "modified_date": "2012-03-28 16:14:31", 
      "right": 17, 
      "is_deleted": false, 
      "parent": 14, 
      "title": "Division 2", 
      "rank": 20, 
      "top_level": 14, 
      "created_date": "2012-03-28 16:12:25", 
      "space_type": 3, 
      "left": 14
    }
  }, 
  {
    "pk": 45, 
    "model": "spaces.space", 
    "fields": {
      "modified_date": "2012-03-28 16:14:31", 
      "right": 16, 
      "is_deleted": false, 
      "parent": 44, 
      "title": "Project 1", 
      "rank": 20, 
      "top_level": 14, 
      "created_date": "2012-03-28 16:14:31", 
      "space_type": 3, 
      "left": 15
    }
  }, 
  {
    "pk": 94, 
    "model": "spaces.space", 
    "fields": {
      "modified_date": "2012-04-13 14:19:12", 
      "right": 21, 
      "is_deleted": false, 
      "parent": 14, 
      "title": "Division 3", 
      "rank": 20, 
      "top_level": 14, 
      "created_date": "2012-04-13 14:18:57", 
      "space_type": 3, 
      "left": 18
    }
  }, 
  {
    "pk": 95, 
    "model": "spaces.space", 
    "fields": {
      "modified_date": "2012-04-13 14:19:12", 
      "right": 20, 
      "is_deleted": false, 
      "parent": 94, 
      "title": "Project 1", 
      "rank": 20, 
      "top_level": 14, 
      "created_date": "2012-04-13 14:19:12", 
      "space_type": 3, 
      "left": 19
    }
  }, 
  {
    "pk": 97, 
    "model": "spaces.space", 
    "fields": {
      "modified_date": "2012-04-13 14:22:18", 
      "right": 25, 
      "is_deleted": false, 
      "parent": 14, 
      "title": "Division 4", 
      "rank": 20, 
      "top_level": 14, 
      "created_date": "2012-04-13 14:22:01", 
      "space_type": 3, 
      "left": 22
    }
  }, 
  {
    "pk": 98, 
    "model": "spaces.space", 
    "fields": {
      "modified_date": "2012-04-13 14:22:18", 
      "right": 24, 
      "is_deleted": false, 
      "parent": 97, 
      "title": "Proj 1", 
      "rank": 20, 
      "top_level": 14, 
      "created_date": "2012-04-13 14:22:18", 
      "space_type": 3, 
      "left": 23
    }
  }, 
  {
    "pk": 100, 
    "model": "spaces.space", 
    "fields": {
      "modified_date": "2012-04-13 16:10:35", 
      "right": 27, 
      "is_deleted": false, 
      "parent": 14, 
      "title": "Division 5", 
      "rank": 20, 
      "top_level": 14, 
      "created_date": "2012-04-13 16:10:35", 
      "space_type": 3, 
      "left": 26
    }
  }, 
  {
    "pk": 101, 
    "model": "spaces.space", 
    "fields": {
      "modified_date": "2012-04-13 16:13:27", 
      "right": 31, 
      "is_deleted": false, 
      "parent": 14, 
      "title": "Division 6", 
      "rank": 20, 
      "top_level": 14, 
      "created_date": "2012-04-13 16:12:36", 
      "space_type": 3, 
      "left": 28
    }
  }, 
  {
    "pk": 102, 
    "model": "spaces.space", 
    "fields": {
      "modified_date": "2012-04-13 16:13:27", 
      "right": 30, 
      "is_deleted": false, 
      "parent": 101, 
      "title": "Project 1", 
      "rank": 20, 
      "top_level": 14, 
      "created_date": "2012-04-13 16:13:27", 
      "space_type": 3, 
      "left": 29
    }
  }, 
  {
    "pk": 5, 
    "model": "spaces.spaceaccess", 
    "fields": {
      "modified_date": "2012-03-27 10:55:21", 
      "is_deleted": false, 
      "space": 4, 
      "user": 2, 
      "created_date": "2012-03-27 10:55:21", 
      "access_right": 3
    }
  }, 
  {
    "pk": 11, 
    "model": "spaces.spaceaccess", 
    "fields": {
      "modified_date": "2012-03-27 11:10:46", 
      "is_deleted": false, 
      "space": 7, 
      "user": 1, 
      "created_date": "2012-03-27 11:10:46", 
      "access_right": 3
    }
  }, 
  {
    "pk": 16, 
    "model": "spaces.spaceaccess", 
    "fields": {
      "modified_date": "2012-03-27 11:11:05", 
      "is_deleted": false, 
      "space": 14, 
      "user": 2, 
      "created_date": "2012-03-27 11:11:05", 
      "access_right": 3,
      "roles": [9999]
    }
  },
  {
    "pk": 9999, 
    "model": "permission.role", 
    "fields": {
      "modified_date": "2013-07-26 14:33:44", 
      "company": 14, 
      "permissions": [
        1, 
        2, 
        3, 
        18, 
        23, 
        8, 
        9, 
        12, 
        6, 
        10, 
        7, 
        5, 
        11, 
        4, 
        21, 
        19, 
        20, 
        22, 
        13, 
        14, 
        25, 
        28, 
        29, 
        26, 
        27, 
        24, 
        15, 
        16, 
        17, 
        30, 
        31
      ], 
      "name": "owner", 
      "created_date": "2013-07-26 14:33:42"
    }
  },
  {
    "pk": 20, 
    "model": "spaces.spaceaccess", 
    "fields": {
      "modified_date": "2012-03-27 16:35:29", 
      "is_deleted": false, 
      "space": 19, 
      "user": 2, 
      "created_date": "2012-03-27 16:35:29", 
      "access_right": 3
    }
  }, 
  {
    "pk": 28, 
    "model": "spaces.spaceaccess", 
    "fields": {
      "modified_date": "2012-03-27 16:38:37", 
      "is_deleted": false, 
      "space": 27, 
      "user": 25, 
      "created_date": "2012-03-27 16:38:37", 
      "access_right": 3
    }
  }, 
  {
    "pk": 29, 
    "model": "spaces.spaceaccess", 
    "fields": {
      "modified_date": "2012-03-27 16:39:22", 
      "is_deleted": false, 
      "space": 19, 
      "user": 25, 
      "created_date": "2012-03-27 16:39:22", 
      "access_right": 1
    }
  }, 
  {
    "pk": 31, 
    "model": "spaces.spaceaccess", 
    "fields": {
      "modified_date": "2012-03-27 16:43:02", 
      "is_deleted": false, 
      "space": 30, 
      "user": 2, 
      "created_date": "2012-03-27 16:43:02", 
      "access_right": 3
    }
  }, 
  {
    "pk": 39, 
    "model": "spaces.spaceaccess", 
    "fields": {
      "modified_date": "2012-03-28 15:54:16", 
      "is_deleted": false, 
      "space": 38, 
      "user": 2, 
      "created_date": "2012-03-28 15:54:16", 
      "access_right": 3
    }
  }, 
  {
    "pk": 41, 
    "model": "spaces.spaceaccess", 
    "fields": {
      "modified_date": "2012-03-28 15:54:35", 
      "is_deleted": false, 
      "space": 40, 
      "user": 2, 
      "created_date": "2012-03-28 15:54:35", 
      "access_right": 3
    }
  }, 
  {
    "pk": 43, 
    "model": "spaces.spaceaccess", 
    "fields": {
      "modified_date": "2012-03-28 16:12:05", 
      "is_deleted": false, 
      "space": 42, 
      "user": 2, 
      "created_date": "2012-03-28 16:12:05", 
      "access_right": 3
    }
  }, 
  {
    "pk": 46, 
    "model": "spaces.spaceaccess", 
    "fields": {
      "modified_date": "2012-03-28 16:14:31", 
      "is_deleted": false, 
      "space": 45, 
      "user": 2, 
      "created_date": "2012-03-28 16:14:31", 
      "access_right": 3
    }
  }, 
  {
    "pk": 96, 
    "model": "spaces.spaceaccess", 
    "fields": {
      "modified_date": "2012-04-13 14:19:12", 
      "is_deleted": false, 
      "space": 95, 
      "user": 2, 
      "created_date": "2012-04-13 14:19:12", 
      "access_right": 3
    }
  }, 
  {
    "pk": 99, 
    "model": "spaces.spaceaccess", 
    "fields": {
      "modified_date": "2012-04-13 14:22:18", 
      "is_deleted": false, 
      "space": 98, 
      "user": 2, 
      "created_date": "2012-04-13 14:22:18", 
      "access_right": 3
    }
  }, 
  {
    "pk": 103, 
    "model": "spaces.spaceaccess", 
    "fields": {
      "modified_date": "2012-04-13 16:13:27", 
      "is_deleted": false, 
      "space": 102, 
      "user": 2, 
      "created_date": "2012-04-13 16:13:27", 
      "access_right": 3
    }
  }, 
  {
    "pk": 21, 
    "model": "filestorage.filestorage", 
    "fields": {
      "modified_date": "2012-03-27 16:37:43", 
      "history_for": null, 
      "version": null, 
      "content_type": "text/xml", 
      "created_date": "2012-03-27 16:37:43", 
      "owner": 2, 
      "contents": "<?xml version='1.0' encoding='UTF-8' ?> \n\n<page>\n\t<modules> \n\t\n\t\t<textModule id=\"Title\" left=\"5\" top=\"3\" width=\"90\" height=\"7\" style=\"\">\n\t\t\t<text>&lt;div style=&quot;text-align: center;&quot;&gt;Title&lt;/div&gt;</text>\n\t\t</textModule>\t\n\t\t<buttonModule id=\"PrevPage\" left=\"0\" top=\"90\" width=\"10\" height=\"10\" style=\"\">\n\t\t\t<button type=\"prevPage\" text=\"\"/>\n\t\t</buttonModule>\n\t\t<buttonModule id=\"NextPage\" left=\"90\" top=\"90\" width=\"10\" height=\"10\" style=\"\">\n\t\t\t<button type=\"nextPage\" text=\"\"/>\n\t\t</buttonModule>\n    </modules> \n</page>\n"
    }
  }, 
  {
    "pk": 22, 
    "model": "filestorage.filestorage", 
    "fields": {
      "modified_date": "2012-03-27 16:37:43", 
      "history_for": 23, 
      "version": 1, 
      "content_type": "text/xml", 
      "created_date": "2012-03-27 16:37:43", 
      "owner": 2, 
      "contents": "<?xml version=\"1.0\" encoding=\"utf-8\"?><interactiveContent>\n\n\t<style href=\"/media/content/styles/default/content.css\"/>\n\t\n\t<pages>\n    \t<page href=\"21\" name=\"page 1\"/> \n    </pages>\n</interactiveContent>"
    }
  }, 
  {
    "pk": 34, 
    "model": "filestorage.filestorage", 
    "fields": {
      "modified_date": "2012-03-28 15:53:17", 
      "history_for": null, 
      "version": null, 
      "content_type": "text/xml", 
      "created_date": "2012-03-28 15:53:17", 
      "owner": 2, 
      "contents": "<?xml version='1.0' encoding='UTF-8' ?> \n\n<page>\n\t<modules> \n\t\n\t\t<textModule id=\"Title\" left=\"5\" top=\"3\" width=\"90\" height=\"7\" style=\"\">\n\t\t\t<text>&lt;div style=&quot;text-align: center;&quot;&gt;Title&lt;/div&gt;</text>\n\t\t</textModule>\t\n\t\t<buttonModule id=\"PrevPage\" left=\"0\" top=\"90\" width=\"10\" height=\"10\" style=\"\">\n\t\t\t<button type=\"prevPage\" text=\"\"/>\n\t\t</buttonModule>\n\t\t<buttonModule id=\"NextPage\" left=\"90\" top=\"90\" width=\"10\" height=\"10\" style=\"\">\n\t\t\t<button type=\"nextPage\" text=\"\"/>\n\t\t</buttonModule>\n    </modules> \n</page>\n"
    }
  }, 
  {
    "pk": 35, 
    "model": "filestorage.filestorage", 
    "fields": {
      "modified_date": "2012-03-28 15:53:17", 
      "history_for": 36, 
      "version": 1, 
      "content_type": "text/xml", 
      "created_date": "2012-03-28 15:53:17", 
      "owner": 2, 
      "contents": "<?xml version=\"1.0\" encoding=\"utf-8\"?><interactiveContent>\n\n\t<style href=\"/media/content/styles/default/content.css\"/>\n\t\n\t<pages>\n    \t<page href=\"34\" name=\"page 1\"/> \n    </pages>\n</interactiveContent>"
    }
  }, 
  {
    "pk": 52, 
    "model": "filestorage.filestorage", 
    "fields": {
      "modified_date": "2012-04-05 16:00:03", 
      "history_for": 53, 
      "version": 1, 
      "content_type": "text/xml", 
      "created_date": "2012-04-05 16:00:03", 
      "owner": 1, 
      "contents": "<?xml version=\"1.0\" encoding=\"utf-8\"?><addon id=\"test\">\n\n\t<metadata>\n\t\t<title>Hello world Addon</title>\n\t\t<description>\n\t\t\tEnter addon description here\n\t\t</description>\n\t</metadata>\n\t\n\t<model>\n\t\t<property name=\"Text\" type=\"string\"/>\n\t</model>\n\t\n\t<view>\n\t\t&lt;p&gt;test&lt;/p&gt;\n\t</view>\n\t\n\t<preview>\n\t\t&lt;p&gt;Addon test&lt;/p&gt;\n\t</preview>\n\t\n\t<presenter>\n\t\tfunction Addontest_create(){\n\t\t\t\n\t\t\tvar presenter = function(){}\n\n\t\t\tvar element;\n\t\t\t\n\t\t\tpresenter.run = function(view, model){\n\t\t\t\t\n\t\t\t\telement = view.getElementsByTagName('p')[0];\n\t\t\t\telement.innerHTML = model['Text'];\n\t\t\t}\n\n\t\t\tpresenter.setShowErrorsMode = function(){\n\t\t\t\telement.innerHTML = 'setShowErrorsMode';\n\t\t\t}\n\t\t\t\n\t\t\tpresenter.setWorkMode = function(){\n\t\t\t\telement.innerHTML = 'setWorkMode';\n\t\t\t}\n\t\t\t\n\t\t\tpresenter.reset = function(){\n\t\t\t\telement.innerHTML = 'Reset';\n\t\t\t}\n\t\t\t\n\t\t\tpresenter.getErrorCount = function(){\n\t\t\t\treturn 7;\n\t\t\t}\n\t\t\t\n\t\t\tpresenter.getMaxScore = function(){\n\t\t\t\treturn 3;\n\t\t\t}\n\t\t\t\n\t\t\tpresenter.getScore = function(){\n\t\t\t\treturn 1;\n\t\t\t}\n\t\t\t\n\t\t\tpresenter.getState = function(){\n\t\t\t\telement.innerHTML = 'Get state';\n\t\t\t\treturn &quot;State saved&quot;;\n\t\t\t}\n\n\t\t\tpresenter.setState = function(state){\n\t\t\t\telement.innerHTML = 'Set state';\n\t\t\t}\n\n\t\t\treturn presenter;\n\t\t}\n\t\t\n\t</presenter>\n\t\n</addon>"
    }
  }, 
  {
    "pk": 55, 
    "model": "filestorage.filestorage", 
    "fields": {
      "modified_date": "2012-04-05 16:00:09", 
      "history_for": null, 
      "version": null, 
      "content_type": "text/xml", 
      "created_date": "2012-04-05 16:00:09", 
      "owner": 1, 
      "contents": "<?xml version='1.0' encoding='UTF-8' ?> \n\n<page>\n\t<modules> \n\t\n\t\t<textModule id=\"Title\" left=\"5\" top=\"3\" width=\"90\" height=\"7\" style=\"\">\n\t\t\t<text>&lt;div style=&quot;text-align: center;&quot;&gt;Title&lt;/div&gt;</text>\n\t\t</textModule>\t\n\t\t<buttonModule id=\"PrevPage\" left=\"0\" top=\"90\" width=\"10\" height=\"10\" style=\"\">\n\t\t\t<button type=\"prevPage\" text=\"\"/>\n\t\t</buttonModule>\n\t\t<buttonModule id=\"NextPage\" left=\"90\" top=\"90\" width=\"10\" height=\"10\" style=\"\">\n\t\t\t<button type=\"nextPage\" text=\"\"/>\n\t\t</buttonModule>\n    </modules> \n</page>\n"
    }
  }, 
  {
    "pk": 56, 
    "model": "filestorage.filestorage", 
    "fields": {
      "modified_date": "2012-04-05 16:00:09", 
      "history_for": 57, 
      "version": 1, 
      "content_type": "text/xml", 
      "created_date": "2012-04-05 16:00:09", 
      "owner": 1, 
      "contents": "<?xml version=\"1.0\" encoding=\"utf-8\"?><interactiveContent>\n\n\t<style href=\"/media/content/styles/default/content.css\"/>\n\t\n\t<pages>\n    \t<page href=\"55\" name=\"page 1\"/> \n    </pages>\n</interactiveContent>"
    }
  }, 
  {
    "pk": 59, 
    "model": "filestorage.filestorage", 
    "fields": {
      "modified_date": "2012-04-05 16:00:32", 
      "history_for": 57, 
      "version": 2, 
      "content_type": "text/xml", 
      "created_date": "2012-04-05 16:00:24", 
      "owner": 1, 
      "contents": "<?xml version=\"1.0\" encoding=\"utf-8\"?><interactiveContent><metadata/><addons><addon-descriptor addonId=\"test\" href=\"/proxy/get?url=http://www.lorepo.com/mycontent/test/getaddon\"/></addons><pages><page href=\"60\" name=\"page 1\" reportable=\"true\"/><header ref=\"commons/header\"/><footer ref=\"commons/footer\"/></pages><assets/></interactiveContent>"
    }
  }, 
  {
    "pk": 60, 
    "model": "filestorage.filestorage", 
    "fields": {
      "modified_date": "2012-04-05 16:00:33", 
      "history_for": null, 
      "version": null, 
      "content_type": "text/xml", 
      "created_date": "2012-04-05 16:00:24", 
      "owner": 1, 
      "contents": "<?xml version='1.0' encoding='UTF-8' ?><page layout='pixels' width='0' height='0'><modules><textModule id='Title' left='28' top='11' width='520' height='27'><text draggable='false'>&lt;div style=&quot;text-align: center;&quot;&gt;Title&lt;/div&gt;</text></textModule><buttonModule id='PrevPage' left='0' top='358' width='57' height='39'><button type='prevPage' text='' onclick=''/></buttonModule><buttonModule id='NextPage' left='520' top='358' width='57' height='39'><button type='nextPage' text='' onclick=''/></buttonModule><addonModule addonId='test' id='test1' left='121' top='80' width='100' height='100'><properties><property name='Text' type='string' value=''/></properties></addonModule></modules></page>"
    }
  }, 
  {
    "pk": 67, 
    "model": "filestorage.filestorage", 
    "fields": {
      "modified_date": "2012-04-12 10:28:14", 
      "history_for": null, 
      "version": null, 
      "content_type": "text/xml", 
      "created_date": "2012-04-12 10:28:14", 
      "owner": 2, 
      "contents": "<?xml version='1.0' encoding='UTF-8' ?><page layout='pixels' width='0' height='0'><modules><textModule id='Title' left='28' top='11' width='520' height='27'><text draggable='false'>&lt;div style=&quot;text-align: center;&quot;&gt;Title&lt;/div&gt;</text></textModule><buttonModule id='PrevPage' left='0' top='358' width='57' height='39'><button type='prevPage' text='' onclick=''/></buttonModule><buttonModule id='NextPage' left='520' top='358' width='57' height='39'><button type='nextPage' text='' onclick=''/></buttonModule><addonModule addonId='export_addon' id='export_addon1' left='35' top='56' width='100' height='100'><properties><property name='Text' type='string' value='Test'/><property name='File' type='file' value='/file/serve/65'/></properties></addonModule><audioModule id='Audio1' left='213' top='87' width='100' height='100'><audio src='/file/serve/66'/></audioModule><buttonModule id='Button1' left='244' top='339' width='50' height='50'><button type='nextPage' text='' onclick=''/></buttonModule><textModule id='Text1' left='53' top='202' width='435' height='126'><text draggable='true'>My text has been entered!</text></textModule><imageModule id='Image1' left='349' top='49' width='184' height='134'><image src='/file/serve/63'/></imageModule><buttonModule id='Button2' left='118' top='340' width='50' height='50'><button type='standard' text='' onclick='test.call(1)'/></buttonModule></modules></page>"
    }
  }, 
  {
    "pk": 68, 
    "model": "filestorage.filestorage", 
    "fields": {
      "modified_date": "2012-04-12 10:28:14", 
      "history_for": null, 
      "version": null, 
      "content_type": "text/xml", 
      "created_date": "2012-04-12 10:28:14", 
      "owner": 2, 
      "contents": "<?xml version='1.0' encoding='UTF-8' ?><page layout='pixels' width='0' height='0'><modules><textModule id='Title' left='28' top='11' width='520' height='27'><text draggable='false'>&lt;div style=&quot;text-align: center;&quot;&gt;Title&lt;/div&gt;</text></textModule><buttonModule id='PrevPage' left='0' top='358' width='57' height='39'><button type='prevPage' text='' onclick=''/></buttonModule><buttonModule id='NextPage' left='520' top='358' width='57' height='39'><button type='nextPage' text='' onclick=''/></buttonModule></modules></page>"
    }
  }, 
  {
    "pk": 69, 
    "model": "filestorage.filestorage", 
    "fields": {
      "modified_date": "2012-04-12 10:28:14", 
      "history_for": null, 
      "version": null, 
      "content_type": "text/xml", 
      "created_date": "2012-04-12 10:28:14", 
      "owner": 2, 
      "contents": "<?xml version='1.0' encoding='UTF-8' ?><page layout='pixels' width='0' height='0'><modules><textModule id='Title' left='28' top='11' width='520' height='27'><text draggable='false'>&lt;div style=&quot;text-align: center;&quot;&gt;Title 2&lt;/div&gt;</text></textModule><buttonModule id='PrevPage' left='0' top='358' width='57' height='39'><button type='prevPage' text='' onclick=''/></buttonModule><buttonModule id='NextPage' left='520' top='358' width='57' height='39'><button type='nextPage' text='' onclick=''/></buttonModule></modules></page>"
    }
  }, 
  {
    "pk": 70, 
    "model": "filestorage.filestorage", 
    "fields": {
      "modified_date": "2012-04-12 10:28:14", 
      "history_for": null, 
      "version": null, 
      "content_type": "text/xml", 
      "created_date": "2012-04-12 10:28:14", 
      "owner": 2, 
      "contents": "<?xml version=\"1.0\" encoding=\"utf-8\"?><interactiveContent><metadata/><addons><addon-descriptor addonId=\"test45\" href=\"http://localhost:8000/mycontent/test45/getaddon\"/><addon-descriptor addonId=\"export_addon\" href=\"http://localhost:8000/mycontent/export_addon/getaddon\"/></addons><style>body {\nbackground-image: url('http://blogiceo.nq.pl/kleks/files/2012/01/test2.jpg');\n}\n\n</style><pages><page href=\"67\" name=\"page 1\" reportable=\"true\"/><page href=\"68\" name=\"Page 2\" reportable=\"true\"/><folder name=\"commons\"><page href=\"69\" name=\"Page 2\" reportable=\"true\"/></folder><header ref=\"commons/header\"/><footer ref=\"commons/footer\"/></pages><assets><asset href=\"/file/serve/63\" type=\"image\"/><asset href=\"/file/serve/64\" type=\"image\"/></assets></interactiveContent>"
    }
  }, 
  {
    "pk": 76, 
    "model": "filestorage.filestorage", 
    "fields": {
      "modified_date": "2012-04-12 10:31:54", 
      "history_for": null, 
      "version": null, 
      "content_type": "text/xml", 
      "created_date": "2012-04-12 10:31:54", 
      "owner": 2, 
      "contents": "<?xml version='1.0' encoding='UTF-8' ?><page layout='pixels' width='0' height='0'><modules><textModule id='Title' left='28' top='11' width='520' height='27'><text draggable='false'>&lt;div style=&quot;text-align: center;&quot;&gt;Title 1&lt;/div&gt;</text></textModule><buttonModule id='PrevPage' left='0' top='358' width='57' height='39'><button type='prevPage' text='' onclick=''/></buttonModule><buttonModule id='NextPage' left='520' top='358' width='57' height='39'><button type='nextPage' text='' onclick=''/></buttonModule><imageModule id='Image1' left='36' top='60' width='490' height='260'><image src='/file/serve/75' mode='stretch'/></imageModule></modules></page>"
    }
  }, 
  {
    "pk": 77, 
    "model": "filestorage.filestorage", 
    "fields": {
      "modified_date": "2012-04-12 10:31:54", 
      "history_for": null, 
      "version": null, 
      "content_type": "text/xml", 
      "created_date": "2012-04-12 10:31:54", 
      "owner": 2, 
      "contents": "<?xml version='1.0' encoding='UTF-8' ?><page layout='pixels' width='0' height='0'><modules><textModule id='Title' left='28' top='11' width='520' height='27'><text draggable='false'>&lt;div style=&quot;text-align: center;&quot;&gt;Title 2&lt;/div&gt;</text></textModule><buttonModule id='PrevPage' left='0' top='358' width='57' height='39'><button type='prevPage' text='' onclick=''/></buttonModule><buttonModule id='NextPage' left='520' top='358' width='57' height='39'><button type='nextPage' text='' onclick=''/></buttonModule><shapeModule id='Shape1' left='42' top='71' width='484' height='250' class='shape'></shapeModule></modules></page>"
    }
  }, 
  {
    "pk": 78, 
    "model": "filestorage.filestorage", 
    "fields": {
      "modified_date": "2012-04-12 10:31:54", 
      "history_for": null, 
      "version": null, 
      "content_type": "text/xml", 
      "created_date": "2012-04-12 10:31:54", 
      "owner": 2, 
      "contents": "<?xml version=\"1.0\" encoding=\"utf-8\"?><interactiveContent><metadata/><addons/><style>.shape {\nbackground-color: #F00;\n}</style><pages><page href=\"76\" name=\"page 1\" reportable=\"true\"/><page href=\"77\" name=\"Page 2\" reportable=\"true\"/><header ref=\"commons/header\"/><footer ref=\"commons/footer\"/></pages><assets><asset href=\"/file/serve/75\" type=\"image\"/></assets></interactiveContent>"
    }
  }, 
  {
    "pk": 84, 
    "model": "filestorage.filestorage", 
    "fields": {
      "modified_date": "2012-04-12 10:51:36", 
      "history_for": null, 
      "version": null, 
      "content_type": "text/xml", 
      "created_date": "2012-04-12 10:51:36", 
      "owner": 2, 
      "contents": "<?xml version='1.0' encoding='UTF-8' ?><page layout='pixels' width='0' height='0'><modules><textModule id='Title' left='28' top='11' width='520' height='27'><text draggable='false'>&lt;div style=&quot;text-align: center;&quot;&gt;Title 1&lt;/div&gt;</text></textModule><buttonModule id='PrevPage' left='0' top='358' width='57' height='39'><button type='prevPage' text='' onclick=''/></buttonModule><buttonModule id='NextPage' left='520' top='358' width='57' height='39'><button type='nextPage' text='' onclick=''/></buttonModule><imageModule id='Image1' left='36' top='60' width='490' height='260'><image src='/file/serve/83' mode='stretch'/></imageModule></modules></page>"
    }
  }, 
  {
    "pk": 85, 
    "model": "filestorage.filestorage", 
    "fields": {
      "modified_date": "2012-04-12 10:51:36", 
      "history_for": null, 
      "version": null, 
      "content_type": "text/xml", 
      "created_date": "2012-04-12 10:51:36", 
      "owner": 2, 
      "contents": "<?xml version='1.0' encoding='UTF-8' ?><page layout='pixels' width='0' height='0'><modules><textModule id='Title' left='28' top='11' width='520' height='27'><text draggable='false'>&lt;div style=&quot;text-align: center;&quot;&gt;Title 2&lt;/div&gt;</text></textModule><buttonModule id='PrevPage' left='0' top='358' width='57' height='39'><button type='prevPage' text='' onclick=''/></buttonModule><buttonModule id='NextPage' left='520' top='358' width='57' height='39'><button type='nextPage' text='' onclick=''/></buttonModule><shapeModule id='Shape1' left='42' top='71' width='484' height='250' class='shape'></shapeModule></modules></page>"
    }
  }, 
  {
    "pk": 86, 
    "model": "filestorage.filestorage", 
    "fields": {
      "modified_date": "2012-04-12 10:51:36", 
      "history_for": null, 
      "version": null, 
      "content_type": "text/xml", 
      "created_date": "2012-04-12 10:51:36", 
      "owner": 2, 
      "contents": "<?xml version=\"1.0\" encoding=\"utf-8\"?><interactiveContent><metadata/><addons/><style>.shape {\nbackground-color: #F00;\n}</style><pages><page href=\"84\" name=\"page 1\" reportable=\"true\"/><page href=\"85\" name=\"Page 2\" reportable=\"true\"/><header ref=\"commons/header\"/><footer ref=\"commons/footer\"/></pages><assets><asset href=\"/file/serve/83\" type=\"image\"/></assets></interactiveContent>"
    }
  }, 
  {
    "pk": 90, 
    "model": "filestorage.filestorage", 
    "fields": {
      "modified_date": "2012-04-13 13:34:02", 
      "history_for": 87, 
      "version": 1, 
      "content_type": "text/xml", 
      "created_date": "2012-04-13 13:33:45", 
      "owner": 2, 
      "contents": "<?xml version=\"1.0\" encoding=\"utf-8\"?><interactiveContent><metadata/><addons/><style>.shape {\n   background-color: #F00;\n}\n\n</style><pages><page href=\"91\" name=\"page 1\" reportable=\"true\"/><page href=\"92\" name=\"Page 2\" reportable=\"true\"/><header ref=\"commons/header\"/><footer ref=\"commons/footer\"/></pages><assets><asset href=\"/file/serve/83\" type=\"image\"/></assets></interactiveContent>"
    }
  }, 
  {
    "pk": 91, 
    "model": "filestorage.filestorage", 
    "fields": {
      "modified_date": "2012-04-13 13:34:02", 
      "history_for": null, 
      "version": null, 
      "content_type": "text/xml", 
      "created_date": "2012-04-13 13:33:45", 
      "owner": 2, 
      "contents": "<?xml version='1.0' encoding='UTF-8' ?><page layout='pixels' width='0' height='0'><modules><textModule id='Title' left='28' top='11' width='520' height='27'><text draggable='false'>&lt;div style=&quot;text-align: center;&quot;&gt;Title 1&lt;/div&gt;</text></textModule><buttonModule id='PrevPage' left='0' top='358' width='57' height='39'><button type='prevPage' text='' onclick=''/></buttonModule><buttonModule id='NextPage' left='520' top='358' width='57' height='39'><button type='nextPage' text='' onclick=''/></buttonModule><imageModule id='Image1' left='36' top='60' width='490' height='260'><image src='/file/serve/83' mode='stretch'/></imageModule></modules></page>"
    }
  }, 
  {
    "pk": 92, 
    "model": "filestorage.filestorage", 
    "fields": {
      "modified_date": "2012-04-13 13:33:45", 
      "history_for": null, 
      "version": null, 
      "content_type": "text/xml", 
      "created_date": "2012-04-13 13:33:45", 
      "owner": 2, 
      "contents": "<?xml version='1.0' encoding='UTF-8' ?><page layout='pixels' width='0' height='0'><modules><textModule id='Title' left='28' top='11' width='520' height='27'><text draggable='false'>&lt;div style=&quot;text-align: center;&quot;&gt;Title 2&lt;/div&gt;</text></textModule><buttonModule id='PrevPage' left='0' top='358' width='57' height='39'><button type='prevPage' text='' onclick=''/></buttonModule><buttonModule id='NextPage' left='520' top='358' width='57' height='39'><button type='nextPage' text='' onclick=''/></buttonModule><shapeModule id='Shape1' left='42' top='71' width='484' height='250' class='shape'></shapeModule></modules></page>"
    }
  }, 
  {
    "pk": 128, 
    "model": "filestorage.filestorage", 
    "fields": {
      "modified_date": "2012-04-16 09:37:15", 
      "history_for": null, 
      "version": null, 
      "content_type": "text/xml", 
      "created_date": "2012-04-16 09:37:15", 
      "owner": 2, 
      "contents": "<?xml version='1.0' encoding='UTF-8' ?><page layout='pixels' width='0' height='0'><modules><buttonModule id='Button1' left='598' top='530' width='50' height='50'><button type='checkAnswers' text='' onclick=''/></buttonModule><buttonModule id='Button2' left='662' top='530' width='50' height='50'><button type='reset' text='' onclick=''/></buttonModule><pageProgressModule id='Page Progress1' left='371' top='538' width='196' height='32'></pageProgressModule><addonModule addonId='Puzzle' id='Puzzle1' left='43' top='63' width='669' height='446'><properties><property name='Columns' type='string' value='4'/><property name='Rows' type='string' value='4'/><property name='Image' type='image' value='/file/serve/127'/></properties></addonModule><textModule id='Text1' left='73' top='8' width='580' height='36' class='text_Title'><text draggable='false'>&lt;div style=&quot;text-align: center;&quot;&gt;Puzzle demo&lt;br&gt;&lt;/div&gt;</text></textModule></modules></page>"
    }
  }, 
  {
    "pk": 129, 
    "model": "filestorage.filestorage", 
    "fields": {
      "modified_date": "2012-04-16 09:37:16", 
      "history_for": null, 
      "version": null, 
      "content_type": "text/xml", 
      "created_date": "2012-04-16 09:37:16", 
      "owner": 2, 
      "contents": "<?xml version=\"1.0\" encoding=\"utf-8\"?><interactiveContent><metadata><entry key=\"theme.href\" value=\"/file/259281\"/></metadata><addons><addon-descriptor addonId=\"Puzzle\" href=\"/public/Puzzle/getaddon\"/></addons><style>.ic_page{\nwidth: 750px;\nheight: 600px;\nbackground: #ffffff;\nbackground-image:none;\n}\n\n.ic_button_gotopage{\nbackground-image:url('/file/serve/110');\ncursor: pointer;\nbackground-repeat:no-repeat;\n}\n\n.button_gotopage2{\nbackground-image:url('/file/serve/111');\ncursor: pointer;\nbackground-repeat:no-repeat;\nbackground-position:center;\n}\n\n.text_Title{\nfont-size: 30px;\ncolor: #e85019;\nfont-family: Verdana, Arial;\n}\n\n.text_pageTitle{\nfont-family: Verdana;\nfont-size: 22px;\ncolor: #706f6f;\n}\n\n.text_exerciseText{\npadding:18px;\nborder: 1px solid #989797;\nborder-radius: 4px;\ncolor: #403f3f;\nfont-family: Verdana;\nfont-size: 17px;\n}\n\n.text_paragraphText{\npadding:18px;\nborder: 1px solid #989797;\nborder-radius: 4px;\ncolor: #706f6f;\nfont-family: Verdana;\nfont-size: 17px;\n}\n\n.choice_frames{\n}\n\n.choice_frames .ic_soption{\nline-height: 35px;\nborder: 1px solid #f69400;\nfont-size: 17px;\ncolor: #717171;\nheight: 50px;\nborder-radius: 4px;\n}\n\n.choice_frames{\n}\n\n.choice_frames .ic_moption{\nborder: 1px solid #f69400;\nline-height: 33px;\nfont-size: 17px;\ncolor: #717171;\nheight: 50px;\nborder-radius: 4px;\n}\n\n.image_picture{\npadding:7px;\nborder: 1px solid #989797;\nborder-radius: 4px;\n}\n\n.shape_redSquare{\nbackground-color: #e85019;\nborder-radius: 3px;\n}\n\n.shape_orangeSquare{\nbackground-color: #f69400;\nborder-radius: 3px;\n}\n\n.shape_graySquare{\nbackground-color: #7b7b7b;\nborder-radius: 3px;\n}\n\n.ic_ordering{\n}\n\n.ic_ordering-item{\nmargin: 5px;\npadding: 4px;\nborder: 2px solid #f69400;\nborder-radius: 3px;\nbackground-color: #f69400;\nfont-size: 16px;\ncolor: #ffffff;\nfont-family: Verdana;\nheight: 18px;\nline-height: 95%;\n}\n\n.ic_drag-source{\nbackground-color: #3abd0f;\nborder: 2px solid #3abd0f;\n}\n\n.ic_ordering-item-correct{\nborder: 2px solid green;\n}\n\n.ic_ordering-item-wrong{\nborder: 2px solid red;\n}\n\n.ic_button_check{\nbackground-image:url('/file/serve/112');\n}\n\n.ic_button_check-up-hovering{\nbackground-image:url('/file/serve/113');\n}\n\n.ic_button_check-down-hovering{\nbackground-image:url('/file/serve/114');\n}\n\n.ic_button_uncheck{\nbackground-image: url('/file/serve/115');\n}\n\n.ic_button_reset{\nbackground-image:url('/file/serve/116');\n}\n\n.ic_button_reset-up-hovering{\nbackground-image:url('/file/serve/117');\n}\n\n.ic_button_reset-down-hovering{\nbackground-image:url('/file/serve/118');\n}\n\n.ic_button_nextpage{\nbackground-image:url('/file/serve/119');\nbackground-repeat:no-repeat;\nbackground-position:center;\n}\n\n.ic_button_nextpage-up-hovering{\nbackground-image:url('/file/serve/120');\n}\n\n.ic_button_nextpage-down-hovering{\nbackground-image:url('/file/serve/121');\n}\n\n.ic_button_prevpage{\nbackground-image:url('/file/serve/122');\nbackground-repeat:no-repeat;\nbackground-position:center;\n}\n\n.ic_button_prevpage-up-hovering{\nbackground-image:url('/file/serve/123');\n}\n\n.ic_button_prevpage-down-hovering{\nbackground-image:url('/file/serve/124');\n}\n\n.ic_pageprogress{\nborder-radius: 4px;\nborder: 2px solid #e85019;\npadding: 2px;\n}\n\n.ic_pageprogress .ic_progress-text{\nline-height: 24px;\nfont-family: Arial;\nfont-size: 18px;\ntext-align: center;\ncolor: #706f6f;\n}\n\n.ic_pageprogress .ic_progress-bar{\nbackground-color: #f8ba41;\nborder-radius: 4px;\n}\n\n.errorcounter{\nline-height: 27px;\nfont-family: Arial;\nfont-size: 17px;\npadding: 2px;\nborder-radius: 4px;\nborder: 2px solid #128700;\n}\n\n.checkcounter{\nline-height: 27px;\nfont-family: Arial;\nfont-size: 17px;\npadding: 2px;\nborder-radius: 4px;\nborder: 2px solid #128700;\n}\n\n.ic_option-neutral {\npadding-left: 19px;\n}\n\n.ic_option-wrong {\npadding-left: 19px;\nbackground-image: url('/file/serve/125');\nbackground-repeat: no-repeat;\n}\n\n.ic_option-correct {\nbackground-image: url('/file/serve/126');\nbackground-repeat: no-repeat;\npadding-left: 19px;\n}\n\n.ic_gap-wrong {\npadding-left: 19px;\nbackground-image: url('/file/serve/125');\nbackground-repeat: no-repeat;\n}\n\n.ic_gap-correct {\npadding-left: 19px;\nbackground-image: url('/file/serve/126');\nbackground-repeat: no-repeat;\n}\n\n.text_gap{\n}\n\n.text_gap input {\nheight: 15px;\nwidth: 108px;\n}\n\n.ic_report{\npadding: 10px;\nborder-radius: 4px;\nborder: 1px solid gray;\nbackground-color:white;\ncolor:gray;\n}\n\n.ic_report td{\npadding: 10px;\n}\n\n.ic_report-header{\nfont-weight: bold;\ncolor: black;\n}\n\n.ic_report-odd{\nbackground-color: #f5f6f6;\n}\n\n.ic_report-even{\nbackground-color: #edefef;\n}\n\n.ic_report .ic_progress{\nborder-radius: 4px;\nborder: 2px solid #e85019;\npadding: 2px;\n}\n\n.ic_report .ic_progress-bar{\nbackground-color: #f8ba41;\nborder-radius: 4px;\n}\n\n.ic_report .ic_progress-text{\nline-height: 23px;\nfont-family: Arial;\nfont-size: 18px;\ncolor: #706f6f;\n}\n</style><pages><page href=\"128\" name=\"page 1\" reportable=\"true\"/><header ref=\"commons/header\"/><footer ref=\"commons/footer\"/></pages><assets><asset href=\"/file/serve/127\" type=\"image\"/></assets></interactiveContent>"
    }
  }, 
  {
    "pk": 135, 
    "model": "filestorage.filestorage", 
    "fields": {
      "modified_date": "2012-04-16 09:53:06", 
      "history_for": null, 
      "version": null, 
      "content_type": "text/xml", 
      "created_date": "2012-04-16 09:53:06", 
      "owner": 2, 
      "contents": "<?xml version='1.0' encoding='UTF-8' ?> \n\n<page>\n\t<modules> \n\t\n\t\t<textModule id=\"Title\" left=\"5\" top=\"3\" width=\"90\" height=\"7\" style=\"\">\n\t\t\t<text>&lt;div style=&quot;text-align: center;&quot;&gt;Title&lt;/div&gt;</text>\n\t\t</textModule>\t\n\t\t<buttonModule id=\"PrevPage\" left=\"0\" top=\"90\" width=\"10\" height=\"10\" style=\"\">\n\t\t\t<button type=\"prevPage\" text=\"\"/>\n\t\t</buttonModule>\n\t\t<buttonModule id=\"NextPage\" left=\"90\" top=\"90\" width=\"10\" height=\"10\" style=\"\">\n\t\t\t<button type=\"nextPage\" text=\"\"/>\n\t\t</buttonModule>\n    </modules> \n</page>\n"
    }
  }, 
  {
    "pk": 136, 
    "model": "filestorage.filestorage", 
    "fields": {
      "modified_date": "2012-04-16 09:53:06", 
      "history_for": 137, 
      "version": 1, 
      "content_type": "text/xml", 
      "created_date": "2012-04-16 09:53:06", 
      "owner": 2, 
      "contents": "<?xml version=\"1.0\" encoding=\"utf-8\"?><interactiveContent>\n\n\t<style href=\"/media/content/styles/default/content.css\"/>\n\t\n\t<pages>\n    \t<page href=\"135\" name=\"page 1\"/> \n    </pages>\n</interactiveContent>"
    }
  }, 
  {
    "pk": 139, 
    "model": "filestorage.filestorage", 
    "fields": {
      "modified_date": "2012-04-16 09:55:13", 
      "history_for": 137, 
      "version": 2, 
      "content_type": "text/xml", 
      "created_date": "2012-04-16 09:55:13", 
      "owner": 2, 
      "contents": "<?xml version=\"1.0\" encoding=\"utf-8\"?><interactiveContent>\n\n\t<style href=\"/media/content/styles/default/content.css\"/>\n\t\n\t<pages>\n    \t<page href=\"140\" name=\"page 1\"/> \n    </pages>\n</interactiveContent>"
    }
  }, 
  {
    "pk": 140, 
    "model": "filestorage.filestorage", 
    "fields": {
      "modified_date": "2012-04-16 09:55:13", 
      "history_for": null, 
      "version": null, 
      "content_type": "text/xml", 
      "created_date": "2012-04-16 09:55:13", 
      "owner": 2, 
      "contents": "<?xml version='1.0' encoding='UTF-8' ?> \n\n<page>\n\t<modules> \n\t\n\t\t<textModule id=\"Title\" left=\"5\" top=\"3\" width=\"90\" height=\"7\" style=\"\">\n\t\t\t<text>&lt;div style=&quot;text-align: center;&quot;&gt;Title&lt;/div&gt;</text>\n\t\t</textModule>\t\n\t\t<buttonModule id=\"PrevPage\" left=\"0\" top=\"90\" width=\"10\" height=\"10\" style=\"\">\n\t\t\t<button type=\"prevPage\" text=\"\"/>\n\t\t</buttonModule>\n\t\t<buttonModule id=\"NextPage\" left=\"90\" top=\"90\" width=\"10\" height=\"10\" style=\"\">\n\t\t\t<button type=\"nextPage\" text=\"\"/>\n\t\t</buttonModule>\n    </modules> \n</page>\n"
    }
  }, 
  {
    "pk": 141, 
    "model": "filestorage.filestorage", 
    "fields": {
      "modified_date": "2012-04-16 09:56:45", 
      "history_for": 137, 
      "version": 3, 
      "content_type": "text/xml", 
      "created_date": "2012-04-16 09:56:45", 
      "owner": 2, 
      "contents": "<?xml version=\"1.0\" encoding=\"utf-8\"?><interactiveContent>\n\n\t<style href=\"/media/content/styles/default/content.css\"/>\n\t\n\t<pages>\n    \t<page href=\"142\" name=\"page 1\"/> \n    </pages>\n</interactiveContent>"
    }
  }, 
  {
    "pk": 142, 
    "model": "filestorage.filestorage", 
    "fields": {
      "modified_date": "2012-04-16 09:56:45", 
      "history_for": null, 
      "version": null, 
      "content_type": "text/xml", 
      "created_date": "2012-04-16 09:56:45", 
      "owner": 2, 
      "contents": "<?xml version='1.0' encoding='UTF-8' ?> \n\n<page>\n\t<modules> \n\t\n\t\t<textModule id=\"Title\" left=\"5\" top=\"3\" width=\"90\" height=\"7\" style=\"\">\n\t\t\t<text>&lt;div style=&quot;text-align: center;&quot;&gt;Title&lt;/div&gt;</text>\n\t\t</textModule>\t\n\t\t<buttonModule id=\"PrevPage\" left=\"0\" top=\"90\" width=\"10\" height=\"10\" style=\"\">\n\t\t\t<button type=\"prevPage\" text=\"\"/>\n\t\t</buttonModule>\n\t\t<buttonModule id=\"NextPage\" left=\"90\" top=\"90\" width=\"10\" height=\"10\" style=\"\">\n\t\t\t<button type=\"nextPage\" text=\"\"/>\n\t\t</buttonModule>\n    </modules> \n</page>\n"
    }
  }, 
  {
    "pk": 143, 
    "model": "filestorage.filestorage", 
    "fields": {
      "modified_date": "2012-04-16 09:58:29", 
      "history_for": 137, 
      "version": 4, 
      "content_type": "text/xml", 
      "created_date": "2012-04-16 09:58:29", 
      "owner": 2, 
      "contents": "<?xml version=\"1.0\" encoding=\"utf-8\"?><interactiveContent>\n\n\t<style href=\"/media/content/styles/default/content.css\"/>\n\t\n\t<pages>\n    \t<page href=\"144\" name=\"page 1\"/> \n    </pages>\n</interactiveContent>"
    }
  }, 
  {
    "pk": 144, 
    "model": "filestorage.filestorage", 
    "fields": {
      "modified_date": "2012-04-16 09:58:29", 
      "history_for": null, 
      "version": null, 
      "content_type": "text/xml", 
      "created_date": "2012-04-16 09:58:29", 
      "owner": 2, 
      "contents": "<?xml version='1.0' encoding='UTF-8' ?> \n\n<page>\n\t<modules> \n\t\n\t\t<textModule id=\"Title\" left=\"5\" top=\"3\" width=\"90\" height=\"7\" style=\"\">\n\t\t\t<text>&lt;div style=&quot;text-align: center;&quot;&gt;Title&lt;/div&gt;</text>\n\t\t</textModule>\t\n\t\t<buttonModule id=\"PrevPage\" left=\"0\" top=\"90\" width=\"10\" height=\"10\" style=\"\">\n\t\t\t<button type=\"prevPage\" text=\"\"/>\n\t\t</buttonModule>\n\t\t<buttonModule id=\"NextPage\" left=\"90\" top=\"90\" width=\"10\" height=\"10\" style=\"\">\n\t\t\t<button type=\"nextPage\" text=\"\"/>\n\t\t</buttonModule>\n    </modules> \n</page>\n"
    }
  }, 
  {
    "pk": 145, 
    "model": "filestorage.filestorage", 
    "fields": {
      "modified_date": "2012-04-16 10:00:51", 
      "history_for": 137, 
      "version": 5, 
      "content_type": "text/xml", 
      "created_date": "2012-04-16 10:00:22", 
      "owner": 2, 
      "contents": "<?xml version=\"1.0\" encoding=\"utf-8\"?><interactiveContent><metadata/><addons><addon-descriptor addonId=\"test466\" href=\"/proxy/get?url=http://www.lorepo.com:8000/public/test466/getaddon\"/></addons><pages><page href=\"146\" name=\"page 1\" reportable=\"true\"/><header ref=\"commons/header\"/><footer ref=\"commons/footer\"/></pages><assets/></interactiveContent>"
    }
  }, 
  {
    "pk": 146, 
    "model": "filestorage.filestorage", 
    "fields": {
      "modified_date": "2012-04-16 10:02:28", 
      "history_for": null, 
      "version": null, 
      "content_type": "text/xml", 
      "created_date": "2012-04-16 10:00:22", 
      "owner": 2, 
      "contents": "<?xml version='1.0' encoding='UTF-8' ?><page layout='pixels' width='0' height='0'><modules><textModule id='Title' left='28' top='11' width='520' height='27'><text draggable='false'>&lt;div style=&quot;text-align: center;&quot;&gt;Title&lt;/div&gt;</text></textModule><buttonModule id='PrevPage' left='0' top='358' width='57' height='39'><button type='prevPage' text='' onclick=''/></buttonModule><buttonModule id='NextPage' left='520' top='358' width='57' height='39'><button type='nextPage' text='' onclick=''/></buttonModule><addonModule addonId='test466' id='test4661' left='108' top='114' width='100' height='100'><properties><property name='Text' type='string' value=''/></properties></addonModule><addonModule addonId='test466' id='test4662' left='351' top='115' width='100' height='100'><properties><property name='Text' type='string' value=''/></properties></addonModule></modules></page>"
    }
  }, 
  {
    "pk": 147, 
    "model": "filestorage.filestorage", 
    "fields": {
      "modified_date": "2012-04-16 10:06:22", 
      "history_for": 137, 
      "version": 6, 
      "content_type": "text/xml", 
      "created_date": "2012-04-16 10:06:22", 
      "owner": 2, 
      "contents": "<?xml version=\"1.0\" encoding=\"utf-8\"?><interactiveContent><metadata/><addons><addon-descriptor addonId=\"test466\" href=\"/proxy/get?url=http://www.lorepo.com:8000/public/test466/getaddon\"/></addons><pages><page href=\"148\" name=\"page 1\" reportable=\"true\"/><header ref=\"commons/header\"/><footer ref=\"commons/footer\"/></pages><assets/></interactiveContent>"
    }
  }, 
  {
    "pk": 148, 
    "model": "filestorage.filestorage", 
    "fields": {
      "modified_date": "2012-04-16 10:06:22", 
      "history_for": null, 
      "version": null, 
      "content_type": "text/xml", 
      "created_date": "2012-04-16 10:06:22", 
      "owner": 2, 
      "contents": "<?xml version='1.0' encoding='UTF-8' ?><page layout='pixels' width='0' height='0'><modules><textModule id='Title' left='28' top='11' width='520' height='27'><text draggable='false'>&lt;div style=&quot;text-align: center;&quot;&gt;Title&lt;/div&gt;</text></textModule><buttonModule id='PrevPage' left='0' top='358' width='57' height='39'><button type='prevPage' text='' onclick=''/></buttonModule><buttonModule id='NextPage' left='520' top='358' width='57' height='39'><button type='nextPage' text='' onclick=''/></buttonModule><addonModule addonId='test466' id='test4661' left='108' top='114' width='100' height='100'><properties><property name='Text' type='string' value=''/></properties></addonModule><addonModule addonId='test466' id='test4662' left='351' top='115' width='100' height='100'><properties><property name='Text' type='string' value=''/></properties></addonModule></modules></page>"
    }
  }, 
  {
    "pk": 149, 
    "model": "filestorage.filestorage", 
    "fields": {
      "modified_date": "2012-04-16 10:06:49", 
      "history_for": 137, 
      "version": 7, 
      "content_type": "text/xml", 
      "created_date": "2012-04-16 10:06:49", 
      "owner": 2, 
      "contents": "<?xml version=\"1.0\" encoding=\"utf-8\"?><interactiveContent><metadata/><addons><addon-descriptor addonId=\"test466\" href=\"/proxy/get?url=http://www.lorepo.com:8000/public/test466/getaddon\"/></addons><pages><page href=\"150\" name=\"page 1\" reportable=\"true\"/><header ref=\"commons/header\"/><footer ref=\"commons/footer\"/></pages><assets/></interactiveContent>"
    }
  }, 
  {
    "pk": 150, 
    "model": "filestorage.filestorage", 
    "fields": {
      "modified_date": "2012-04-16 10:06:49", 
      "history_for": null, 
      "version": null, 
      "content_type": "text/xml", 
      "created_date": "2012-04-16 10:06:49", 
      "owner": 2, 
      "contents": "<?xml version='1.0' encoding='UTF-8' ?><page layout='pixels' width='0' height='0'><modules><textModule id='Title' left='28' top='11' width='520' height='27'><text draggable='false'>&lt;div style=&quot;text-align: center;&quot;&gt;Title&lt;/div&gt;</text></textModule><buttonModule id='PrevPage' left='0' top='358' width='57' height='39'><button type='prevPage' text='' onclick=''/></buttonModule><buttonModule id='NextPage' left='520' top='358' width='57' height='39'><button type='nextPage' text='' onclick=''/></buttonModule><addonModule addonId='test466' id='test4661' left='108' top='114' width='100' height='100'><properties><property name='Text' type='string' value=''/></properties></addonModule><addonModule addonId='test466' id='test4662' left='351' top='115' width='100' height='100'><properties><property name='Text' type='string' value=''/></properties></addonModule></modules></page>"
    }
  }, 
  {
    "pk": 151, 
    "model": "filestorage.filestorage", 
    "fields": {
      "modified_date": "2012-04-16 10:07:03", 
      "history_for": 137, 
      "version": 8, 
      "content_type": "text/xml", 
      "created_date": "2012-04-16 10:07:03", 
      "owner": 2, 
      "contents": "<?xml version=\"1.0\" encoding=\"utf-8\"?><interactiveContent><metadata/><addons><addon-descriptor addonId=\"test466\" href=\"/proxy/get?url=http://www.lorepo.com:8000/public/test466/getaddon\"/></addons><pages><page href=\"152\" name=\"page 1\" reportable=\"true\"/><header ref=\"commons/header\"/><footer ref=\"commons/footer\"/></pages><assets/></interactiveContent>"
    }
  }, 
  {
    "pk": 152, 
    "model": "filestorage.filestorage", 
    "fields": {
      "modified_date": "2012-04-16 10:07:03", 
      "history_for": null, 
      "version": null, 
      "content_type": "text/xml", 
      "created_date": "2012-04-16 10:07:03", 
      "owner": 2, 
      "contents": "<?xml version='1.0' encoding='UTF-8' ?><page layout='pixels' width='0' height='0'><modules><textModule id='Title' left='28' top='11' width='520' height='27'><text draggable='false'>&lt;div style=&quot;text-align: center;&quot;&gt;Title&lt;/div&gt;</text></textModule><buttonModule id='PrevPage' left='0' top='358' width='57' height='39'><button type='prevPage' text='' onclick=''/></buttonModule><buttonModule id='NextPage' left='520' top='358' width='57' height='39'><button type='nextPage' text='' onclick=''/></buttonModule><addonModule addonId='test466' id='test4661' left='108' top='114' width='100' height='100'><properties><property name='Text' type='string' value=''/></properties></addonModule><addonModule addonId='test466' id='test4662' left='351' top='115' width='100' height='100'><properties><property name='Text' type='string' value=''/></properties></addonModule></modules></page>"
    }
  }, 
  {
    "pk": 153, 
    "model": "filestorage.filestorage", 
    "fields": {
      "modified_date": "2012-04-16 10:07:46", 
      "history_for": 137, 
      "version": 9, 
      "content_type": "text/xml", 
      "created_date": "2012-04-16 10:07:46", 
      "owner": 2, 
      "contents": "<?xml version=\"1.0\" encoding=\"utf-8\"?><interactiveContent><metadata/><addons><addon-descriptor addonId=\"test466\" href=\"/proxy/get?url=http://www.lorepo.com:8000/public/test466/getaddon\"/></addons><pages><page href=\"154\" name=\"page 1\" reportable=\"true\"/><header ref=\"commons/header\"/><footer ref=\"commons/footer\"/></pages><assets/></interactiveContent>"
    }
  }, 
  {
    "pk": 154, 
    "model": "filestorage.filestorage", 
    "fields": {
      "modified_date": "2012-04-16 10:07:46", 
      "history_for": null, 
      "version": null, 
      "content_type": "text/xml", 
      "created_date": "2012-04-16 10:07:46", 
      "owner": 2, 
      "contents": "<?xml version='1.0' encoding='UTF-8' ?><page layout='pixels' width='0' height='0'><modules><textModule id='Title' left='28' top='11' width='520' height='27'><text draggable='false'>&lt;div style=&quot;text-align: center;&quot;&gt;Title&lt;/div&gt;</text></textModule><buttonModule id='PrevPage' left='0' top='358' width='57' height='39'><button type='prevPage' text='' onclick=''/></buttonModule><buttonModule id='NextPage' left='520' top='358' width='57' height='39'><button type='nextPage' text='' onclick=''/></buttonModule><addonModule addonId='test466' id='test4661' left='108' top='114' width='100' height='100'><properties><property name='Text' type='string' value=''/></properties></addonModule><addonModule addonId='test466' id='test4662' left='351' top='115' width='100' height='100'><properties><property name='Text' type='string' value=''/></properties></addonModule></modules></page>"
    }
  }, 
  {
    "pk": 155, 
    "model": "filestorage.filestorage", 
    "fields": {
      "modified_date": "2012-04-16 10:09:08", 
      "history_for": 137, 
      "version": 10, 
      "content_type": "text/xml", 
      "created_date": "2012-04-16 10:09:08", 
      "owner": 2, 
      "contents": "<?xml version=\"1.0\" encoding=\"utf-8\"?><interactiveContent><metadata/><addons><addon-descriptor addonId=\"test466\" href=\"/proxy/get?url=http://www.lorepo.com:8000/public/test466/getaddon\"/></addons><pages><page href=\"156\" name=\"page 1\" reportable=\"true\"/><header ref=\"commons/header\"/><footer ref=\"commons/footer\"/></pages><assets/></interactiveContent>"
    }
  }, 
  {
    "pk": 156, 
    "model": "filestorage.filestorage", 
    "fields": {
      "modified_date": "2012-04-16 10:09:08", 
      "history_for": null, 
      "version": null, 
      "content_type": "text/xml", 
      "created_date": "2012-04-16 10:09:08", 
      "owner": 2, 
      "contents": "<?xml version='1.0' encoding='UTF-8' ?><page layout='pixels' width='0' height='0'><modules><textModule id='Title' left='28' top='11' width='520' height='27'><text draggable='false'>&lt;div style=&quot;text-align: center;&quot;&gt;Title&lt;/div&gt;</text></textModule><buttonModule id='PrevPage' left='0' top='358' width='57' height='39'><button type='prevPage' text='' onclick=''/></buttonModule><buttonModule id='NextPage' left='520' top='358' width='57' height='39'><button type='nextPage' text='' onclick=''/></buttonModule><addonModule addonId='test466' id='test4661' left='108' top='114' width='100' height='100'><properties><property name='Text' type='string' value=''/></properties></addonModule><addonModule addonId='test466' id='test4662' left='351' top='115' width='100' height='100'><properties><property name='Text' type='string' value=''/></properties></addonModule></modules></page>"
    }
  }, 
  {
    "pk": 157, 
    "model": "filestorage.filestorage", 
    "fields": {
      "modified_date": "2012-04-16 10:09:15", 
      "history_for": 137, 
      "version": 11, 
      "content_type": "text/xml", 
      "created_date": "2012-04-16 10:09:15", 
      "owner": 2, 
      "contents": "<?xml version=\"1.0\" encoding=\"utf-8\"?><interactiveContent><metadata/><addons><addon-descriptor addonId=\"test466\" href=\"/proxy/get?url=http://www.lorepo.com:8000/public/test466/getaddon\"/></addons><pages><page href=\"158\" name=\"page 1\" reportable=\"true\"/><header ref=\"commons/header\"/><footer ref=\"commons/footer\"/></pages><assets/></interactiveContent>"
    }
  }, 
  {
    "pk": 158, 
    "model": "filestorage.filestorage", 
    "fields": {
      "modified_date": "2012-04-16 10:09:15", 
      "history_for": null, 
      "version": null, 
      "content_type": "text/xml", 
      "created_date": "2012-04-16 10:09:15", 
      "owner": 2, 
      "contents": "<?xml version='1.0' encoding='UTF-8' ?><page layout='pixels' width='0' height='0'><modules><textModule id='Title' left='28' top='11' width='520' height='27'><text draggable='false'>&lt;div style=&quot;text-align: center;&quot;&gt;Title&lt;/div&gt;</text></textModule><buttonModule id='PrevPage' left='0' top='358' width='57' height='39'><button type='prevPage' text='' onclick=''/></buttonModule><buttonModule id='NextPage' left='520' top='358' width='57' height='39'><button type='nextPage' text='' onclick=''/></buttonModule><addonModule addonId='test466' id='test4661' left='108' top='114' width='100' height='100'><properties><property name='Text' type='string' value=''/></properties></addonModule><addonModule addonId='test466' id='test4662' left='351' top='115' width='100' height='100'><properties><property name='Text' type='string' value=''/></properties></addonModule></modules></page>"
    }
  }, 
  {
    "pk": 159, 
    "model": "filestorage.filestorage", 
    "fields": {
      "modified_date": "2012-04-16 13:16:40", 
      "history_for": 137, 
      "version": 12, 
      "content_type": "text/xml", 
      "created_date": "2012-04-16 13:16:40", 
      "owner": 2, 
      "contents": "<?xml version=\"1.0\" encoding=\"utf-8\"?><interactiveContent><metadata/><addons><addon-descriptor addonId=\"test466\" href=\"/proxy/get?url=http://www.lorepo.com:8000/public/test466/getaddon\"/></addons><pages><page href=\"160\" name=\"page 1\" reportable=\"true\"/><header ref=\"commons/header\"/><footer ref=\"commons/footer\"/></pages><assets/></interactiveContent>"
    }
  }, 
  {
    "pk": 160, 
    "model": "filestorage.filestorage", 
    "fields": {
      "modified_date": "2012-04-16 13:16:40", 
      "history_for": null, 
      "version": null, 
      "content_type": "text/xml", 
      "created_date": "2012-04-16 13:16:40", 
      "owner": 2, 
      "contents": "<?xml version='1.0' encoding='UTF-8' ?><page layout='pixels' width='0' height='0'><modules><textModule id='Title' left='28' top='11' width='520' height='27'><text draggable='false'>&lt;div style=&quot;text-align: center;&quot;&gt;Title&lt;/div&gt;</text></textModule><buttonModule id='PrevPage' left='0' top='358' width='57' height='39'><button type='prevPage' text='' onclick=''/></buttonModule><buttonModule id='NextPage' left='520' top='358' width='57' height='39'><button type='nextPage' text='' onclick=''/></buttonModule><addonModule addonId='test466' id='test4661' left='108' top='114' width='100' height='100'><properties><property name='Text' type='string' value=''/></properties></addonModule><addonModule addonId='test466' id='test4662' left='351' top='115' width='100' height='100'><properties><property name='Text' type='string' value=''/></properties></addonModule></modules></page>"
    }
  }, 
  {
    "pk": 161, 
    "model": "filestorage.filestorage", 
    "fields": {
      "modified_date": "2012-04-16 13:17:13", 
      "history_for": 137, 
      "version": 13, 
      "content_type": "text/xml", 
      "created_date": "2012-04-16 13:17:13", 
      "owner": 2, 
      "contents": "<?xml version=\"1.0\" encoding=\"utf-8\"?><interactiveContent><metadata/><addons><addon-descriptor addonId=\"test466\" href=\"/proxy/get?url=http://www.lorepo.com:8000/public/test466/getaddon\"/></addons><pages><page href=\"162\" name=\"page 1\" reportable=\"true\"/><header ref=\"commons/header\"/><footer ref=\"commons/footer\"/></pages><assets/></interactiveContent>"
    }
  }, 
  {
    "pk": 162, 
    "model": "filestorage.filestorage", 
    "fields": {
      "modified_date": "2012-04-16 13:17:13", 
      "history_for": null, 
      "version": null, 
      "content_type": "text/xml", 
      "created_date": "2012-04-16 13:17:13", 
      "owner": 2, 
      "contents": "<?xml version='1.0' encoding='UTF-8' ?><page layout='pixels' width='0' height='0'><modules><textModule id='Title' left='28' top='11' width='520' height='27'><text draggable='false'>&lt;div style=&quot;text-align: center;&quot;&gt;Title&lt;/div&gt;</text></textModule><buttonModule id='PrevPage' left='0' top='358' width='57' height='39'><button type='prevPage' text='' onclick=''/></buttonModule><buttonModule id='NextPage' left='520' top='358' width='57' height='39'><button type='nextPage' text='' onclick=''/></buttonModule><addonModule addonId='test466' id='test4661' left='108' top='114' width='100' height='100'><properties><property name='Text' type='string' value=''/></properties></addonModule><addonModule addonId='test466' id='test4662' left='351' top='115' width='100' height='100'><properties><property name='Text' type='string' value=''/></properties></addonModule></modules></page>"
    }
  }, 
  {
    "pk": 163, 
    "model": "filestorage.filestorage", 
    "fields": {
      "modified_date": "2012-04-16 13:32:42", 
      "history_for": null, 
      "version": null, 
      "content_type": "text/xml", 
      "created_date": "2012-04-16 13:32:21", 
      "owner": 2, 
      "contents": "<?xml version='1.0' encoding='UTF-8' ?><page layout='pixels' width='0' height='0'><modules><textModule id='Title' left='28' top='11' width='520' height='27'><text draggable='false'>&lt;div style=&quot;text-align: center;&quot;&gt;Title&lt;/div&gt;</text></textModule><buttonModule id='PrevPage' left='0' top='358' width='57' height='39'><button type='prevPage' text='' onclick=''/></buttonModule><buttonModule id='NextPage' left='520' top='358' width='57' height='39'><button type='nextPage' text='' onclick=''/></buttonModule><addonModule addonId='Magic_Boxes' id='Magic_Boxes1' left='171' top='100' width='100' height='100'><properties><property name='Grid' type='text'></property><property name='Answers' type='text'></property></properties></addonModule></modules></page>"
    }
  }, 
  {
    "pk": 164, 
    "model": "filestorage.filestorage", 
    "fields": {
      "modified_date": "2012-04-16 13:32:42", 
      "history_for": 165, 
      "version": 1, 
      "content_type": "text/xml", 
      "created_date": "2012-04-16 13:32:21", 
      "owner": 2, 
      "contents": "<?xml version=\"1.0\" encoding=\"utf-8\"?><interactiveContent><metadata/><addons><addon-descriptor addonId=\"Magic_Boxes\" href=\"/proxy/get?url=http://www.lorepo.com/public/Magic_Boxes/getaddon\"/></addons><pages><page href=\"163\" name=\"page 1\" reportable=\"true\"/><header ref=\"commons/header\"/><footer ref=\"commons/footer\"/></pages><assets/></interactiveContent>"
    }
  }, 
  {
    "pk": 167, 
    "model": "filestorage.filestorage", 
    "fields": {
      "modified_date": "2012-04-16 13:34:30", 
      "history_for": 165, 
      "version": 2, 
      "content_type": "text/xml", 
      "created_date": "2012-04-16 13:34:02", 
      "owner": 2, 
      "contents": "<?xml version=\"1.0\" encoding=\"utf-8\"?><interactiveContent><metadata/><addons><addon-descriptor addonId=\"Magic_Boxes\" href=\"/proxy/get?url=http://www.lorepo.com/public/Magic_Boxes/getaddon\"/><addon-descriptor addonId=\"Puzzle\" href=\"/proxy/get?url=http://www.lorepo.com/public/Puzzle/getaddon\"/><addon-descriptor addonId=\"TrueFalse\" href=\"/proxy/get?url=http://www.lorepo.com/public/TrueFalse/getaddon\"/></addons><pages><page href=\"168\" name=\"page 1\" reportable=\"true\"/><header ref=\"commons/header\"/><footer ref=\"commons/footer\"/></pages><assets/></interactiveContent>"
    }
  }, 
  {
    "pk": 168, 
    "model": "filestorage.filestorage", 
    "fields": {
      "modified_date": "2012-04-16 13:34:37", 
      "history_for": null, 
      "version": null, 
      "content_type": "text/xml", 
      "created_date": "2012-04-16 13:34:02", 
      "owner": 2, 
      "contents": "<?xml version='1.0' encoding='UTF-8' ?><page layout='pixels' width='0' height='0'><modules><textModule id='Title' left='28' top='11' width='520' height='27'><text draggable='false'>&lt;div style=&quot;text-align: center;&quot;&gt;Title&lt;/div&gt;</text></textModule><buttonModule id='PrevPage' left='0' top='358' width='57' height='39'><button type='prevPage' text='' onclick=''/></buttonModule><buttonModule id='NextPage' left='520' top='358' width='57' height='39'><button type='nextPage' text='' onclick=''/></buttonModule><addonModule addonId='Magic_Boxes' id='Magic_Boxes1' left='171' top='100' width='100' height='100'><properties><property name='Grid' type='text'></property><property name='Answers' type='text'></property></properties></addonModule><addonModule addonId='Puzzle' id='Puzzle1' left='33' top='145' width='100' height='100'><properties><property name='Columns' type='string' value=''/><property name='Rows' type='string' value=''/><property name='Image' type='image' value=''/></properties></addonModule><addonModule addonId='TrueFalse' id='TrueFalse1' left='353' top='134' width='100' height='100'><properties><property name='Multi' type='boolean' value=''/><property name='Questions' type='list'><template><property name='Question' type='string' value=''/><property name='Answer' type='string' value=''/></template><items><item><property name='Question' type='string' value=''/><property name='Answer' type='string' value=''/></item></items></property><property name='Choices' type='list'><template><property name='Choice' type='string' value=''/></template><items><item><property name='Choice' type='string' value=''/></item></items></property></properties></addonModule></modules></page>"
    }
  }, 
  {
    "pk": 169, 
    "model": "filestorage.filestorage", 
    "fields": {
      "modified_date": "2012-04-16 13:34:37", 
      "history_for": 165, 
      "version": 3, 
      "content_type": "text/xml", 
      "created_date": "2012-04-16 13:34:37", 
      "owner": 2, 
      "contents": "<?xml version=\"1.0\" encoding=\"utf-8\"?><interactiveContent><metadata/><addons><addon-descriptor addonId=\"Magic_Boxes\" href=\"/proxy/get?url=http://www.lorepo.com/public/Magic_Boxes/getaddon\"/><addon-descriptor addonId=\"Puzzle\" href=\"/proxy/get?url=http://www.lorepo.com/public/Puzzle/getaddon\"/><addon-descriptor addonId=\"TrueFalse\" href=\"/proxy/get?url=http://www.lorepo.com/public/TrueFalse/getaddon\"/></addons><pages><page href=\"170\" name=\"page 1\" reportable=\"true\"/><header ref=\"commons/header\"/><footer ref=\"commons/footer\"/></pages><assets/></interactiveContent>"
    }
  }, 
  {
    "pk": 170, 
    "model": "filestorage.filestorage", 
    "fields": {
      "modified_date": "2012-04-16 13:34:37", 
      "history_for": null, 
      "version": null, 
      "content_type": "text/xml", 
      "created_date": "2012-04-16 13:34:37", 
      "owner": 2, 
      "contents": "<?xml version='1.0' encoding='UTF-8' ?><page layout='pixels' width='0' height='0'><modules><textModule id='Title' left='28' top='11' width='520' height='27'><text draggable='false'>&lt;div style=&quot;text-align: center;&quot;&gt;Title&lt;/div&gt;</text></textModule><buttonModule id='PrevPage' left='0' top='358' width='57' height='39'><button type='prevPage' text='' onclick=''/></buttonModule><buttonModule id='NextPage' left='520' top='358' width='57' height='39'><button type='nextPage' text='' onclick=''/></buttonModule><addonModule addonId='Magic_Boxes' id='Magic_Boxes1' left='171' top='100' width='100' height='100'><properties><property name='Grid' type='text'></property><property name='Answers' type='text'></property></properties></addonModule></modules></page>"
    }
  }, 
  {
    "pk": 171, 
    "model": "filestorage.filestorage", 
    "fields": {
      "modified_date": "2012-04-16 13:34:51", 
      "history_for": 165, 
      "version": 4, 
      "content_type": "text/xml", 
      "created_date": "2012-04-16 13:34:51", 
      "owner": 2, 
      "contents": "<?xml version=\"1.0\" encoding=\"utf-8\"?><interactiveContent><metadata/><addons><addon-descriptor addonId=\"Magic_Boxes\" href=\"/proxy/get?url=http://www.lorepo.com/public/Magic_Boxes/getaddon\"/><addon-descriptor addonId=\"Puzzle\" href=\"/proxy/get?url=http://www.lorepo.com/public/Puzzle/getaddon\"/><addon-descriptor addonId=\"TrueFalse\" href=\"/proxy/get?url=http://www.lorepo.com/public/TrueFalse/getaddon\"/></addons><pages><page href=\"172\" name=\"page 1\" reportable=\"true\"/><header ref=\"commons/header\"/><footer ref=\"commons/footer\"/></pages><assets/></interactiveContent>"
    }
  }, 
  {
    "pk": 172, 
    "model": "filestorage.filestorage", 
    "fields": {
      "modified_date": "2012-04-16 13:34:51", 
      "history_for": null, 
      "version": null, 
      "content_type": "text/xml", 
      "created_date": "2012-04-16 13:34:51", 
      "owner": 2, 
      "contents": "<?xml version='1.0' encoding='UTF-8' ?><page layout='pixels' width='0' height='0'><modules><textModule id='Title' left='28' top='11' width='520' height='27'><text draggable='false'>&lt;div style=&quot;text-align: center;&quot;&gt;Title&lt;/div&gt;</text></textModule><buttonModule id='PrevPage' left='0' top='358' width='57' height='39'><button type='prevPage' text='' onclick=''/></buttonModule><buttonModule id='NextPage' left='520' top='358' width='57' height='39'><button type='nextPage' text='' onclick=''/></buttonModule><addonModule addonId='Magic_Boxes' id='Magic_Boxes1' left='171' top='100' width='100' height='100'><properties><property name='Grid' type='text'></property><property name='Answers' type='text'></property></properties></addonModule></modules></page>"
    }
  }, 
  {
    "pk": 173, 
    "model": "filestorage.filestorage", 
    "fields": {
      "modified_date": "2012-04-16 13:34:58", 
      "history_for": 165, 
      "version": 5, 
      "content_type": "text/xml", 
      "created_date": "2012-04-16 13:34:58", 
      "owner": 2, 
      "contents": "<?xml version=\"1.0\" encoding=\"utf-8\"?><interactiveContent><metadata/><addons><addon-descriptor addonId=\"Magic_Boxes\" href=\"/proxy/get?url=http://www.lorepo.com/public/Magic_Boxes/getaddon\"/><addon-descriptor addonId=\"Puzzle\" href=\"/proxy/get?url=http://www.lorepo.com/public/Puzzle/getaddon\"/><addon-descriptor addonId=\"TrueFalse\" href=\"/proxy/get?url=http://www.lorepo.com/public/TrueFalse/getaddon\"/></addons><pages><page href=\"174\" name=\"page 1\" reportable=\"true\"/><header ref=\"commons/header\"/><footer ref=\"commons/footer\"/></pages><assets/></interactiveContent>"
    }
  }, 
  {
    "pk": 174, 
    "model": "filestorage.filestorage", 
    "fields": {
      "modified_date": "2012-04-16 13:34:58", 
      "history_for": null, 
      "version": null, 
      "content_type": "text/xml", 
      "created_date": "2012-04-16 13:34:58", 
      "owner": 2, 
      "contents": "<?xml version='1.0' encoding='UTF-8' ?><page layout='pixels' width='0' height='0'><modules><textModule id='Title' left='28' top='11' width='520' height='27'><text draggable='false'>&lt;div style=&quot;text-align: center;&quot;&gt;Title&lt;/div&gt;</text></textModule><buttonModule id='PrevPage' left='0' top='358' width='57' height='39'><button type='prevPage' text='' onclick=''/></buttonModule><buttonModule id='NextPage' left='520' top='358' width='57' height='39'><button type='nextPage' text='' onclick=''/></buttonModule><addonModule addonId='Magic_Boxes' id='Magic_Boxes1' left='171' top='100' width='100' height='100'><properties><property name='Grid' type='text'></property><property name='Answers' type='text'></property></properties></addonModule></modules></page>"
    }
  }, 
  {
    "pk": 175, 
    "model": "filestorage.filestorage", 
    "fields": {
      "modified_date": "2012-04-16 13:35:31", 
      "history_for": 165, 
      "version": 6, 
      "content_type": "text/xml", 
      "created_date": "2012-04-16 13:35:31", 
      "owner": 2, 
      "contents": "<?xml version=\"1.0\" encoding=\"utf-8\"?><interactiveContent><metadata/><addons><addon-descriptor addonId=\"Magic_Boxes\" href=\"/proxy/get?url=http://www.lorepo.com/public/Magic_Boxes/getaddon\"/><addon-descriptor addonId=\"Puzzle\" href=\"/proxy/get?url=http://www.lorepo.com/public/Puzzle/getaddon\"/><addon-descriptor addonId=\"TrueFalse\" href=\"/proxy/get?url=http://www.lorepo.com/public/TrueFalse/getaddon\"/></addons><pages><page href=\"176\" name=\"page 1\" reportable=\"true\"/><header ref=\"commons/header\"/><footer ref=\"commons/footer\"/></pages><assets/></interactiveContent>"
    }
  }, 
  {
    "pk": 176, 
    "model": "filestorage.filestorage", 
    "fields": {
      "modified_date": "2012-04-16 13:35:31", 
      "history_for": null, 
      "version": null, 
      "content_type": "text/xml", 
      "created_date": "2012-04-16 13:35:31", 
      "owner": 2, 
      "contents": "<?xml version='1.0' encoding='UTF-8' ?><page layout='pixels' width='0' height='0'><modules><textModule id='Title' left='28' top='11' width='520' height='27'><text draggable='false'>&lt;div style=&quot;text-align: center;&quot;&gt;Title&lt;/div&gt;</text></textModule><buttonModule id='PrevPage' left='0' top='358' width='57' height='39'><button type='prevPage' text='' onclick=''/></buttonModule><buttonModule id='NextPage' left='520' top='358' width='57' height='39'><button type='nextPage' text='' onclick=''/></buttonModule><addonModule addonId='Magic_Boxes' id='Magic_Boxes1' left='171' top='100' width='100' height='100'><properties><property name='Grid' type='text'></property><property name='Answers' type='text'></property></properties></addonModule></modules></page>"
    }
  }, 
  {
    "pk": 177, 
    "model": "filestorage.filestorage", 
    "fields": {
      "modified_date": "2012-04-16 13:35:37", 
      "history_for": 165, 
      "version": 7, 
      "content_type": "text/xml", 
      "created_date": "2012-04-16 13:35:37", 
      "owner": 2, 
      "contents": "<?xml version=\"1.0\" encoding=\"utf-8\"?><interactiveContent><metadata/><addons><addon-descriptor addonId=\"Magic_Boxes\" href=\"/proxy/get?url=http://www.lorepo.com/public/Magic_Boxes/getaddon\"/><addon-descriptor addonId=\"Puzzle\" href=\"/proxy/get?url=http://www.lorepo.com/public/Puzzle/getaddon\"/><addon-descriptor addonId=\"TrueFalse\" href=\"/proxy/get?url=http://www.lorepo.com/public/TrueFalse/getaddon\"/></addons><pages><page href=\"178\" name=\"page 1\" reportable=\"true\"/><header ref=\"commons/header\"/><footer ref=\"commons/footer\"/></pages><assets/></interactiveContent>"
    }
  }, 
  {
    "pk": 178, 
    "model": "filestorage.filestorage", 
    "fields": {
      "modified_date": "2012-04-16 13:35:37", 
      "history_for": null, 
      "version": null, 
      "content_type": "text/xml", 
      "created_date": "2012-04-16 13:35:37", 
      "owner": 2, 
      "contents": "<?xml version='1.0' encoding='UTF-8' ?><page layout='pixels' width='0' height='0'><modules><textModule id='Title' left='28' top='11' width='520' height='27'><text draggable='false'>&lt;div style=&quot;text-align: center;&quot;&gt;Title&lt;/div&gt;</text></textModule><buttonModule id='PrevPage' left='0' top='358' width='57' height='39'><button type='prevPage' text='' onclick=''/></buttonModule><buttonModule id='NextPage' left='520' top='358' width='57' height='39'><button type='nextPage' text='' onclick=''/></buttonModule><addonModule addonId='Magic_Boxes' id='Magic_Boxes1' left='171' top='100' width='100' height='100'><properties><property name='Grid' type='text'></property><property name='Answers' type='text'></property></properties></addonModule></modules></page>"
    }
  }, 
  {
    "pk": 179, 
    "model": "filestorage.filestorage", 
    "fields": {
      "modified_date": "2012-04-16 13:35:42", 
      "history_for": 165, 
      "version": 8, 
      "content_type": "text/xml", 
      "created_date": "2012-04-16 13:35:42", 
      "owner": 2, 
      "contents": "<?xml version=\"1.0\" encoding=\"utf-8\"?><interactiveContent><metadata/><addons><addon-descriptor addonId=\"Magic_Boxes\" href=\"/proxy/get?url=http://www.lorepo.com/public/Magic_Boxes/getaddon\"/><addon-descriptor addonId=\"Puzzle\" href=\"/proxy/get?url=http://www.lorepo.com/public/Puzzle/getaddon\"/><addon-descriptor addonId=\"TrueFalse\" href=\"/proxy/get?url=http://www.lorepo.com/public/TrueFalse/getaddon\"/></addons><pages><page href=\"180\" name=\"page 1\" reportable=\"true\"/><header ref=\"commons/header\"/><footer ref=\"commons/footer\"/></pages><assets><asset href=\"/file/serve/189\" title=\"\" type=\"video\"/></assets></interactiveContent>"
    }
  }, 
  {
    "pk": 180, 
    "model": "filestorage.filestorage", 
    "fields": {
      "modified_date": "2012-04-16 13:35:42", 
      "history_for": null, 
      "version": null, 
      "content_type": "text/xml", 
      "created_date": "2012-04-16 13:35:42", 
      "owner": 2, 
      "contents": "<?xml version='1.0' encoding='UTF-8' ?><page layout='pixels' width='0' height='0'><modules><textModule id='Title' left='28' top='11' width='520' height='27'><text draggable='false'>&lt;div style=&quot;text-align: center;&quot;&gt;Title&lt;/div&gt;</text></textModule><buttonModule id='PrevPage' left='0' top='358' width='57' height='39'><button type='prevPage' text='' onclick=''/></buttonModule><buttonModule id='NextPage' left='520' top='358' width='57' height='39'><button type='nextPage' text='' onclick=''/></buttonModule><addonModule addonId='Magic_Boxes' id='Magic_Boxes1' left='171' top='100' width='100' height='100'><properties><property name='Grid' type='text'></property><property name='Answers' type='text'></property></properties></addonModule></modules></page>"
    }
  }, 
  {
    "pk": 186, 
    "model": "filestorage.filestorage", 
    "fields": {
      "modified_date": "2012-04-17 12:58:23", 
      "history_for": 57, 
      "version": 3, 
      "content_type": "text/xml", 
      "created_date": "2012-04-17 12:58:23", 
      "owner": 1, 
      "contents": "<?xml version=\"1.0\" encoding=\"utf-8\"?><interactiveContent><metadata/><addons><addon-descriptor addonId=\"test\" href=\"/proxy/get?url=http://www.lorepo.com/mycontent/test/getaddon\"/></addons><pages><page href=\"187\" name=\"page 1\" reportable=\"true\"/><header ref=\"commons/header\"/><footer ref=\"commons/footer\"/></pages><assets/></interactiveContent>"
    }
  }, 
  {
    "pk": 187, 
    "model": "filestorage.filestorage", 
    "fields": {
      "modified_date": "2012-04-17 12:58:44", 
      "history_for": null, 
      "version": null, 
      "content_type": "text/xml", 
      "created_date": "2012-04-17 12:58:23", 
      "owner": 1, 
      "contents": "<?xml version='1.0' encoding='UTF-8' ?><page layout='pixels' width='0' height='0'><modules><textModule id='Title' left='28' top='11' width='520' height='27'><text draggable='false'>&lt;div style=&quot;text-align: center;&quot;&gt;Title&lt;/div&gt;</text></textModule><buttonModule id='PrevPage' left='0' top='358' width='57' height='39'><button type='prevPage' text='' onclick=''/></buttonModule><buttonModule id='NextPage' left='520' top='358' width='57' height='39'><button type='nextPage' text='' onclick=''/></buttonModule><addonModule addonId='test' id='test1' left='174' top='82' width='100' height='100'><properties><property name='Text' type='string' value=''/><property name='IntroText' type='intro' value=''/><property name='TestDropDown' type='{option A, option B, option C}' value='option C'/></properties></addonModule></modules></page>"
    }
  }, 
  {
    "pk": 63, 
    "model": "filestorage.uploadedfile", 
    "fields": {
      "owner": null, 
      "content_type": "image/x-png", 
      "file": "9UZx7qgK2chiQyPhaTRifw=="
    }
  }, 
  {
    "pk": 64, 
    "model": "filestorage.uploadedfile", 
    "fields": {
      "owner": null, 
      "content_type": "image/jpeg", 
      "file": "ZzBtQtKQ-zK6iW1ANamr1w=="
    }
  }, 
  {
    "pk": 65, 
    "model": "filestorage.uploadedfile", 
    "fields": {
      "owner": null, 
      "content_type": "image/jpeg", 
      "file": "0Ipx752Tj4FgY9OdcZgfDQ=="
    }
  }, 
  {
    "pk": 66, 
    "model": "filestorage.uploadedfile", 
    "fields": {
      "owner": null, 
      "content_type": "audio/x-mpg", 
      "file": "6lVzYF36CSrK817SJM-veQ=="
    }
  }, 
  {
    "pk": 75, 
    "model": "filestorage.uploadedfile", 
    "fields": {
      "owner": null, 
      "content_type": "image/jpeg", 
      "file": "gt6vaoZrVHvPoGK5TvoOzg=="
    }
  }, 
  {
    "pk": 83, 
    "model": "filestorage.uploadedfile", 
    "fields": {
      "owner": null, 
      "content_type": "image/jpeg", 
      "file": "wAMEPyeWpkBIg5bRzQJgWQ=="
    }
  }, 
  {
    "pk": 89, 
    "model": "filestorage.uploadedfile", 
    "fields": {
      "owner": null, 
      "content_type": "application/zip", 
      "file": "HY-Dqg-HC4EsUwvs-f5QbA=="
    }
  }, 
  {
    "pk": 93, 
    "model": "filestorage.uploadedfile", 
    "fields": {
      "owner": null, 
      "content_type": "application/zip", 
      "file": "n15OO-HSJQBsmPglO4F8hA=="
    }
  }, 
  {
    "pk": 110, 
    "model": "filestorage.uploadedfile", 
    "fields": {
      "owner": null, 
      "content_type": "image/x-png", 
      "file": "bEV0f0oodXimJdaknU9LVg=="
    }
  }, 
  {
    "pk": 111, 
    "model": "filestorage.uploadedfile", 
    "fields": {
      "owner": null, 
      "content_type": "image/x-png", 
      "file": "Xt6MGLA87SWoPw_LZqgAbg=="
    }
  }, 
  {
    "pk": 112, 
    "model": "filestorage.uploadedfile", 
    "fields": {
      "owner": null, 
      "content_type": "image/x-png", 
      "file": "NZw_bHvvOa-L2sCHRvH0Pg=="
    }
  }, 
  {
    "pk": 113, 
    "model": "filestorage.uploadedfile", 
    "fields": {
      "owner": null, 
      "content_type": "image/x-png", 
      "file": "4WqAGF6OmmB5uO3mD-kN3A=="
    }
  }, 
  {
    "pk": 114, 
    "model": "filestorage.uploadedfile", 
    "fields": {
      "owner": null, 
      "content_type": "image/x-png", 
      "file": "kIi31huzx23_ELxbUr-Jow=="
    }
  }, 
  {
    "pk": 115, 
    "model": "filestorage.uploadedfile", 
    "fields": {
      "owner": null, 
      "content_type": "image/x-png", 
      "file": "7_tBJJGZMKQDwRjvHJOG8g=="
    }
  }, 
  {
    "pk": 116, 
    "model": "filestorage.uploadedfile", 
    "fields": {
      "owner": null, 
      "content_type": "image/x-png", 
      "file": "uM94nwT5TgstOYnFukOS4w=="
    }
  }, 
  {
    "pk": 117, 
    "model": "filestorage.uploadedfile", 
    "fields": {
      "owner": null, 
      "content_type": "image/x-png", 
      "file": "6oHTAVaPPy346fFKyZS2JA=="
    }
  }, 
  {
    "pk": 118, 
    "model": "filestorage.uploadedfile", 
    "fields": {
      "owner": null, 
      "content_type": "image/x-png", 
      "file": "VWc_0CQ0b68aQK8OgL26jw=="
    }
  }, 
  {
    "pk": 119, 
    "model": "filestorage.uploadedfile", 
    "fields": {
      "owner": null, 
      "content_type": "image/x-png", 
      "file": "PYkwXAUy5R_rK88c6la5ug=="
    }
  }, 
  {
    "pk": 120, 
    "model": "filestorage.uploadedfile", 
    "fields": {
      "owner": null, 
      "content_type": "image/x-png", 
      "file": "XDUoCtrOI6xvy2bBXkZlww=="
    }
  }, 
  {
    "pk": 121, 
    "model": "filestorage.uploadedfile", 
    "fields": {
      "owner": null, 
      "content_type": "image/x-png", 
      "file": "hHiCX3rVXL4kMg9Tu1Eolg=="
    }
  }, 
  {
    "pk": 122, 
    "model": "filestorage.uploadedfile", 
    "fields": {
      "owner": null, 
      "content_type": "image/x-png", 
      "file": "VKPWrLhvoCdG4_TzCPe58w=="
    }
  }, 
  {
    "pk": 123, 
    "model": "filestorage.uploadedfile", 
    "fields": {
      "owner": null, 
      "content_type": "image/x-png", 
      "file": "Pj2HMcFA7ZmpO8KUzWQ7OA=="
    }
  }, 
  {
    "pk": 124, 
    "model": "filestorage.uploadedfile", 
    "fields": {
      "owner": null, 
      "content_type": "image/x-png", 
      "file": "WVbhBm6s_pMjfg8t594Txw=="
    }
  }, 
  {
    "pk": 125, 
    "model": "filestorage.uploadedfile", 
    "fields": {
      "owner": null, 
      "content_type": "image/x-png", 
      "file": "jTjwDTaBY0GPF7DsBb1VlQ=="
    }
  }, 
  {
    "pk": 126, 
    "model": "filestorage.uploadedfile", 
    "fields": {
      "owner": null, 
      "content_type": "image/x-png", 
      "file": "2EegvLnuax8_Il13X-Z2Jw=="
    }
  }, 
  {
    "pk": 127, 
    "model": "filestorage.uploadedfile", 
    "fields": {
      "owner": null, 
      "content_type": "image/jpeg", 
      "file": "kve6xJF7NzTKD_i8D8TgAQ=="
    }
  }, 
  {
    "pk": 132, 
    "model": "filestorage.uploadedfile", 
    "fields": {
      "owner": null, 
      "content_type": "application/zip", 
      "file": "aI4r1XRFn_r6mVRd0LyWvA=="
    }
  }, 
  {
    "pk": 133, 
    "model": "filestorage.uploadedfile", 
    "fields": {
      "owner": null, 
      "content_type": "application/zip", 
      "file": "6hTQGBDMkyusqzHR4Cwrbg=="
    }
  }, 
  {
    "pk": 134, 
    "model": "filestorage.uploadedfile", 
    "fields": {
      "owner": null, 
      "content_type": "application/zip", 
      "file": "24p2c97Mgud0WwI00kzQcA=="
    }
  }, 
  {
    "pk": 181, 
    "model": "filestorage.uploadedfile", 
    "fields": {
      "owner": null, 
      "content_type": "application/zip", 
      "file": "bDLaI3byrPZNdjZDkdI3VA=="
    }
  }, 
  {
    "pk": 182, 
    "model": "filestorage.uploadedfile", 
    "fields": {
      "owner": null, 
      "content_type": "application/zip", 
      "file": "U7toqgD8bRIci-jalyMRyA=="
    }
  }, 
  {
    "pk": 184, 
    "model": "filestorage.uploadedfile", 
    "fields": {
      "owner": null, 
      "content_type": "application/zip", 
      "file": "Fs_nn-PbJfjrQ8kxXoCn_g=="
    }
  }, 
  {
    "pk": 189, 
    "model": "filestorage.uploadedfile", 
    "fields": {
      "owner": 2, 
      "content_type": "video/mp4", 
      "file": "EKKn_7Ra1Wt5KNzqCUBNGg==/uploads/2012/04/18/15/37/32/558016 (1).mp4"
    }
  }, 
  {
    "pk": 49, 
    "model": "wiki.wikipage", 
    "fields": {
      "modified_date": "2012-04-02 10:47:14", 
      "is_toc": false, 
      "author": 2, 
      "url": "Documentation", 
      "text": "Test", 
      "title": "Documentation"
    }
  }, 
  {
    "pk": 50, 
    "model": "wiki.wikipage", 
    "fields": {
      "modified_date": "2012-04-02 10:50:32", 
      "is_toc": false, 
      "author": 2, 
      "url": "ASDFQWER", 
      "text": "ASD", 
      "title": "ASDFQWER"
    }
  }, 
  {
    "pk": 51, 
    "model": "wiki.wikipage", 
    "fields": {
      "modified_date": "2012-04-02 12:53:03", 
      "is_toc": false, 
      "author": 2, 
      "url": "Documentation234", 
      "text": "Test **ASD**", 
      "title": "Documentation234"
    }
  }, 
  {
    "pk": 17, 
    "model": "corporate.corporatepublicspace", 
    "fields": {
      "public_category": 15, 
      "company": 14
    }
  }, 
  {
    "pk": 318, 
    "model": "states.state", 
    "fields": {
      "percentage": 5, 
      "name": "Backlog", 
      "rank": 0
    }
  }, 
  {
    "pk": 320, 
    "model": "states.state", 
    "fields": {
      "percentage": 20, 
      "name": "Todo", 
      "rank": 1
    }
  }, 
  {
    "pk": 322, 
    "model": "states.state", 
    "fields": {
      "percentage": 16, 
      "name": "In development", 
      "rank": 2
    }
  }, 
  {
    "pk": 324, 
    "model": "states.state", 
    "fields": {
      "percentage": 59, 
      "name": "Ready for deployment", 
      "rank": 3
    }
  }, 
  {
    "pk": 317, 
    "model": "states.statesset", 
    "fields": {
      "company": 14, 
      "name": "Assembla",
      "modified_date": "2012-04-02 12:53:03",
      "created_date": "2012-04-02 12:53:03"
    }
  }, 
  {
    "pk": 319, 
    "model": "states.statetoset", 
    "fields": {
      "state": 318, 
      "states_set": 317
    }
  }, 
  {
    "pk": 321, 
    "model": "states.statetoset", 
    "fields": {
      "state": 320, 
      "states_set": 317
    }
  }, 
  {
    "pk": 323, 
    "model": "states.statetoset", 
    "fields": {
      "state": 322, 
      "states_set": 317
    }
  }, 
  {
    "pk": 325, 
    "model": "states.statetoset", 
    "fields": {
      "state": 324, 
      "states_set": 317
    }
  }
]