<!DOCTYPE ui:UiBinder SYSTEM "http://dl.google.com/gwt/DTD/xhtml.ent">
<ui:UiBinder xmlns:ui="urn:ui:com.google.gwt.uibinder"
	xmlns:g="urn:import:com.google.gwt.user.client.ui">
	<ui:style>
	
	</ui:style>
	<g:HTMLPanel ui:field="panel" styleName="mainPage left">
		<div class="mainPageHeader">
			<h3></h3>
			<a class="mainPageCloseBtn closeWidgetLocker"></a>
		</div>

		<div class="contents scrollable">
			<g:HTMLPanel ui:field="tab" styleName="tabContents"></g:HTMLPanel>
		</div>
		
		<div class="selectTemplateControls">
			<div class="selectButton">
				<a class="button" ui:field="select" disabled="disabled"></a>
			</div>
		</div>
	</g:HTMLPanel>
</ui:UiBinder> 